index_code,index,date,open,high,low,close,volume
sh000012,0,2003-01-02,100.0,100.0,99.79,99.79,1215200
sh000012,1,2003-01-03,99.88,99.88,99.88,99.88,1420800
sh000012,2,2003-01-06,99.93,99.93,99.93,99.93,731100
sh000012,3,2003-01-07,99.97,99.97,99.97,99.97,1262000
sh000012,4,2003-01-08,99.95,99.95,99.95,99.95,1124900
sh000012,5,2003-01-09,99.99,99.99,99.99,99.99,1701700
sh000012,6,2003-01-10,100.15,100.15,100.15,100.15,2890600
sh000012,7,2003-01-13,100.21,100.21,100.21,100.21,2038800
sh000012,8,2003-01-14,100.18,100.18,100.18,100.18,2837100
sh000012,9,2003-01-15,100.21,100.21,100.21,100.21,1621700
sh000012,10,2003-01-16,100.3,100.3,100.3,100.3,2380200
sh000012,11,2003-01-17,100.3,100.3,100.3,100.3,1385800
sh000012,12,2003-01-20,100.36,100.36,100.36,100.36,1482700
sh000012,13,2003-01-21,100.4,100.4,100.4,100.4,1562400
sh000012,14,2003-01-22,100.4,100.4,100.4,100.4,1333900
sh000012,15,2003-01-23,100.43,100.43,100.43,100.43,1973500
sh000012,16,2003-01-24,100.5,100.5,100.5,100.5,1783200
sh000012,17,2003-01-27,100.52,100.52,100.52,100.52,1960800
sh000012,18,2003-01-28,100.51,100.51,100.51,100.51,1864100
sh000012,19,2003-01-29,100.62,100.62,100.62,100.62,3104500
sh000012,20,2003-02-10,100.64,100.64,100.64,100.64,1736500
sh000012,21,2003-02-11,100.64,100.64,100.64,100.64,1990700
sh000012,22,2003-02-12,100.67,100.67,100.67,100.67,2177500
sh000012,23,2003-02-13,100.65,100.65,100.65,100.65,1907300
sh000012,24,2003-02-14,100.68,100.68,100.68,100.68,2955700
sh000012,25,2003-02-17,100.66,100.66,100.66,100.66,3210100
sh000012,26,2003-02-18,100.65,100.65,100.65,100.65,1389300
sh000012,27,2003-02-19,100.6,100.6,100.6,100.6,1855700
sh000012,28,2003-02-20,100.58,100.58,100.58,100.58,2075900
sh000012,29,2003-02-21,100.64,100.64,100.64,100.64,1830900
sh000012,30,2003-02-24,100.67,100.68,100.64,100.67,1612000
sh000012,31,2003-02-25,100.67,100.7,100.66,100.68,1282100
sh000012,32,2003-02-26,100.7,100.7,100.65,100.67,5170000
sh000012,33,2003-02-27,100.68,100.71,100.67,100.7,2273000
sh000012,34,2003-02-28,100.72,100.74,100.71,100.74,2708100
sh000012,35,2003-03-03,100.76,100.77,100.73,100.74,1354000
sh000012,36,2003-03-04,100.75,100.77,100.72,100.76,1743600
sh000012,37,2003-03-05,100.77,100.8,100.76,100.79,2289900
sh000012,38,2003-03-06,100.8,100.82,100.79,100.8,2147500
sh000012,39,2003-03-07,100.81,100.85,100.8,100.84,4737400
sh000012,40,2003-03-10,100.87,100.88,100.85,100.88,2845800
sh000012,41,2003-03-11,100.89,100.89,100.85,100.86,2683200
sh000012,42,2003-03-12,100.87,100.9,100.86,100.9,2096800
sh000012,43,2003-03-13,100.9,100.91,100.9,100.91,2487200
sh000012,44,2003-03-14,100.92,100.94,100.92,100.93,2583000
sh000012,45,2003-03-17,100.96,100.96,100.94,100.96,1715300
sh000012,46,2003-03-18,100.96,100.97,100.95,100.96,2353900
sh000012,47,2003-03-19,100.95,101.0,100.95,100.99,1615800
sh000012,48,2003-03-20,100.99,101.03,100.99,101.02,2610200
sh000012,49,2003-03-21,101.04,101.06,101.03,101.06,2476200
sh000012,50,2003-03-24,101.08,101.09,101.06,101.08,2412300
sh000012,51,2003-03-25,101.09,101.09,101.04,101.04,3170000
sh000012,52,2003-03-26,101.05,101.08,101.02,101.08,2944100
sh000012,53,2003-03-27,101.11,101.12,101.07,101.1,2447300
sh000012,54,2003-03-28,101.11,101.14,101.1,101.14,2481800
sh000012,55,2003-03-31,101.16,101.16,101.08,101.1,2260300
sh000012,56,2003-04-01,101.12,101.12,101.05,101.07,3946000
sh000012,57,2003-04-02,101.08,101.08,100.99,101.03,2770500
sh000012,58,2003-04-03,101.04,101.04,100.99,101.03,2529800
sh000012,59,2003-04-04,101.04,101.07,101.03,101.07,3220700
sh000012,60,2003-04-07,101.09,101.09,101.02,101.04,2816900
sh000012,61,2003-04-08,101.04,101.08,100.99,101.07,2708100
sh000012,62,2003-04-09,101.08,101.09,101.05,101.05,1891900
sh000012,63,2003-04-10,101.06,101.06,101.02,101.05,15710000
sh000012,64,2003-04-11,101.06,101.09,101.05,101.08,2369600
sh000012,65,2003-04-14,101.09,101.09,101.04,101.08,1924600
sh000012,66,2003-04-15,101.08,101.11,101.06,101.11,1748200
sh000012,67,2003-04-16,101.12,101.16,101.1,101.16,2135200
sh000012,68,2003-04-17,101.16,101.17,101.11,101.13,2767800
sh000012,69,2003-04-18,101.12,101.12,101.07,101.1,2771900
sh000012,70,2003-04-21,101.13,101.13,101.08,101.11,1840800
sh000012,71,2003-04-22,101.12,101.14,101.1,101.13,2057800
sh000012,72,2003-04-23,101.14,101.97,101.13,101.17,2766600
sh000012,73,2003-04-24,101.18,101.18,101.14,101.16,2097400
sh000012,74,2003-04-25,101.16,101.16,101.12,101.15,5871600
sh000012,75,2003-04-28,101.17,101.18,101.12,101.17,2983100
sh000012,76,2003-04-29,101.18,101.2,101.16,101.19,2635300
sh000012,77,2003-04-30,101.2,101.29,101.2,101.27,3783100
sh000012,78,2003-05-12,101.34,101.34,101.27,101.32,220960
sh000012,79,2003-05-13,101.32,101.36,101.3,101.35,1013500
sh000012,80,2003-05-14,101.37,101.47,101.36,101.46,3528400
sh000012,81,2003-05-15,101.47,101.61,101.45,101.51,4173100
sh000012,82,2003-05-16,101.52,101.57,101.51,101.55,4619200
sh000012,83,2003-05-19,101.58,101.66,101.54,101.63,3641900
sh000012,84,2003-05-20,101.65,101.67,101.63,101.65,30508
sh000012,85,2003-05-21,101.63,101.67,101.62,101.64,2711000
sh000012,86,2003-05-22,101.64,101.65,101.6,101.6,2515600
sh000012,87,2003-05-23,101.61,101.65,101.59,101.65,2000400
sh000012,88,2003-05-26,101.68,101.68,101.64,101.68,1629300
sh000012,89,2003-05-27,101.68,101.71,101.64,101.7,2012700
sh000012,90,2003-05-28,101.71,101.72,101.68,101.71,2422800
sh000012,91,2003-05-29,101.71,101.73,101.7,101.71,2406300
sh000012,92,2003-05-30,101.72,101.72,101.69,101.72,2360900
sh000012,93,2003-06-02,101.75,101.76,101.72,101.75,2019400
sh000012,94,2003-06-03,101.76,101.76,101.72,101.72,3012300
sh000012,95,2003-06-04,101.73,101.73,101.67,101.7,2352000
sh000012,96,2003-06-05,101.71,101.71,101.69,101.7,1712800
sh000012,97,2003-06-06,101.71,101.74,101.7,101.73,1299100
sh000012,98,2003-06-09,101.76,101.76,101.65,101.65,2767800
sh000012,99,2003-06-10,101.66,101.71,101.66,101.71,1993700
sh000012,100,2003-06-11,101.72,101.75,101.7,101.75,2209400
sh000012,101,2003-06-12,101.75,101.78,101.74,101.77,2546700
sh000012,102,2003-06-13,101.78,101.79,101.76,101.77,2419800
sh000012,103,2003-06-16,101.77,101.77,101.64,101.69,4718800
sh000012,104,2003-06-17,101.7,101.7,101.64,101.65,2335200
sh000012,105,2003-06-18,101.66,101.7,101.63,101.7,1870800
sh000012,106,2003-06-19,101.7,101.71,101.63,101.64,2479600
sh000012,107,2003-06-20,101.65,101.68,101.64,101.65,2256800
sh000012,108,2003-06-23,101.67,101.67,101.59,101.61,2854300
sh000012,109,2003-06-24,101.61,101.62,101.58,101.59,2459200
sh000012,110,2003-06-25,101.6,101.6,101.47,101.49,2557700
sh000012,111,2003-06-26,101.5,101.5,101.35,101.38,3050600
sh000012,112,2003-06-27,101.39,101.43,101.39,101.41,181650
sh000012,113,2003-06-30,101.44,101.53,101.41,101.53,2666800
sh000012,114,2003-07-01,101.57,101.65,101.56,101.64,2073600
sh000012,115,2003-07-02,101.66,101.66,101.61,101.64,1933600
sh000012,116,2003-07-03,101.63,101.64,101.59,101.64,2604400
sh000012,117,2003-07-04,101.65,101.72,101.63,101.72,2176400
sh000012,118,2003-07-07,101.78,102.08,101.7,101.71,1753400
sh000012,119,2003-07-08,101.71,101.76,101.7,101.76,1451800
sh000012,120,2003-07-09,101.76,101.76,101.72,101.74,2001800
sh000012,121,2003-07-10,101.75,101.76,101.71,101.73,1949300
sh000012,122,2003-07-11,101.74,101.77,101.72,101.77,1739600
sh000012,123,2003-07-14,101.8,101.8,101.75,101.76,1475900
sh000012,124,2003-07-15,101.77,101.77,101.74,101.77,1842700
sh000012,125,2003-07-16,101.78,101.8,101.77,101.8,1619700
sh000012,126,2003-07-17,101.804,101.827,101.788,101.821,134047000
sh000012,127,2003-07-18,101.83,101.834,101.772,101.78,157588400
sh000012,128,2003-07-21,101.808,101.842,101.756,101.762,106285000
sh000012,129,2003-07-22,101.755,101.787,101.743,101.77,175182400
sh000012,130,2003-07-23,101.78,101.794,101.765,101.792,153003600
sh000012,131,2003-07-24,101.355,101.808,101.353,101.798,152703800
sh000012,132,2003-07-25,101.808,101.819,101.793,101.811,137142800
sh000012,133,2003-07-28,101.841,101.842,101.798,101.802,122693800
sh000012,134,2003-07-29,101.816,101.82,101.804,101.808,117529000
sh000012,135,2003-07-30,101.817,101.818,101.795,101.808,153224400
sh000012,136,2003-07-31,101.814,101.823,101.752,101.817,134201200
sh000012,137,2003-08-01,101.826,101.86,101.814,101.857,133344600
sh000012,138,2003-08-04,101.888,101.892,101.81,101.843,162317400
sh000012,139,2003-08-05,101.858,101.865,101.819,101.849,135771400
sh000012,140,2003-08-06,101.858,101.868,101.809,101.836,148842000
sh000012,141,2003-08-07,101.843,101.845,101.786,101.812,178340200
sh000012,142,2003-08-08,101.821,101.841,101.804,101.823,130943000
sh000012,143,2003-08-11,101.85,101.852,101.567,101.611,129339000
sh000012,144,2003-08-12,101.616,101.798,101.615,101.781,115314200
sh000012,145,2003-08-13,101.79,101.796,101.726,101.73,119582000
sh000012,146,2003-08-14,101.736,101.749,101.714,101.738,133546200
sh000012,147,2003-08-15,101.75,101.755,101.719,101.747,150310400
sh000012,148,2003-08-18,101.774,101.809,101.735,101.794,133197200
sh000012,149,2003-08-19,101.804,101.819,101.784,101.816,140557800
sh000012,150,2003-08-20,101.821,101.829,101.796,101.816,115079000
sh000012,151,2003-08-21,101.826,101.826,101.696,101.734,359111400
sh000012,152,2003-08-22,101.734,101.734,101.56,101.577,201820000
sh000012,153,2003-08-25,101.523,101.552,101.366,101.473,267744800
sh000012,154,2003-08-26,101.483,101.486,101.294,101.337,180538000
sh000012,155,2003-08-27,101.346,101.412,101.322,101.387,162212200
sh000012,156,2003-08-28,101.397,101.483,101.37,101.478,149844200
sh000012,157,2003-08-29,101.49,101.564,101.48,101.528,142746400
sh000012,158,2003-09-01,101.554,101.562,101.437,101.514,212791400
sh000012,159,2003-09-02,101.527,101.528,101.472,101.49,106340800
sh000012,160,2003-09-03,101.481,101.502,101.42,101.434,155457800
sh000012,161,2003-09-04,101.389,101.419,101.275,101.295,173174400
sh000012,162,2003-09-05,101.279,101.279,101.145,101.221,133866400
sh000012,163,2003-09-08,101.247,101.374,101.196,101.284,163594200
sh000012,164,2003-09-09,101.29,101.297,101.176,101.191,96153600
sh000012,165,2003-09-10,101.168,101.204,101.123,101.188,173014200
sh000012,166,2003-09-11,101.192,101.208,101.098,101.127,125131200
sh000012,167,2003-09-12,101.137,101.14,101.063,101.1,189532000
sh000012,168,2003-09-15,101.119,101.12,100.8,100.871,213637800
sh000012,169,2003-09-16,100.851,100.851,100.585,100.719,173990000
sh000012,170,2003-09-17,100.724,100.724,100.642,100.668,123838200
sh000012,171,2003-09-18,100.674,100.764,100.65,100.759,195725600
sh000012,172,2003-09-19,100.769,100.886,100.735,100.813,159066000
sh000012,173,2003-09-22,100.841,100.841,100.451,100.479,177041800
sh000012,174,2003-09-23,100.472,100.473,99.86,99.878,164977000
sh000012,175,2003-09-24,99.873,99.888,99.272,99.346,238433600
sh000012,176,2003-09-25,99.303,99.308,99.085,99.284,393316000
sh000012,177,2003-09-26,99.305,99.318,99.073,99.281,208430000
sh000012,178,2003-09-29,99.295,99.315,99.168,99.22,279515800
sh000012,179,2003-09-30,99.228,99.39,99.226,99.324,114920000
sh000012,180,2003-10-08,99.375,99.386,99.146,99.161,118272000
sh000012,181,2003-10-09,99.175,99.187,99.021,99.025,167592600
sh000012,182,2003-10-10,99.033,99.045,98.594,98.706,149460400
sh000012,183,2003-10-13,98.734,98.734,98.24,98.282,150071800
sh000012,184,2003-10-14,98.292,98.609,98.271,98.469,190473200
sh000012,185,2003-10-15,98.487,98.499,98.135,98.142,217971400
sh000012,186,2003-10-16,98.152,98.152,97.55,97.685,281489800
sh000012,187,2003-10-17,97.678,97.678,97.233,97.329,164213000
sh000012,188,2003-10-20,97.314,97.318,96.864,96.913,159669600
sh000012,189,2003-10-21,96.915,97.433,96.901,97.372,226074400
sh000012,190,2003-10-22,97.386,97.668,97.324,97.645,334172800
sh000012,191,2003-10-23,97.641,98.214,97.584,97.779,304252600
sh000012,192,2003-10-24,97.784,97.882,97.766,97.852,225580200
sh000012,193,2003-10-27,97.879,97.92,97.653,97.676,237595000
sh000012,194,2003-10-28,97.671,97.697,97.46,97.592,247317400
sh000012,195,2003-10-29,97.599,97.678,97.558,97.575,133957200
sh000012,196,2003-10-30,97.581,97.589,97.438,97.458,121091800
sh000012,197,2003-10-31,97.467,97.614,97.458,97.608,128997000
sh000012,198,2003-11-03,97.629,97.854,97.628,97.85,160132400
sh000012,199,2003-11-04,97.863,98.092,97.849,98.082,182962200
sh000012,200,2003-11-05,98.093,98.26,98.026,98.248,181862400
sh000012,201,2003-11-06,98.258,98.391,98.225,98.326,187121000
sh000012,202,2003-11-07,98.337,98.498,98.312,98.476,159930400
sh000012,203,2003-11-10,98.505,98.622,98.217,98.309,174786600
sh000012,204,2003-11-11,98.279,98.32,97.943,98.138,180238800
sh000012,205,2003-11-12,98.147,98.15,98.007,98.063,173693600
sh000012,206,2003-11-13,98.071,98.071,97.98,98.046,185883400
sh000012,207,2003-11-14,98.047,98.06,97.951,98.005,241823800
sh000012,208,2003-11-17,98.021,98.029,97.878,97.908,145198000
sh000012,209,2003-11-18,97.912,97.977,97.839,97.953,151221800
sh000012,210,2003-11-19,97.959,98.009,97.938,97.961,173544600
sh000012,211,2003-11-20,97.969,97.97,97.886,97.932,165683200
sh000012,212,2003-11-21,97.935,98.061,97.913,98.055,220132800
sh000012,213,2003-11-24,98.07,98.076,97.646,97.712,206923000
sh000012,214,2003-11-25,97.696,97.925,97.6,97.922,176925200
sh000012,215,2003-11-26,97.878,97.967,97.8,97.957,281289200
sh000012,216,2003-11-27,97.934,98.002,97.865,97.874,282944800
sh000012,217,2003-11-28,97.883,97.887,97.794,97.86,186755000
sh000012,218,2003-12-01,97.877,98.047,97.849,98.027,253303400
sh000012,219,2003-12-02,98.037,98.08,97.99,98.075,425714400
sh000012,220,2003-12-03,98.084,98.099,97.997,98.051,271447800
sh000012,221,2003-12-04,98.061,98.07,97.962,98.027,247153600
sh000012,222,2003-12-05,98.03,98.061,97.913,98.058,238553800
sh000012,223,2003-12-08,98.154,98.154,97.941,98.044,203730200
sh000012,224,2003-12-09,98.052,98.207,97.987,98.192,278754800
sh000012,225,2003-12-10,98.19,98.341,98.114,98.318,255076200
sh000012,226,2003-12-11,98.376,98.824,98.368,98.72,387138600
sh000012,227,2003-12-12,98.709,98.718,98.63,98.655,334089400
sh000012,228,2003-12-15,98.657,98.679,98.451,98.506,353417200
sh000012,229,2003-12-16,98.511,98.731,98.431,98.714,599454400
sh000012,230,2003-12-17,98.713,98.85,98.713,98.84,502707200
sh000012,231,2003-12-18,98.849,98.971,98.824,98.96,530858200
sh000012,232,2003-12-19,98.977,99.022,98.927,98.995,366577600
sh000012,233,2003-12-22,99.017,99.042,98.951,99.027,380018600
sh000012,234,2003-12-23,99.017,99.199,99.003,99.192,434594400
sh000012,235,2003-12-24,99.198,99.384,99.098,99.38,548746000
sh000012,236,2003-12-25,99.39,99.454,99.273,99.296,376659200
sh000012,237,2003-12-26,99.289,99.324,99.138,99.213,272769400
sh000012,238,2003-12-29,99.239,99.243,99.001,99.06,453027800
sh000012,239,2003-12-30,99.066,99.202,99.026,99.192,461325000
sh000012,240,2003-12-31,99.201,99.524,99.169,99.397,483328200
sh000012,241,2004-01-02,99.391,99.416,99.188,99.217,99258400
sh000012,242,2004-01-05,99.238,99.333,99.139,99.206,150002100
sh000012,243,2004-01-06,99.196,99.197,99.063,99.072,96793800
sh000012,244,2004-01-07,99.072,99.072,98.691,98.781,184024700
sh000012,245,2004-01-08,98.777,98.919,98.735,98.847,114437400
sh000012,246,2004-01-09,98.853,98.915,98.803,98.826,96668000
sh000012,247,2004-01-12,98.852,99.057,98.787,98.885,105223200
sh000012,248,2004-01-13,98.891,98.928,98.882,98.905,119291600
sh000012,249,2004-01-14,98.919,99.074,98.916,99.071,125656800
sh000012,250,2004-01-15,99.082,99.15,99.041,99.095,207578400
sh000012,251,2004-01-16,99.097,99.166,99.084,99.142,109255500
sh000012,252,2004-01-29,99.249,99.249,98.949,98.973,79340200
sh000012,253,2004-01-30,98.977,98.993,98.94,98.986,102226700
sh000012,254,2004-02-02,99.011,99.011,98.824,98.838,100111500
sh000012,255,2004-02-03,98.849,98.873,98.676,98.826,91253200
sh000012,256,2004-02-04,98.838,98.838,98.564,98.568,72283900
sh000012,257,2004-02-05,98.58,98.608,98.441,98.496,98287800
sh000012,258,2004-02-06,98.507,98.73,98.479,98.703,90732900
sh000012,259,2004-02-09,98.733,98.79,98.695,98.733,100924600
sh000012,260,2004-02-10,98.743,98.77,98.672,98.768,83495800
sh000012,261,2004-02-11,98.786,98.898,98.721,98.894,105411300
sh000012,262,2004-02-12,98.911,98.963,98.841,98.868,81867300
sh000012,263,2004-02-13,98.88,98.893,98.802,98.885,77573700
sh000012,264,2004-02-16,98.898,98.898,98.789,98.79,53743400
sh000012,265,2004-02-17,98.797,98.812,98.734,98.772,70589600
sh000012,266,2004-02-18,98.782,98.782,98.721,98.761,71367400
sh000012,267,2004-02-19,98.766,98.891,98.676,98.698,101682600
sh000012,268,2004-02-20,98.698,98.725,98.562,98.603,116549300
sh000012,269,2004-02-23,98.623,98.671,98.572,98.63,124411200
sh000012,270,2004-02-24,98.637,98.675,98.612,98.654,129589900
sh000012,271,2004-02-25,98.65,98.65,98.298,98.317,292681400
sh000012,272,2004-02-26,98.323,98.332,98.186,98.278,158025600
sh000012,273,2004-02-27,98.271,98.405,98.227,98.377,149162900
sh000012,274,2004-03-01,98.384,98.402,98.103,98.142,148707100
sh000012,275,2004-03-02,98.149,98.15,97.965,98.009,132544000
sh000012,276,2004-03-03,98.017,98.049,97.965,98.043,101535900
sh000012,277,2004-03-04,98.062,98.083,97.993,98.053,114203200
sh000012,278,2004-03-05,98.063,98.065,97.982,98.024,125961200
sh000012,279,2004-03-08,98.032,98.107,97.91,97.915,89859600
sh000012,280,2004-03-09,97.918,97.924,97.767,97.824,118618600
sh000012,281,2004-03-10,97.834,97.878,97.8,97.858,97302800
sh000012,282,2004-03-11,97.868,97.965,97.79,97.907,152813300
sh000012,283,2004-03-12,97.902,98.095,97.901,98.088,103906900
sh000012,284,2004-03-15,98.108,98.23,98.102,98.225,142721200
sh000012,285,2004-03-16,98.227,98.337,98.176,98.322,105787800
sh000012,286,2004-03-17,98.296,98.296,98.15,98.183,98573500
sh000012,287,2004-03-18,98.192,98.192,98.141,98.157,153774300
sh000012,288,2004-03-19,98.167,98.174,97.999,98.0,111905600
sh000012,289,2004-03-22,98.012,98.015,97.791,97.818,122044900
sh000012,290,2004-03-23,97.829,97.83,97.499,97.518,177096700
sh000012,291,2004-03-24,97.538,97.561,97.322,97.387,215721600
sh000012,292,2004-03-25,97.456,97.739,97.456,97.627,264569600
sh000012,293,2004-03-26,97.637,97.651,97.512,97.549,181130700
sh000012,294,2004-03-29,97.657,97.662,97.476,97.502,153251700
sh000012,295,2004-03-30,97.498,97.859,97.467,97.794,216224100
sh000012,296,2004-03-31,97.81,97.81,97.608,97.681,185155900
sh000012,297,2004-04-01,97.691,97.815,97.588,97.623,125722600
sh000012,298,2004-04-02,97.628,97.628,97.543,97.583,101664400
sh000012,299,2004-04-05,97.605,97.605,97.418,97.494,123723900
sh000012,300,2004-04-06,97.501,97.501,97.224,97.228,131002500
sh000012,301,2004-04-07,97.232,97.232,97.095,97.123,157976600
sh000012,302,2004-04-08,97.148,97.148,97.064,97.108,79897100
sh000012,303,2004-04-09,97.117,97.333,97.085,97.144,108929900
sh000012,304,2004-04-12,97.169,97.169,96.786,96.795,79903100
sh000012,305,2004-04-13,96.811,96.816,96.557,96.614,109269400
sh000012,306,2004-04-14,96.629,96.642,95.896,96.205,112398100
sh000012,307,2004-04-15,96.203,96.22,95.41,95.574,169420200
sh000012,308,2004-04-16,95.561,95.561,94.965,94.987,110795900
sh000012,309,2004-04-19,94.968,95.015,93.833,93.922,174642600
sh000012,310,2004-04-20,93.866,93.866,92.708,92.731,131206100
sh000012,311,2004-04-21,92.705,92.987,92.212,92.955,167689900
sh000012,312,2004-04-22,92.747,93.029,92.334,92.419,225761000
sh000012,313,2004-04-23,92.417,92.494,92.355,92.398,196579100
sh000012,314,2004-04-26,92.422,92.497,92.197,92.254,167498300
sh000012,315,2004-04-27,92.263,92.509,92.241,92.508,244580100
sh000012,316,2004-04-28,92.531,92.651,92.438,92.514,226820600
sh000012,317,2004-04-29,92.521,92.544,91.171,91.24,285198600
sh000012,318,2004-04-30,91.247,92.19,91.1,92.172,181369500
sh000012,319,2004-05-10,92.234,92.234,91.877,91.906,145920500
sh000012,320,2004-05-11,91.911,91.911,91.81,91.851,123422800
sh000012,321,2004-05-12,91.868,92.158,91.83,92.152,126503400
sh000012,322,2004-05-13,92.162,92.553,92.156,92.536,159411800
sh000012,323,2004-05-14,92.546,92.561,92.248,92.4,127128600
sh000012,324,2004-05-17,92.42,92.857,92.397,92.804,134149900
sh000012,325,2004-05-18,92.806,93.341,92.799,93.223,172713900
sh000012,326,2004-05-19,93.3,93.445,93.14,93.167,192538000
sh000012,327,2004-05-20,93.182,93.269,93.04,93.062,127707600
sh000012,328,2004-05-21,93.083,93.083,92.871,92.908,103560200
sh000012,329,2004-05-24,92.864,93.22,92.663,93.205,118296400
sh000012,330,2004-05-25,93.215,93.531,93.082,93.487,161807800
sh000012,331,2004-05-26,93.495,93.969,93.455,93.963,181286000
sh000012,332,2004-05-27,93.994,94.106,93.78,93.79,147048700
sh000012,333,2004-05-28,93.792,93.896,93.737,93.74,188091500
sh000012,334,2004-05-31,93.773,93.835,93.729,93.792,116962500
sh000012,335,2004-06-01,93.821,93.989,93.754,93.978,133703700
sh000012,336,2004-06-02,93.973,94.062,93.908,94.054,101911200
sh000012,337,2004-06-03,94.064,94.232,94.055,94.204,126514400
sh000012,338,2004-06-04,94.193,94.346,94.117,94.17,137738500
sh000012,339,2004-06-07,94.203,94.23,94.035,94.07,169260400
sh000012,340,2004-06-08,94.067,94.067,93.834,93.895,211306000
sh000012,341,2004-06-09,93.902,93.902,93.678,93.712,129986000
sh000012,342,2004-06-10,93.721,93.747,93.556,93.741,140809300
sh000012,343,2004-06-11,93.763,93.911,93.763,93.84,131103600
sh000012,344,2004-06-14,93.815,93.857,93.725,93.735,105305000
sh000012,345,2004-06-15,93.753,93.866,93.73,93.866,91236500
sh000012,346,2004-06-16,93.879,94.171,93.876,94.169,135733900
sh000012,347,2004-06-17,94.182,94.311,94.098,94.149,114984600
sh000012,348,2004-06-18,94.143,94.215,94.132,94.167,108088300
sh000012,349,2004-06-21,94.206,94.296,94.197,94.294,99376700
sh000012,350,2004-06-22,94.319,94.382,94.297,94.338,109571600
sh000012,351,2004-06-23,94.36,94.558,94.35,94.553,133626100
sh000012,352,2004-06-24,94.571,94.722,94.556,94.647,124952100
sh000012,353,2004-06-25,94.678,94.682,94.506,94.546,164941600
sh000012,354,2004-06-28,94.614,94.614,94.347,94.376,204074800
sh000012,355,2004-06-29,94.382,94.436,94.296,94.317,149710600
sh000012,356,2004-06-30,94.316,94.332,94.248,94.276,102347100
sh000012,357,2004-07-01,94.284,94.294,94.133,94.16,102442700
sh000012,358,2004-07-02,94.166,94.308,94.129,94.3,103820900
sh000012,359,2004-07-05,94.333,94.457,94.318,94.437,146339600
sh000012,360,2004-07-06,94.454,94.495,94.396,94.419,147420600
sh000012,361,2004-07-07,94.429,94.452,94.408,94.449,149022100
sh000012,362,2004-07-08,94.463,94.49,94.455,94.48,110175900
sh000012,363,2004-07-09,94.49,94.512,94.459,94.492,106673200
sh000012,364,2004-07-12,94.52,94.796,94.486,94.551,138746600
sh000012,365,2004-07-13,94.56,94.588,94.541,94.554,142999600
sh000012,366,2004-07-14,94.563,94.599,94.495,94.517,122953200
sh000012,367,2004-07-15,94.515,94.517,94.446,94.471,132288600
sh000012,368,2004-07-16,94.48,94.537,94.469,94.529,96754700
sh000012,369,2004-07-19,94.557,94.615,94.541,94.615,83447600
sh000012,370,2004-07-20,94.625,94.753,94.623,94.743,81407200
sh000012,371,2004-07-21,94.753,94.783,94.741,94.749,73201600
sh000012,372,2004-07-22,94.76,94.774,94.744,94.76,67064600
sh000012,373,2004-07-23,94.759,94.783,94.746,94.766,194469900
sh000012,374,2004-07-26,94.786,94.814,94.735,94.805,111710000
sh000012,375,2004-07-27,94.816,94.859,94.806,94.855,99728700
sh000012,376,2004-07-28,94.862,94.909,94.796,94.906,92079500
sh000012,377,2004-07-29,94.916,94.936,94.886,94.903,136538300
sh000012,378,2004-07-30,94.917,94.952,94.89,94.951,71590300
sh000012,379,2004-08-02,94.984,94.993,94.942,94.992,82522400
sh000012,380,2004-08-03,94.997,95.076,94.988,95.065,72240800
sh000012,381,2004-08-04,95.075,95.098,95.047,95.071,101711600
sh000012,382,2004-08-05,95.078,95.103,95.053,95.1,111753900
sh000012,383,2004-08-06,95.096,95.137,95.089,95.128,105006200
sh000012,384,2004-08-09,95.169,95.198,95.126,95.183,62385100
sh000012,385,2004-08-10,95.181,95.224,95.177,95.217,85284400
sh000012,386,2004-08-11,95.232,95.245,95.155,95.162,92066900
sh000012,387,2004-08-12,95.168,95.168,94.875,94.88,126975600
sh000012,388,2004-08-13,94.879,94.977,94.783,94.96,69971400
sh000012,389,2004-08-16,94.974,94.982,94.849,94.912,224575800
sh000012,390,2004-08-17,94.923,95.069,94.92,94.95,49714800
sh000012,391,2004-08-18,94.961,94.964,94.935,94.943,86791600
sh000012,392,2004-08-19,94.944,94.947,94.919,94.924,105972300
sh000012,393,2004-08-20,94.933,94.933,94.795,94.826,96116600
sh000012,394,2004-08-23,94.844,94.876,94.718,94.731,139648500
sh000012,395,2004-08-24,94.739,94.742,94.4,94.469,140949100
sh000012,396,2004-08-25,94.512,94.515,94.403,94.435,109533700
sh000012,397,2004-08-26,94.456,94.51,94.428,94.507,103554700
sh000012,398,2004-08-27,94.517,94.538,94.415,94.422,111705800
sh000012,399,2004-08-30,94.452,94.46,94.204,94.307,72080600
sh000012,400,2004-08-31,94.29,94.452,94.229,94.395,93046000
sh000012,401,2004-09-01,94.392,94.48,94.318,94.382,120979100
sh000012,402,2004-09-02,94.394,94.394,94.279,94.306,142600300
sh000012,403,2004-09-03,94.328,94.336,94.273,94.307,96195000
sh000012,404,2004-09-06,94.299,94.408,94.262,94.391,211287900
sh000012,405,2004-09-07,94.397,94.405,94.349,94.373,110109200
sh000012,406,2004-09-08,94.374,94.381,94.304,94.31,141755600
sh000012,407,2004-09-09,94.314,94.324,94.23,94.231,160040800
sh000012,408,2004-09-10,94.239,94.256,94.173,94.224,142464600
sh000012,409,2004-09-13,94.26,94.26,94.12,94.132,157905400
sh000012,410,2004-09-14,94.117,94.135,94.086,94.128,113310800
sh000012,411,2004-09-15,94.139,94.151,94.107,94.144,162209200
sh000012,412,2004-09-16,94.18,94.229,94.143,94.22,135388900
sh000012,413,2004-09-17,94.231,94.266,94.205,94.259,124248400
sh000012,414,2004-09-20,94.281,94.281,94.212,94.255,106751800
sh000012,415,2004-09-21,94.254,94.422,94.235,94.405,134544800
sh000012,416,2004-09-22,94.416,94.717,94.405,94.655,140191700
sh000012,417,2004-09-23,94.661,94.873,94.634,94.81,100601200
sh000012,418,2004-09-24,94.818,94.943,94.772,94.931,111601800
sh000012,419,2004-09-27,94.974,94.991,94.913,94.964,107700400
sh000012,420,2004-09-28,94.965,95.146,94.965,95.119,110352900
sh000012,421,2004-09-29,95.129,95.215,95.073,95.089,107912000
sh000012,422,2004-09-30,95.101,95.181,95.099,95.139,84645100
sh000012,423,2004-10-08,95.215,95.219,95.15,95.205,57208900
sh000012,424,2004-10-11,95.232,95.474,95.212,95.451,95134800
sh000012,425,2004-10-12,95.457,95.592,95.449,95.585,130134100
sh000012,426,2004-10-13,95.596,95.819,95.596,95.787,118973300
sh000012,427,2004-10-14,95.784,95.875,95.617,95.663,183632900
sh000012,428,2004-10-15,95.673,95.738,95.612,95.733,83970500
sh000012,429,2004-10-18,95.759,95.927,95.729,95.905,125726300
sh000012,430,2004-10-19,95.919,95.965,95.898,95.94,78710200
sh000012,431,2004-10-20,95.939,95.991,95.933,95.982,59417500
sh000012,432,2004-10-21,95.993,96.003,95.895,95.903,72774300
sh000012,433,2004-10-22,95.912,95.912,95.805,95.898,99380000
sh000012,434,2004-10-25,95.929,95.929,95.846,95.862,118762100
sh000012,435,2004-10-26,95.867,95.882,95.829,95.872,134346700
sh000012,436,2004-10-27,95.876,95.93,95.874,95.928,94032500
sh000012,437,2004-10-28,95.939,95.995,95.931,95.971,156599400
sh000012,438,2004-10-29,95.149,95.359,94.558,95.169,255258700
sh000012,439,2004-11-01,95.128,95.128,94.905,94.914,134124200
sh000012,440,2004-11-02,94.906,94.909,94.757,94.799,133628500
sh000012,441,2004-11-03,94.822,94.918,94.81,94.861,140767900
sh000012,442,2004-11-04,94.87,94.943,94.865,94.919,121224000
sh000012,443,2004-11-05,94.931,94.961,94.861,94.867,105501100
sh000012,444,2004-11-08,94.893,94.901,94.802,94.829,121908800
sh000012,445,2004-11-09,94.823,94.875,94.816,94.871,98699800
sh000012,446,2004-11-10,94.889,94.893,94.817,94.827,129016000
sh000012,447,2004-11-11,94.833,94.833,94.734,94.739,109363300
sh000012,448,2004-11-12,94.747,94.852,94.726,94.852,72446700
sh000012,449,2004-11-15,94.884,94.957,94.861,94.907,73099500
sh000012,450,2004-11-16,94.918,94.947,94.907,94.931,69727900
sh000012,451,2004-11-17,94.911,94.958,94.889,94.905,90735900
sh000012,452,2004-11-18,94.914,94.914,94.812,94.826,138290800
sh000012,453,2004-11-19,94.816,94.829,94.76,94.772,89939400
sh000012,454,2004-11-22,94.8,94.8,94.694,94.706,109176700
sh000012,455,2004-11-23,94.714,94.73,94.658,94.674,97603400
sh000012,456,2004-11-24,94.683,94.845,94.642,94.813,104131900
sh000012,457,2004-11-25,94.825,94.902,94.825,94.891,78526200
sh000012,458,2004-11-26,94.883,94.928,94.88,94.921,99145400
sh000012,459,2004-11-29,94.944,95.005,94.927,95.001,80257800
sh000012,460,2004-11-30,95.073,95.101,94.973,95.088,100858700
sh000012,461,2004-12-01,95.098,95.141,95.098,95.138,94613900
sh000012,462,2004-12-02,95.149,95.251,95.139,95.24,124308100
sh000012,463,2004-12-03,95.254,95.416,95.123,95.373,125274100
sh000012,464,2004-12-06,95.405,95.411,95.279,95.3,158997500
sh000012,465,2004-12-07,95.31,95.31,95.258,95.272,118527900
sh000012,466,2004-12-08,95.282,95.495,95.248,95.488,180755500
sh000012,467,2004-12-09,95.502,95.64,95.485,95.632,129345200
sh000012,468,2004-12-10,95.633,95.742,95.628,95.707,152292700
sh000012,469,2004-12-13,95.665,95.739,95.664,95.712,142996500
sh000012,470,2004-12-14,95.714,95.735,95.634,95.649,162061500
sh000012,471,2004-12-15,95.653,95.665,95.54,95.561,158643400
sh000012,472,2004-12-16,95.571,95.571,95.528,95.54,130442200
sh000012,473,2004-12-17,95.36,95.575,95.358,95.545,130120200
sh000012,474,2004-12-20,95.506,95.622,95.506,95.514,137835400
sh000012,475,2004-12-21,95.519,95.553,95.466,95.49,142157000
sh000012,476,2004-12-22,95.505,95.607,95.463,95.6,104704800
sh000012,477,2004-12-23,95.61,95.615,95.534,95.55,148830200
sh000012,478,2004-12-24,95.565,95.572,95.458,95.473,173517900
sh000012,479,2004-12-27,95.505,95.507,95.449,95.474,227467000
sh000012,480,2004-12-28,95.482,95.486,95.426,95.454,212733800
sh000012,481,2004-12-29,95.486,95.642,95.445,95.64,163344600
sh000012,482,2004-12-30,95.651,95.655,95.61,95.649,160619200
sh000012,483,2004-12-31,95.687,95.699,95.609,95.611,144712100
sh000012,484,2005-01-04,95.642,95.69,95.605,95.689,57431300
sh000012,485,2005-01-05,95.699,95.858,95.692,95.848,69868900
sh000012,486,2005-01-06,95.855,96.036,95.851,96.036,97271900
sh000012,487,2005-01-07,96.039,96.145,96.028,96.142,77988600
sh000012,488,2005-01-10,96.146,96.308,96.11,96.304,134789000
sh000012,489,2005-01-11,96.315,96.347,96.281,96.332,96978000
sh000012,490,2005-01-12,96.339,96.373,96.276,96.324,134900500
sh000012,491,2005-01-13,96.192,96.352,96.17,96.337,110345100
sh000012,492,2005-01-14,96.343,96.459,96.342,96.451,159424400
sh000012,493,2005-01-17,96.487,96.662,96.447,96.659,122147900
sh000012,494,2005-01-18,96.663,96.754,96.647,96.687,162342500
sh000012,495,2005-01-19,96.697,96.727,96.646,96.69,117075000
sh000012,496,2005-01-20,96.704,96.704,96.612,96.624,134095300
sh000012,497,2005-01-21,96.636,96.731,96.601,96.729,101737100
sh000012,498,2005-01-24,96.747,96.829,96.689,96.819,111888100
sh000012,499,2005-01-25,96.829,97.026,96.819,97.013,146818300
sh000012,500,2005-01-26,97.024,97.317,97.021,97.285,158883400
sh000012,501,2005-01-27,97.304,97.402,97.16,97.165,131583600
sh000012,502,2005-01-28,97.144,97.186,97.09,97.182,110911400
sh000012,503,2005-01-31,97.21,97.293,97.173,97.28,112852600
sh000012,504,2005-02-01,97.291,97.403,97.287,97.4,140765300
sh000012,505,2005-02-02,97.407,97.413,97.075,97.326,145078100
sh000012,506,2005-02-03,97.329,97.422,97.182,97.41,96716100
sh000012,507,2005-02-04,97.415,97.627,97.389,97.598,95512400
sh000012,508,2005-02-16,97.716,97.716,97.582,97.629,67113900
sh000012,509,2005-02-17,97.631,97.812,97.629,97.804,92483700
sh000012,510,2005-02-18,97.814,97.99,97.814,97.988,88453000
sh000012,511,2005-02-21,98.021,98.035,97.913,97.951,97879500
sh000012,512,2005-02-22,97.946,98.034,97.871,97.947,141385900
sh000012,513,2005-02-23,98.177,98.177,97.926,97.994,130923900
sh000012,514,2005-02-24,97.998,98.089,97.992,98.004,114030800
sh000012,515,2005-02-25,98.042,98.469,98.022,98.451,176367200
sh000012,516,2005-02-28,98.483,98.718,98.469,98.687,135082200
sh000012,517,2005-03-01,98.681,98.736,98.611,98.626,121377600
sh000012,518,2005-03-02,98.637,98.66,98.42,98.457,195035200
sh000012,519,2005-03-03,98.471,98.471,98.288,98.321,184455100
sh000012,520,2005-03-04,98.324,98.468,98.312,98.422,206237300
sh000012,521,2005-03-07,98.451,98.568,98.413,98.527,157219400
sh000012,522,2005-03-08,98.537,98.683,98.485,98.681,249937500
sh000012,523,2005-03-09,98.777,98.779,98.551,98.599,218250300
sh000012,524,2005-03-10,98.581,98.669,98.565,98.669,195295000
sh000012,525,2005-03-11,98.678,98.861,98.664,98.85,104853300
sh000012,526,2005-03-14,98.868,99.124,98.665,99.121,89457900
sh000012,527,2005-03-15,99.13,99.457,99.129,99.454,142297000
sh000012,528,2005-03-16,99.472,99.706,99.472,99.477,153175700
sh000012,529,2005-03-17,99.499,100.077,99.499,100.07,128991900
sh000012,530,2005-03-18,100.089,100.326,100.075,100.213,183450100
sh000012,531,2005-03-21,100.229,100.273,99.915,100.025,131691900
sh000012,532,2005-03-22,99.991,100.06,99.969,100.024,140129200
sh000012,533,2005-03-23,99.994,99.994,99.823,99.862,113536600
sh000012,534,2005-03-24,99.87,99.95,99.793,99.941,103687800
sh000012,535,2005-03-25,99.919,99.983,99.883,99.97,110954100
sh000012,536,2005-03-28,100.001,100.033,99.959,100.026,101158300
sh000012,537,2005-03-29,100.033,100.193,100.027,100.19,106021300
sh000012,538,2005-03-30,100.201,100.259,100.198,100.219,76230700
sh000012,539,2005-03-31,100.232,100.233,100.133,100.186,117528700
sh000012,540,2005-04-01,100.197,100.211,100.157,100.208,112233100
sh000012,541,2005-04-04,100.239,100.254,100.176,100.252,93029600
sh000012,542,2005-04-05,100.259,100.612,100.25,100.361,74494300
sh000012,543,2005-04-06,100.37,100.568,100.37,100.554,92369500
sh000012,544,2005-04-07,100.561,100.694,100.545,100.688,104305600
sh000012,545,2005-04-08,100.702,100.886,100.689,100.875,90513300
sh000012,546,2005-04-11,100.901,101.087,100.807,101.08,110056500
sh000012,547,2005-04-12,101.061,101.454,101.061,101.45,100477100
sh000012,548,2005-04-13,101.459,101.485,101.339,101.483,105905300
sh000012,549,2005-04-14,101.522,101.763,101.465,101.732,117365400
sh000012,550,2005-04-15,101.741,101.869,101.741,101.812,150880100
sh000012,551,2005-04-18,101.843,101.843,101.708,101.716,118066600
sh000012,552,2005-04-19,101.712,101.754,101.613,101.737,110165000
sh000012,553,2005-04-20,101.743,101.795,101.678,101.791,95210600
sh000012,554,2005-04-21,101.797,101.801,101.532,101.535,114859900
sh000012,555,2005-04-22,101.523,101.523,101.12,101.193,134873100
sh000012,556,2005-04-25,101.166,101.603,101.043,101.599,148746600
sh000012,557,2005-04-26,101.617,101.892,101.617,101.888,115742700
sh000012,558,2005-04-27,101.894,101.896,101.772,101.81,85166900
sh000012,559,2005-04-28,101.811,101.855,101.769,101.821,71582100
sh000012,560,2005-04-29,101.829,101.892,101.756,101.879,83716300
sh000012,561,2005-05-09,101.948,101.948,101.715,101.78,69060000
sh000012,562,2005-05-10,101.789,101.908,101.744,101.89,106695400
sh000012,563,2005-05-11,101.905,102.11,101.897,102.101,120871300
sh000012,564,2005-05-12,102.118,102.223,102.092,102.212,134061400
sh000012,565,2005-05-13,102.22,102.472,102.22,102.47,149338300
sh000012,566,2005-05-16,102.521,102.656,102.476,102.642,98937400
sh000012,567,2005-05-17,102.658,102.723,102.536,102.653,103652700
sh000012,568,2005-05-18,102.609,102.961,102.609,102.948,124521200
sh000012,569,2005-05-19,102.962,103.086,102.948,103.076,169867600
sh000012,570,2005-05-20,103.065,103.288,103.047,103.286,114341900
sh000012,571,2005-05-23,103.32,103.659,103.32,103.606,108583000
sh000012,572,2005-05-24,103.617,103.672,103.39,103.477,118143100
sh000012,573,2005-05-25,103.48,103.528,103.426,103.522,72074700
sh000012,574,2005-05-26,103.529,103.613,103.486,103.567,88011100
sh000012,575,2005-05-27,103.577,103.597,103.396,103.411,89799100
sh000012,576,2005-05-30,103.434,103.434,103.093,103.113,119859600
sh000012,577,2005-05-31,103.116,103.173,103.007,103.159,102593700
sh000012,578,2005-06-01,103.169,103.424,103.151,103.403,98829400
sh000012,579,2005-06-02,103.416,103.527,103.416,103.5,106321000
sh000012,580,2005-06-03,103.51,103.513,103.443,103.502,108780900
sh000012,581,2005-06-06,103.536,103.627,103.524,103.626,109237700
sh000012,582,2005-06-07,103.636,103.743,103.6,103.734,149088700
sh000012,583,2005-06-08,103.738,103.82,103.71,103.816,144027400
sh000012,584,2005-06-09,103.824,103.925,103.713,103.911,91595500
sh000012,585,2005-06-10,103.921,104.191,103.904,104.19,138694900
sh000012,586,2005-06-13,104.208,104.569,104.208,104.561,117253700
sh000012,587,2005-06-14,104.509,104.956,104.487,104.766,145542800
sh000012,588,2005-06-15,104.739,105.025,104.637,105.021,189574300
sh000012,589,2005-06-16,105.033,105.105,104.985,105.103,114995700
sh000012,590,2005-06-17,105.108,105.399,105.09,105.385,142032300
sh000012,591,2005-06-20,105.441,105.469,105.211,105.262,169264000
sh000012,592,2005-06-21,105.23,105.275,105.138,105.27,67158700
sh000012,593,2005-06-22,105.276,105.453,105.274,105.425,121461200
sh000012,594,2005-06-23,105.437,105.446,105.372,105.39,104769600
sh000012,595,2005-06-24,105.408,105.42,105.34,105.353,112566200
sh000012,596,2005-06-27,105.374,105.374,105.144,105.236,90445200
sh000012,597,2005-06-28,105.137,105.299,105.001,105.275,116882900
sh000012,598,2005-06-29,105.282,105.37,105.251,105.359,92463100
sh000012,599,2005-06-30,105.375,105.555,105.335,105.347,96385400
sh000012,600,2005-07-01,105.355,105.358,105.326,105.336,57572000
sh000012,601,2005-07-04,105.367,105.414,105.267,105.402,69495300
sh000012,602,2005-07-05,105.412,105.583,105.4,105.57,93750900
sh000012,603,2005-07-06,105.587,105.833,105.575,105.829,125629400
sh000012,604,2005-07-07,105.845,106.069,105.834,106.062,143456600
sh000012,605,2005-07-08,106.077,106.329,106.074,106.319,165569300
sh000012,606,2005-07-11,106.352,106.352,106.208,106.311,89961600
sh000012,607,2005-07-12,106.316,106.483,106.299,106.467,135029200
sh000012,608,2005-07-13,106.473,106.638,106.469,106.633,122226400
sh000012,609,2005-07-14,106.605,106.719,106.601,106.685,147954300
sh000012,610,2005-07-15,106.695,106.72,106.57,106.714,129458400
sh000012,611,2005-07-18,106.742,106.747,106.666,106.668,130109700
sh000012,612,2005-07-19,106.675,106.696,106.553,106.589,166347000
sh000012,613,2005-07-20,106.6,106.703,106.557,106.7,112866900
sh000012,614,2005-07-21,106.71,106.731,106.66,106.702,110537600
sh000012,615,2005-07-22,106.691,106.721,106.485,106.705,174779200
sh000012,616,2005-07-25,106.72,107.099,106.643,107.083,171387800
sh000012,617,2005-07-26,107.103,107.209,107.098,107.2,144328300
sh000012,618,2005-07-27,107.21,107.403,107.16,107.398,168000200
sh000012,619,2005-07-28,107.41,107.425,107.356,107.409,152849400
sh000012,620,2005-07-29,107.419,107.575,107.393,107.456,149620300
sh000012,621,2005-08-01,107.482,107.49,107.407,107.482,104185000
sh000012,622,2005-08-02,107.49,107.58,107.477,107.549,107936100
sh000012,623,2005-08-03,107.549,107.549,107.427,107.442,141524900
sh000012,624,2005-08-04,107.442,107.442,107.174,107.202,188208500
sh000012,625,2005-08-05,107.22,107.335,107.104,107.332,173693100
sh000012,626,2005-08-08,107.357,107.357,106.922,107.21,161656000
sh000012,627,2005-08-09,107.215,107.215,107.096,107.207,142917900
sh000012,628,2005-08-10,107.2,107.207,107.065,107.203,119317800
sh000012,629,2005-08-11,107.207,107.207,106.651,106.889,241967800
sh000012,630,2005-08-12,106.889,106.96,106.737,106.954,133748800
sh000012,631,2005-08-15,106.982,107.08,106.943,107.075,147339400
sh000012,632,2005-08-16,107.014,107.168,107.014,107.069,93517300
sh000012,633,2005-08-17,107.078,107.081,107.023,107.068,124852800
sh000012,634,2005-08-18,107.076,107.089,107.015,107.081,92574600
sh000012,635,2005-08-19,107.088,107.207,107.076,107.205,71712900
sh000012,636,2005-08-22,107.078,107.347,107.078,107.341,92885900
sh000012,637,2005-08-23,107.348,107.531,107.342,107.53,99978800
sh000012,638,2005-08-24,107.542,107.609,107.479,107.489,119692700
sh000012,639,2005-08-25,107.495,107.542,107.446,107.533,85381900
sh000012,640,2005-08-26,107.534,107.542,107.504,107.54,71972900
sh000012,641,2005-08-29,107.568,107.568,107.463,107.469,126979600
sh000012,642,2005-08-30,107.478,107.547,107.215,107.503,161613000
sh000012,643,2005-08-31,107.496,107.539,107.49,107.516,80204400
sh000012,644,2005-09-01,107.525,107.566,107.404,107.417,103989800
sh000012,645,2005-09-02,107.426,107.431,107.366,107.381,62966800
sh000012,646,2005-09-05,107.393,107.41,107.341,107.349,52241600
sh000012,647,2005-09-06,107.357,107.415,107.286,107.405,74755100
sh000012,648,2005-09-07,107.415,107.479,107.394,107.467,78997900
sh000012,649,2005-09-08,107.48,107.526,107.423,107.526,98465300
sh000012,650,2005-09-09,107.535,107.58,107.515,107.56,80921600
sh000012,651,2005-09-12,107.592,107.624,107.546,107.605,83193300
sh000012,652,2005-09-13,107.61,107.66,107.608,107.643,90293000
sh000012,653,2005-09-14,107.654,107.691,107.597,107.687,89751500
sh000012,654,2005-09-15,107.695,107.858,107.679,107.856,117183800
sh000012,655,2005-09-16,107.874,108.076,107.843,108.018,95088800
sh000012,656,2005-09-19,108.054,108.123,107.924,108.096,118685400
sh000012,657,2005-09-20,108.074,108.199,108.045,108.192,74921700
sh000012,658,2005-09-21,108.201,108.223,108.191,108.199,65987000
sh000012,659,2005-09-22,108.193,108.263,108.185,108.251,88663000
sh000012,660,2005-09-23,108.264,108.264,108.21,108.232,60676900
sh000012,661,2005-09-26,108.261,108.336,108.178,108.333,97317000
sh000012,662,2005-09-27,108.343,108.476,108.343,108.469,71333100
sh000012,663,2005-09-28,108.479,108.623,108.455,108.622,120107500
sh000012,664,2005-09-29,108.632,108.666,108.588,108.65,56008800
sh000012,665,2005-09-30,108.659,108.726,108.659,108.699,90071600
sh000012,666,2005-10-10,108.756,108.756,108.667,108.707,159852500
sh000012,667,2005-10-11,108.717,108.931,108.65,108.907,116211200
sh000012,668,2005-10-12,108.914,109.049,108.872,109.049,133214500
sh000012,669,2005-10-13,109.058,109.335,109.049,109.327,180702900
sh000012,670,2005-10-14,109.325,109.386,109.276,109.353,103839400
sh000012,671,2005-10-17,109.373,109.482,109.33,109.474,112188000
sh000012,672,2005-10-18,109.468,109.553,109.429,109.543,177848100
sh000012,673,2005-10-19,109.545,109.654,109.486,109.651,172351500
sh000012,674,2005-10-20,109.653,109.728,109.625,109.708,130343900
sh000012,675,2005-10-21,109.715,109.715,109.462,109.517,148896000
sh000012,676,2005-10-24,109.541,109.541,109.199,109.368,126818900
sh000012,677,2005-10-25,109.305,109.511,109.305,109.42,106361700
sh000012,678,2005-10-26,109.429,109.475,109.302,109.346,84263100
sh000012,679,2005-10-27,109.346,109.346,108.996,109.058,84620600
sh000012,680,2005-10-28,109.065,109.065,108.555,108.599,119685600
sh000012,681,2005-10-31,108.621,108.621,108.206,108.22,83920400
sh000012,682,2005-11-01,108.232,108.486,108.178,108.393,86598500
sh000012,683,2005-11-02,108.401,108.485,108.376,108.484,61223500
sh000012,684,2005-11-03,108.495,108.521,108.465,108.494,65302600
sh000012,685,2005-11-04,108.505,108.53,108.375,108.376,58148000
sh000012,686,2005-11-07,108.408,108.424,108.213,108.223,77138600
sh000012,687,2005-11-08,108.231,108.237,107.79,107.809,115985900
sh000012,688,2005-11-09,107.789,107.789,107.122,107.243,150323900
sh000012,689,2005-11-10,107.221,107.268,106.937,107.13,157584600
sh000012,690,2005-11-11,107.119,107.31,107.036,107.093,142382100
sh000012,691,2005-11-14,107.127,107.467,107.09,107.461,94307300
sh000012,692,2005-11-15,107.471,107.524,107.404,107.509,77769600
sh000012,693,2005-11-16,107.518,107.543,107.456,107.536,71069000
sh000012,694,2005-11-17,107.532,107.574,107.413,107.425,74680400
sh000012,695,2005-11-18,107.435,107.461,107.142,107.154,46286100
sh000012,696,2005-11-21,107.183,107.187,107.063,107.069,57814900
sh000012,697,2005-11-22,107.085,107.226,107.064,107.201,71683500
sh000012,698,2005-11-23,107.208,107.296,107.062,107.289,49724400
sh000012,699,2005-11-24,107.357,107.375,107.278,107.354,82257100
sh000012,700,2005-11-25,107.361,107.394,107.293,107.311,68358800
sh000012,701,2005-11-28,107.342,107.425,107.28,107.33,66805500
sh000012,702,2005-11-29,107.34,107.425,107.329,107.36,79013500
sh000012,703,2005-11-30,107.352,107.401,107.235,107.35,81277800
sh000012,704,2005-12-01,107.365,107.365,107.296,107.35,45276400
sh000012,705,2005-12-02,107.235,107.47,107.234,107.455,75602500
sh000012,706,2005-12-05,107.484,107.675,107.484,107.658,110059600
sh000012,707,2005-12-06,107.669,107.801,107.624,107.78,72426500
sh000012,708,2005-12-07,107.791,108.016,107.781,108.015,117104400
sh000012,709,2005-12-08,108.028,108.253,108.028,108.15,133157300
sh000012,710,2005-12-09,108.165,108.22,108.073,108.208,98802900
sh000012,711,2005-12-12,108.234,108.421,108.187,108.409,93144700
sh000012,712,2005-12-13,108.42,108.617,108.419,108.609,114955100
sh000012,713,2005-12-14,108.62,108.662,108.531,108.553,89356500
sh000012,714,2005-12-15,108.563,108.638,108.494,108.634,129655000
sh000012,715,2005-12-16,108.643,108.783,108.608,108.782,113527300
sh000012,716,2005-12-19,108.799,108.833,108.733,108.825,97338200
sh000012,717,2005-12-20,108.834,108.855,108.758,108.762,81378200
sh000012,718,2005-12-21,108.77,108.77,108.646,108.655,71101600
sh000012,719,2005-12-22,108.658,108.788,108.639,108.766,90910600
sh000012,720,2005-12-23,108.776,108.929,108.494,108.924,114189700
sh000012,721,2005-12-26,108.941,109.055,108.865,109.05,126817400
sh000012,722,2005-12-27,109.054,109.054,108.995,109.03,96605300
sh000012,723,2005-12-28,109.043,109.094,109.021,109.069,102474800
sh000012,724,2005-12-29,109.165,109.17,109.025,109.062,129337900
sh000012,725,2005-12-30,109.071,109.124,109.043,109.057,131919600
sh000012,726,2006-01-04,109.107,109.19,109.069,109.187,98420800
sh000012,727,2006-01-05,109.195,109.344,109.181,109.339,124060200
sh000012,728,2006-01-06,109.351,109.553,109.325,109.553,110816700
sh000012,729,2006-01-09,109.361,109.634,109.36,109.628,88400600
sh000012,730,2006-01-10,109.625,109.755,109.614,109.729,100975600
sh000012,731,2006-01-11,109.702,109.82,109.701,109.809,113944600
sh000012,732,2006-01-12,109.816,109.838,109.735,109.809,120393500
sh000012,733,2006-01-13,109.816,109.884,109.777,109.879,86176200
sh000012,734,2006-01-16,109.884,109.913,109.843,109.912,75724900
sh000012,735,2006-01-17,109.917,110.06,109.882,110.055,101667400
sh000012,736,2006-01-18,110.105,110.22,110.091,110.218,106960300
sh000012,737,2006-01-19,110.228,110.228,110.082,110.141,103420500
sh000012,738,2006-01-20,110.143,110.149,110.063,110.127,54759700
sh000012,739,2006-01-23,110.109,110.155,109.796,109.885,103400300
sh000012,740,2006-01-24,109.886,109.959,109.785,109.959,83595500
sh000012,741,2006-01-25,109.973,110.109,109.968,110.075,84238500
sh000012,742,2006-02-06,110.179,110.179,109.971,110.138,63405500
sh000012,743,2006-02-07,110.145,110.192,110.109,110.19,83810700
sh000012,744,2006-02-08,110.2,110.204,110.063,110.141,115610900
sh000012,745,2006-02-09,110.144,110.144,109.951,110.096,150413400
sh000012,746,2006-02-10,110.105,110.218,110.098,110.212,84401400
sh000012,747,2006-02-13,110.242,110.242,110.141,110.186,77697000
sh000012,748,2006-02-14,110.192,110.22,110.161,110.216,59772700
sh000012,749,2006-02-15,110.228,110.272,110.149,110.271,58052400
sh000012,750,2006-02-16,110.281,110.286,110.189,110.205,67780300
sh000012,751,2006-02-17,110.198,110.232,110.18,110.196,78073800
sh000012,752,2006-02-20,110.192,110.2,110.112,110.192,75257600
sh000012,753,2006-02-21,110.203,110.206,110.047,110.068,80675400
sh000012,754,2006-02-22,110.071,110.071,109.966,110.004,90684100
sh000012,755,2006-02-23,110.046,110.061,109.97,110.045,75065200
sh000012,756,2006-02-24,110.055,110.114,110.055,110.109,115871000
sh000012,757,2006-02-27,110.142,110.167,110.092,110.152,80169300
sh000012,758,2006-02-28,110.163,110.165,110.057,110.124,89508500
sh000012,759,2006-03-01,110.137,110.174,110.092,110.17,71624900
sh000012,760,2006-03-02,110.174,110.238,110.16,110.235,47411700
sh000012,761,2006-03-03,110.249,110.297,110.071,110.265,50008700
sh000012,762,2006-03-06,110.296,110.337,110.261,110.335,70531400
sh000012,763,2006-03-07,110.322,110.353,110.302,110.34,72950700
sh000012,764,2006-03-08,110.331,110.351,110.319,110.345,71843000
sh000012,765,2006-03-09,110.34,110.372,110.313,110.37,64753900
sh000012,766,2006-03-10,110.372,110.394,110.352,110.391,70316700
sh000012,767,2006-03-13,110.423,110.423,110.364,110.389,55176500
sh000012,768,2006-03-14,110.398,110.398,110.307,110.319,70637800
sh000012,769,2006-03-15,110.331,110.343,110.303,110.342,139369600
sh000012,770,2006-03-16,110.351,110.371,110.323,110.353,86469300
sh000012,771,2006-03-17,110.36,110.394,110.344,110.39,79440400
sh000012,772,2006-03-20,110.42,110.422,110.364,110.371,65693300
sh000012,773,2006-03-21,110.381,110.386,110.275,110.299,81923500
sh000012,774,2006-03-22,110.306,110.306,109.973,109.994,112377000
sh000012,775,2006-03-23,110.003,110.096,109.969,110.071,80349500
sh000012,776,2006-03-24,110.077,110.095,109.894,109.962,68855400
sh000012,777,2006-03-27,109.995,110.056,109.89,109.961,39373900
sh000012,778,2006-03-28,109.97,110.006,109.927,110.001,50487900
sh000012,779,2006-03-29,110.006,110.04,109.976,110.04,88371700
sh000012,780,2006-03-30,110.049,110.098,109.931,110.087,68409400
sh000012,781,2006-03-31,110.091,110.111,110.025,110.107,80024800
sh000012,782,2006-04-03,110.13,110.135,110.032,110.066,59271500
sh000012,783,2006-04-04,110.072,110.072,109.865,110.019,83307100
sh000012,784,2006-04-05,110.028,110.05,109.94,110.04,79323700
sh000012,785,2006-04-06,110.05,110.09,109.951,110.08,97958900
sh000012,786,2006-04-07,110.09,110.134,110.083,110.125,119685300
sh000012,787,2006-04-10,110.152,110.152,110.04,110.075,103754100
sh000012,788,2006-04-11,110.082,110.082,109.933,109.962,105924200
sh000012,789,2006-04-12,109.969,109.969,109.867,109.87,114415900
sh000012,790,2006-04-13,109.878,109.878,109.791,109.81,94846700
sh000012,791,2006-04-14,109.818,109.844,109.745,109.793,70911300
sh000012,792,2006-04-17,109.822,109.822,109.589,109.609,96676000
sh000012,793,2006-04-18,109.609,109.636,109.54,109.582,66549000
sh000012,794,2006-04-19,109.59,109.654,109.584,109.618,75341700
sh000012,795,2006-04-20,109.61,109.642,109.577,109.63,56957600
sh000012,796,2006-04-21,109.66,109.66,109.595,109.646,59447100
sh000012,797,2006-04-24,109.667,109.667,109.429,109.541,93148600
sh000012,798,2006-04-25,109.538,109.541,109.378,109.525,74053400
sh000012,799,2006-04-26,109.534,109.638,109.453,109.626,75663900
sh000012,800,2006-04-27,109.642,109.748,109.642,109.721,64355200
sh000012,801,2006-04-28,109.717,109.876,109.661,109.86,69586700
sh000012,802,2006-05-08,109.939,109.994,109.593,109.99,119655400
sh000012,803,2006-05-09,109.46,110.115,109.431,110.11,108963400
sh000012,804,2006-05-10,110.141,110.199,110.022,110.195,111491900
sh000012,805,2006-05-11,110.17,110.188,110.126,110.169,121114600
sh000012,806,2006-05-12,110.17,110.202,110.121,110.176,84540600
sh000012,807,2006-05-15,110.182,110.182,109.845,110.039,93160000
sh000012,808,2006-05-16,110.039,110.11,109.918,110.089,72597600
sh000012,809,2006-05-17,110.102,110.189,110.069,110.189,68686100
sh000012,810,2006-05-18,110.194,110.225,110.126,110.172,75442100
sh000012,811,2006-05-19,110.202,110.213,110.152,110.205,51686100
sh000012,812,2006-05-22,110.249,110.249,110.17,110.217,49092200
sh000012,813,2006-05-23,110.278,110.282,110.203,110.203,79426600
sh000012,814,2006-05-24,110.193,110.23,110.179,110.226,56555400
sh000012,815,2006-05-25,110.23,110.268,110.147,110.262,62831300
sh000012,816,2006-05-26,110.275,110.305,110.23,110.28,112602400
sh000012,817,2006-05-29,110.306,110.306,110.188,110.256,83039500
sh000012,818,2006-05-30,110.256,110.285,110.188,110.281,88043300
sh000012,819,2006-05-31,110.291,110.291,110.188,110.25,36499300
sh000012,820,2006-06-01,110.255,110.268,110.176,110.237,67529300
sh000012,821,2006-06-02,110.258,110.258,109.928,109.963,83576400
sh000012,822,2006-06-05,109.975,109.975,109.729,109.89,98809500
sh000012,823,2006-06-06,109.893,109.893,109.759,109.776,88302500
sh000012,824,2006-06-07,109.784,109.824,109.528,109.539,170097000
sh000012,825,2006-06-08,109.545,109.598,109.499,109.547,115659300
sh000012,826,2006-06-09,109.556,109.643,109.525,109.558,85223000
sh000012,827,2006-06-12,109.587,109.62,109.465,109.62,56663000
sh000012,828,2006-06-13,109.629,109.629,109.239,109.458,41685300
sh000012,829,2006-06-14,109.467,109.487,109.428,109.466,44683900
sh000012,830,2006-06-15,109.483,109.558,109.301,109.557,56406500
sh000012,831,2006-06-16,109.566,109.651,109.557,109.649,26297300
sh000012,832,2006-06-19,109.635,109.635,109.371,109.462,92157800
sh000012,833,2006-06-20,109.471,109.484,109.195,109.46,29031100
sh000012,834,2006-06-21,109.469,109.469,109.412,109.435,53240200
sh000012,835,2006-06-22,109.441,109.455,109.332,109.361,25236800
sh000012,836,2006-06-23,109.357,109.388,109.197,109.383,60547700
sh000012,837,2006-06-26,109.408,109.455,109.151,109.387,31059300
sh000012,838,2006-06-27,109.397,109.459,109.307,109.457,49603500
sh000012,839,2006-06-28,109.464,109.522,109.386,109.522,29136600
sh000012,840,2006-06-29,109.535,109.562,109.473,109.519,71329600
sh000012,841,2006-06-30,109.528,109.645,109.499,109.641,78819100
sh000012,842,2006-07-03,109.664,109.724,109.53,109.588,14079300
sh000012,843,2006-07-04,109.592,109.64,109.562,109.603,34345000
sh000012,844,2006-07-05,109.612,109.612,109.425,109.522,41282800
sh000012,845,2006-07-06,109.519,109.532,109.427,109.467,39208300
sh000012,846,2006-07-07,109.473,109.553,109.404,109.552,43450600
sh000012,847,2006-07-10,109.579,109.634,109.533,109.632,19652100
sh000012,848,2006-07-11,109.632,109.676,109.596,109.676,38635000
sh000012,849,2006-07-12,109.684,109.736,109.546,109.722,37508400
sh000012,850,2006-07-13,109.716,109.752,109.657,109.712,33881400
sh000012,851,2006-07-14,109.73,109.73,109.586,109.597,36640200
sh000012,852,2006-07-17,109.601,109.644,109.526,109.626,27554700
sh000012,853,2006-07-18,109.636,109.639,109.463,109.544,24197600
sh000012,854,2006-07-19,109.554,109.56,109.441,109.554,45576500
sh000012,855,2006-07-20,109.559,109.559,109.444,109.482,62577200
sh000012,856,2006-07-21,109.492,109.492,109.378,109.447,35065800
sh000012,857,2006-07-24,109.474,109.474,109.227,109.237,27580600
sh000012,858,2006-07-25,109.245,109.337,109.188,109.321,17878400
sh000012,859,2006-07-26,109.329,109.369,109.276,109.361,36461600
sh000012,860,2006-07-27,109.37,109.477,109.309,109.45,44580500
sh000012,861,2006-07-28,109.459,109.491,109.408,109.462,36431300
sh000012,862,2006-07-31,109.486,109.535,109.461,109.465,26481700
sh000012,863,2006-08-01,109.471,109.503,109.435,109.487,10357700
sh000012,864,2006-08-02,109.496,109.572,109.481,109.562,22273300
sh000012,865,2006-08-03,109.57,109.612,109.529,109.607,24594100
sh000012,866,2006-08-04,109.617,109.648,109.558,109.618,19918800
sh000012,867,2006-08-07,109.646,109.646,109.589,109.591,46610200
sh000012,868,2006-08-08,109.601,109.626,109.559,109.621,43449400
sh000012,869,2006-08-09,109.631,109.676,109.587,109.674,21511900
sh000012,870,2006-08-10,109.684,109.832,109.653,109.83,19448100
sh000012,871,2006-08-11,109.839,109.886,109.809,109.874,28291500
sh000012,872,2006-08-14,109.903,109.903,109.798,109.874,16840500
sh000012,873,2006-08-15,109.881,109.945,109.788,109.91,12730400
sh000012,874,2006-08-16,109.92,110.106,109.92,110.106,25034800
sh000012,875,2006-08-17,110.116,110.144,110.096,110.121,25030600
sh000012,876,2006-08-18,110.13,110.2,110.113,110.196,34825500
sh000012,877,2006-08-21,110.029,110.029,109.602,109.859,40157000
sh000012,878,2006-08-22,109.868,110.001,109.763,109.994,22136400
sh000012,879,2006-08-23,110.005,110.063,109.961,110.063,22678700
sh000012,880,2006-08-24,110.06,110.085,110.058,110.074,20506500
sh000012,881,2006-08-25,110.084,110.095,110.028,110.056,26291600
sh000012,882,2006-08-28,110.082,110.082,109.977,109.995,31615900
sh000012,883,2006-08-29,110.005,110.021,109.957,109.999,36938000
sh000012,884,2006-08-30,110.004,110.062,109.99,110.046,34519800
sh000012,885,2006-08-31,110.064,110.113,110.043,110.096,50370900
sh000012,886,2006-09-01,110.105,110.105,110.035,110.07,20611000
sh000012,887,2006-09-04,110.099,110.099,110.0,110.093,20403400
sh000012,888,2006-09-05,110.103,110.124,110.049,110.123,32993700
sh000012,889,2006-09-06,110.131,110.22,110.112,110.175,38925600
sh000012,890,2006-09-07,110.186,110.205,110.151,110.174,23564800
sh000012,891,2006-09-08,110.183,110.23,110.179,110.224,25136100
sh000012,892,2006-09-11,110.248,110.261,110.184,110.245,17698200
sh000012,893,2006-09-12,110.257,110.306,110.227,110.3,28338800
sh000012,894,2006-09-13,110.309,110.317,110.277,110.306,10940900
sh000012,895,2006-09-14,110.326,110.346,110.278,110.346,25952400
sh000012,896,2006-09-15,110.356,110.389,110.343,110.389,30218100
sh000012,897,2006-09-18,110.416,110.505,110.312,110.459,108342400
sh000012,898,2006-09-19,110.469,110.555,110.427,110.554,74209700
sh000012,899,2006-09-20,110.568,110.641,110.533,110.635,56722600
sh000012,900,2006-09-21,110.644,110.709,110.57,110.696,54227400
sh000012,901,2006-09-22,110.706,110.733,110.646,110.72,64436600
sh000012,902,2006-09-25,110.743,110.746,110.6,110.734,75928700
sh000012,903,2006-09-26,110.74,110.788,110.715,110.778,38625200
sh000012,904,2006-09-27,110.785,110.82,110.694,110.813,51703300
sh000012,905,2006-09-28,110.821,110.963,110.798,110.962,62476500
sh000012,906,2006-09-29,110.979,111.048,110.903,111.024,73402000
sh000012,907,2006-10-09,111.115,111.115,110.989,111.064,47901400
sh000012,908,2006-10-10,111.073,111.073,110.978,111.071,31656200
sh000012,909,2006-10-11,111.081,111.151,111.031,111.148,17394800
sh000012,910,2006-10-12,111.155,111.201,111.126,111.166,50455700
sh000012,911,2006-10-13,111.176,111.252,111.091,111.241,30147800
sh000012,912,2006-10-16,111.272,111.279,111.213,111.256,30447400
sh000012,913,2006-10-17,111.264,111.358,111.252,111.354,20922700
sh000012,914,2006-10-18,111.363,111.397,111.301,111.39,29370200
sh000012,915,2006-10-19,111.4,111.446,111.347,111.445,46040600
sh000012,916,2006-10-20,111.447,111.493,111.397,111.488,32564200
sh000012,917,2006-10-23,111.513,111.513,111.42,111.469,39286800
sh000012,918,2006-10-24,111.479,111.533,111.356,111.524,40808400
sh000012,919,2006-10-25,111.551,111.552,111.51,111.549,18821000
sh000012,920,2006-10-26,111.55,111.609,111.535,111.602,49322700
sh000012,921,2006-10-27,111.618,111.618,111.509,111.54,76106600
sh000012,922,2006-10-30,111.567,111.567,111.514,111.526,22249400
sh000012,923,2006-10-31,111.532,111.537,111.427,111.528,21864900
sh000012,924,2006-11-01,111.537,111.537,111.475,111.478,44245600
sh000012,925,2006-11-02,111.487,111.513,111.459,111.513,51566500
sh000012,926,2006-11-03,111.523,111.569,111.474,111.547,20936500
sh000012,927,2006-11-06,111.566,111.566,111.473,111.497,38279600
sh000012,928,2006-11-07,111.504,111.504,111.417,111.446,37145200
sh000012,929,2006-11-08,111.455,111.487,111.415,111.437,68438800
sh000012,930,2006-11-09,111.446,111.542,111.326,111.535,45722600
sh000012,931,2006-11-10,111.543,111.586,111.51,111.586,36868100
sh000012,932,2006-11-13,111.612,111.612,111.439,111.603,28871400
sh000012,933,2006-11-14,111.62,111.62,111.519,111.583,34860000
sh000012,934,2006-11-15,111.597,111.612,111.517,111.566,48084600
sh000012,935,2006-11-16,111.574,111.577,111.507,111.575,63100900
sh000012,936,2006-11-17,111.584,111.609,111.557,111.595,39301600
sh000012,937,2006-11-20,111.625,111.627,111.493,111.503,39141300
sh000012,938,2006-11-21,111.513,111.515,111.426,111.473,29738200
sh000012,939,2006-11-22,111.482,111.5,111.426,111.482,37627500
sh000012,940,2006-11-23,111.488,111.496,111.401,111.444,41848800
sh000012,941,2006-11-24,111.453,111.453,111.414,111.433,33646300
sh000012,942,2006-11-27,111.461,111.461,111.307,111.357,54672600
sh000012,943,2006-11-28,111.091,111.435,111.079,111.428,49610100
sh000012,944,2006-11-29,111.438,111.48,111.365,111.455,32041500
sh000012,945,2006-11-30,111.461,111.544,111.388,111.518,59738000
sh000012,946,2006-12-01,111.528,111.541,111.425,111.54,50914800
sh000012,947,2006-12-04,111.567,111.569,111.484,111.542,40688900
sh000012,948,2006-12-05,111.549,111.549,111.464,111.489,57437900
sh000012,949,2006-12-06,111.498,111.498,111.392,111.438,31906900
sh000012,950,2006-12-07,111.442,111.442,111.233,111.263,74469300
sh000012,951,2006-12-08,111.271,111.271,111.085,111.164,115542200
sh000012,952,2006-12-11,111.192,111.284,111.101,111.271,95803000
sh000012,953,2006-12-12,111.283,111.291,111.193,111.265,70434300
sh000012,954,2006-12-13,111.273,111.289,111.216,111.267,58567700
sh000012,955,2006-12-14,111.277,111.314,111.217,111.229,68705900
sh000012,956,2006-12-15,111.24,111.295,111.112,111.286,87380700
sh000012,957,2006-12-18,111.312,111.312,111.194,111.26,124225500
sh000012,958,2006-12-19,111.269,111.284,111.225,111.256,91199400
sh000012,959,2006-12-20,111.265,111.275,111.223,111.273,107561300
sh000012,960,2006-12-21,111.282,111.282,111.176,111.247,100124100
sh000012,961,2006-12-22,111.254,111.302,111.192,111.3,76701700
sh000012,962,2006-12-25,111.328,111.329,111.158,111.278,72489000
sh000012,963,2006-12-26,111.288,111.288,111.2,111.215,55611100
sh000012,964,2006-12-27,111.224,111.253,111.161,111.229,99265700
sh000012,965,2006-12-28,111.238,111.316,111.178,111.298,111347200
sh000012,966,2006-12-29,111.308,111.427,111.296,111.39,115800900
sh000012,967,2007-01-04,111.447,111.447,111.293,111.392,50903200
sh000012,968,2007-01-05,111.401,111.449,111.376,111.434,27704900
sh000012,969,2007-01-08,111.439,111.445,111.402,111.437,75800600
sh000012,970,2007-01-09,111.446,111.468,111.392,111.468,65450400
sh000012,971,2007-01-10,111.478,111.529,111.463,111.528,56809400
sh000012,972,2007-01-11,111.537,111.554,111.48,111.552,80804600
sh000012,973,2007-01-12,111.562,111.562,111.464,111.47,24428300
sh000012,974,2007-01-15,111.498,111.525,111.398,111.522,67732000
sh000012,975,2007-01-16,111.527,111.639,111.464,111.613,86866200
sh000012,976,2007-01-17,111.623,111.623,111.531,111.61,31542500
sh000012,977,2007-01-18,111.618,111.634,111.593,111.621,47385400
sh000012,978,2007-01-19,111.631,111.66,111.597,111.651,127813500
sh000012,979,2007-01-22,111.667,111.707,111.601,111.706,104974400
sh000012,980,2007-01-23,111.71,111.71,111.64,111.678,46008800
sh000012,981,2007-01-24,111.684,111.696,111.569,111.69,58780500
sh000012,982,2007-01-25,111.697,111.699,111.631,111.672,37256900
sh000012,983,2007-01-26,111.669,111.669,111.58,111.645,67047800
sh000012,984,2007-01-29,111.668,111.809,111.628,111.809,50333200
sh000012,985,2007-01-30,111.818,111.826,111.76,111.807,64768800
sh000012,986,2007-01-31,111.816,111.817,111.736,111.777,60052900
sh000012,987,2007-02-01,111.787,111.792,111.736,111.75,63373800
sh000012,988,2007-02-02,111.755,111.763,111.683,111.702,48109400
sh000012,989,2007-02-05,111.726,111.732,111.662,111.727,56927700
sh000012,990,2007-02-06,111.736,111.736,111.661,111.674,122088400
sh000012,991,2007-02-07,111.672,111.728,111.583,111.715,74175300
sh000012,992,2007-02-08,111.723,111.73,111.622,111.653,77110700
sh000012,993,2007-02-09,111.662,111.736,111.63,111.716,27398800
sh000012,994,2007-02-12,111.735,111.739,111.299,111.637,87140200
sh000012,995,2007-02-13,111.646,111.648,111.517,111.551,64812300
sh000012,996,2007-02-14,111.562,111.603,111.265,111.603,87681000
sh000012,997,2007-02-15,111.612,111.688,111.54,111.68,110364000
sh000012,998,2007-02-16,111.692,111.781,111.661,111.774,70669800
sh000012,999,2007-02-26,111.843,111.843,111.72,111.807,31962100
sh000012,1000,2007-02-27,111.81,111.812,111.717,111.718,44199500
sh000012,1001,2007-02-28,111.719,111.729,111.648,111.715,96282900
sh000012,1002,2007-03-01,111.723,111.754,111.645,111.746,45530600
sh000012,1003,2007-03-02,111.756,111.818,111.69,111.801,24316700
sh000012,1004,2007-03-05,111.829,111.88,111.76,111.866,24805000
sh000012,1005,2007-03-06,111.876,111.898,111.801,111.879,19614400
sh000012,1006,2007-03-07,111.888,111.89,111.823,111.869,40665200
sh000012,1007,2007-03-08,111.879,111.916,111.87,111.879,33075100
sh000012,1008,2007-03-09,111.888,111.963,111.868,111.924,47184000
sh000012,1009,2007-03-12,111.954,111.954,111.901,111.947,18618100
sh000012,1010,2007-03-13,111.952,111.952,111.899,111.919,35671500
sh000012,1011,2007-03-14,111.929,111.93,111.859,111.868,43061400
sh000012,1012,2007-03-15,111.877,111.877,111.783,111.802,39562900
sh000012,1013,2007-03-16,111.8,111.873,111.762,111.833,43968700
sh000012,1014,2007-03-19,111.834,111.834,111.503,111.766,13899900
sh000012,1015,2007-03-20,111.763,111.83,111.745,111.786,30699800
sh000012,1016,2007-03-21,111.795,111.81,111.749,111.785,30041700
sh000012,1017,2007-03-22,111.792,111.792,111.693,111.742,34284400
sh000012,1018,2007-03-23,111.75,111.768,111.708,111.757,46468200
sh000012,1019,2007-03-26,111.789,111.789,111.669,111.698,25377300
sh000012,1020,2007-03-27,111.708,111.71,111.602,111.707,31818900
sh000012,1021,2007-03-28,111.716,111.721,111.657,111.701,29511800
sh000012,1022,2007-03-29,111.712,111.712,111.625,111.687,41100500
sh000012,1023,2007-03-30,111.696,111.841,111.663,111.727,81226900
sh000012,1024,2007-04-02,111.756,111.83,111.662,111.817,39584100
sh000012,1025,2007-04-03,111.824,111.87,111.805,111.852,54809500
sh000012,1026,2007-04-04,111.846,111.87,111.733,111.862,55831300
sh000012,1027,2007-04-05,111.873,111.873,111.797,111.838,22268400
sh000012,1028,2007-04-06,111.847,111.847,111.574,111.809,64616800
sh000012,1029,2007-04-09,111.814,111.814,111.643,111.681,77475900
sh000012,1030,2007-04-10,111.69,111.69,111.545,111.603,48791700
sh000012,1031,2007-04-11,111.61,111.611,111.496,111.557,52445100
sh000012,1032,2007-04-12,111.568,111.568,111.494,111.541,83202200
sh000012,1033,2007-04-13,111.549,111.58,111.496,111.576,66394100
sh000012,1034,2007-04-16,111.605,111.605,111.485,111.561,33909800
sh000012,1035,2007-04-17,111.569,111.569,111.421,111.494,62103000
sh000012,1036,2007-04-18,111.5,111.5,111.176,111.199,51620000
sh000012,1037,2007-04-19,111.203,111.203,110.982,111.14,49175200
sh000012,1038,2007-04-20,111.136,111.136,110.89,110.991,37048300
sh000012,1039,2007-04-23,111.031,111.045,110.889,111.016,38848600
sh000012,1040,2007-04-24,111.025,111.232,111.021,111.2,60670900
sh000012,1041,2007-04-25,111.21,111.211,111.086,111.122,18126200
sh000012,1042,2007-04-26,111.128,111.209,111.006,111.177,26736700
sh000012,1043,2007-04-27,111.188,111.246,111.122,111.22,32046300
sh000012,1044,2007-04-30,111.248,111.455,111.197,111.413,69207300
sh000012,1045,2007-05-08,111.475,111.475,111.288,111.416,70035600
sh000012,1046,2007-05-09,111.406,111.487,111.247,111.269,22194800
sh000012,1047,2007-05-10,111.256,111.292,111.152,111.265,52496800
sh000012,1048,2007-05-11,111.271,111.298,111.23,111.29,21439900
sh000012,1049,2007-05-14,111.316,111.461,111.146,111.241,52350100
sh000012,1050,2007-05-15,111.238,111.238,111.144,111.164,54163300
sh000012,1051,2007-05-16,111.171,111.197,111.1,111.164,157939900
sh000012,1052,2007-05-17,111.174,111.209,111.086,111.16,111125100
sh000012,1053,2007-05-18,111.149,111.227,111.043,111.214,84486100
sh000012,1054,2007-05-21,111.238,111.238,110.937,111.0,86609600
sh000012,1055,2007-05-22,111.006,111.014,110.839,110.879,79945700
sh000012,1056,2007-05-23,110.88,110.885,110.654,110.765,48507200
sh000012,1057,2007-05-24,110.774,110.774,110.591,110.596,35877700
sh000012,1058,2007-05-25,110.601,110.703,110.528,110.667,61028900
sh000012,1059,2007-05-28,110.695,110.707,110.6,110.705,71353000
sh000012,1060,2007-05-29,110.715,110.836,110.611,110.709,72092500
sh000012,1061,2007-05-30,110.75,110.75,110.628,110.734,80222200
sh000012,1062,2007-05-31,110.743,110.748,110.628,110.651,45139400
sh000012,1063,2007-06-01,110.659,110.668,110.512,110.623,35852700
sh000012,1064,2007-06-04,110.654,110.654,110.442,110.494,72425000
sh000012,1065,2007-06-05,110.512,110.513,110.346,110.394,94210700
sh000012,1066,2007-06-06,110.405,110.405,110.328,110.394,52150300
sh000012,1067,2007-06-07,110.42,110.421,110.321,110.378,48433400
sh000012,1068,2007-06-08,110.387,110.46,110.357,110.439,128448400
sh000012,1069,2007-06-11,110.468,110.468,110.328,110.374,93454700
sh000012,1070,2007-06-12,110.378,110.378,110.254,110.303,73526300
sh000012,1071,2007-06-13,110.315,110.315,110.218,110.285,70986100
sh000012,1072,2007-06-14,110.292,110.292,110.09,110.099,53733100
sh000012,1073,2007-06-15,110.104,110.104,109.828,109.918,28968100
sh000012,1074,2007-06-18,109.921,109.921,109.78,109.832,39321500
sh000012,1075,2007-06-19,109.84,109.84,109.753,109.791,18655000
sh000012,1076,2007-06-20,109.802,109.821,109.747,109.804,25017000
sh000012,1077,2007-06-21,109.81,109.839,109.753,109.818,83786500
sh000012,1078,2007-06-22,109.824,109.824,109.76,109.781,35952000
sh000012,1079,2007-06-25,109.804,109.821,109.681,109.771,46217100
sh000012,1080,2007-06-26,109.759,109.793,109.611,109.724,38426700
sh000012,1081,2007-06-27,109.733,109.741,109.627,109.628,38051100
sh000012,1082,2007-06-28,109.632,109.687,109.588,109.674,42606800
sh000012,1083,2007-06-29,109.681,109.681,109.568,109.59,43162800
sh000012,1084,2007-07-02,109.621,109.806,109.534,109.776,21899700
sh000012,1085,2007-07-03,109.783,109.854,109.62,109.854,9846000
sh000012,1086,2007-07-04,109.864,109.865,109.802,109.849,14858700
sh000012,1087,2007-07-05,109.864,109.878,109.829,109.877,17250800
sh000012,1088,2007-07-06,109.886,109.946,109.832,109.945,44409900
sh000012,1089,2007-07-09,109.975,110.001,109.902,110.0,34750800
sh000012,1090,2007-07-10,109.995,109.997,109.777,109.95,17176300
sh000012,1091,2007-07-11,109.96,109.996,109.917,109.948,50349400
sh000012,1092,2007-07-12,109.958,109.974,109.911,109.925,16187200
sh000012,1093,2007-07-13,109.935,109.944,109.845,109.901,8786700
sh000012,1094,2007-07-16,109.93,109.965,109.905,109.928,11595500
sh000012,1095,2007-07-17,109.926,109.984,109.883,109.931,19810500
sh000012,1096,2007-07-18,109.94,110.165,109.935,109.971,9717300
sh000012,1097,2007-07-19,109.981,109.981,109.678,109.955,28771400
sh000012,1098,2007-07-20,109.965,110.016,109.764,110.016,44576400
sh000012,1099,2007-07-23,110.02,110.02,109.653,109.723,39773500
sh000012,1100,2007-07-24,109.728,109.836,109.537,109.693,23709500
sh000012,1101,2007-07-25,109.703,109.742,109.627,109.713,12822300
sh000012,1102,2007-07-26,109.721,109.781,109.572,109.773,25670600
sh000012,1103,2007-07-27,109.78,109.823,109.772,109.801,29377200
sh000012,1104,2007-07-30,109.83,110.055,109.765,109.982,43292000
sh000012,1105,2007-07-31,109.998,110.014,109.856,109.878,52834600
sh000012,1106,2007-08-01,109.888,109.969,109.827,109.953,35295100
sh000012,1107,2007-08-02,109.963,109.99,109.89,109.915,24512200
sh000012,1108,2007-08-03,109.921,109.97,109.896,109.953,47037500
sh000012,1109,2007-08-06,109.984,109.999,109.921,109.973,33619400
sh000012,1110,2007-08-07,109.982,110.014,109.866,109.999,65738000
sh000012,1111,2007-08-08,110.009,110.009,109.71,109.962,26441700
sh000012,1112,2007-08-09,109.967,110.05,109.943,109.999,48502800
sh000012,1113,2007-08-10,110.009,110.009,109.911,109.958,11676900
sh000012,1114,2007-08-13,109.979,109.979,109.818,109.916,24426000
sh000012,1115,2007-08-14,109.926,109.962,109.852,109.957,39801700
sh000012,1116,2007-08-15,109.571,109.97,109.412,109.954,28805500
sh000012,1117,2007-08-16,109.965,109.994,109.905,109.979,115943100
sh000012,1118,2007-08-17,109.99,110.072,109.937,110.032,49419700
sh000012,1119,2007-08-20,110.061,110.222,109.936,110.207,24946500
sh000012,1120,2007-08-21,110.218,110.29,110.135,110.286,36071400
sh000012,1121,2007-08-22,110.258,110.262,110.124,110.191,62033000
sh000012,1122,2007-08-23,110.201,110.296,110.091,110.296,56846900
sh000012,1123,2007-08-24,110.303,110.31,110.237,110.307,45322700
sh000012,1124,2007-08-27,110.334,110.35,110.27,110.321,29414600
sh000012,1125,2007-08-28,110.331,110.331,110.256,110.305,48085100
sh000012,1126,2007-08-29,110.315,110.333,110.263,110.265,82581300
sh000012,1127,2007-08-30,110.274,110.303,110.207,110.278,97605500
sh000012,1128,2007-08-31,110.288,110.305,110.254,110.298,67061700
sh000012,1129,2007-09-03,110.329,110.33,110.199,110.264,43261300
sh000012,1130,2007-09-04,110.271,110.271,110.172,110.221,37124600
sh000012,1131,2007-09-05,110.229,110.229,110.193,110.207,113876300
sh000012,1132,2007-09-06,110.217,110.29,110.182,110.288,32030400
sh000012,1133,2007-09-07,110.294,110.297,110.224,110.291,40982200
sh000012,1134,2007-09-10,110.316,110.317,110.2,110.287,37005700
sh000012,1135,2007-09-11,110.296,110.297,109.979,109.985,26143200
sh000012,1136,2007-09-12,109.992,110.018,109.878,110.013,19042000
sh000012,1137,2007-09-13,110.023,110.024,109.884,109.919,35479700
sh000012,1138,2007-09-14,109.938,109.983,109.362,109.878,66184400
sh000012,1139,2007-09-17,109.906,109.906,109.591,109.713,28500500
sh000012,1140,2007-09-18,109.723,109.884,109.462,109.826,46867400
sh000012,1141,2007-09-19,109.836,109.854,109.73,109.756,38305000
sh000012,1142,2007-09-20,109.759,109.77,109.676,109.761,38645400
sh000012,1143,2007-09-21,109.771,109.771,109.329,109.606,82016700
sh000012,1144,2007-09-24,109.629,109.732,109.395,109.585,45224700
sh000012,1145,2007-09-25,109.627,109.627,109.377,109.428,34309300
sh000012,1146,2007-09-26,109.438,109.549,109.357,109.547,26179600
sh000012,1147,2007-09-27,109.554,109.698,109.477,109.606,19637200
sh000012,1148,2007-09-28,109.62,109.959,109.62,109.877,154872200
sh000012,1149,2007-10-08,109.97,109.97,109.726,109.858,51516300
sh000012,1150,2007-10-09,109.868,109.904,109.803,109.9,33722400
sh000012,1151,2007-10-10,109.91,109.943,109.815,109.871,61807000
sh000012,1152,2007-10-11,109.881,110.175,109.862,110.11,43737000
sh000012,1153,2007-10-12,110.12,110.121,110.025,110.094,29052100
sh000012,1154,2007-10-15,110.124,110.124,110.025,110.041,96489700
sh000012,1155,2007-10-16,110.051,110.051,109.938,109.966,60665600
sh000012,1156,2007-10-17,109.976,110.003,109.939,109.997,119113800
sh000012,1157,2007-10-18,110.005,110.006,109.878,109.943,122586100
sh000012,1158,2007-10-19,109.951,109.951,109.843,109.869,40903000
sh000012,1159,2007-10-22,109.881,109.881,109.359,109.729,21514400
sh000012,1160,2007-10-23,109.739,109.758,109.649,109.726,51888100
sh000012,1161,2007-10-24,109.737,109.738,109.611,109.694,72215500
sh000012,1162,2007-10-25,109.704,109.734,109.492,109.659,45635400
sh000012,1163,2007-10-26,109.662,109.662,109.493,109.604,46128800
sh000012,1164,2007-10-29,109.634,109.834,109.532,109.803,45125700
sh000012,1165,2007-10-30,109.813,109.956,109.772,109.923,27637800
sh000012,1166,2007-10-31,109.934,109.977,109.892,109.948,34465600
sh000012,1167,2007-11-01,109.954,109.997,109.865,109.982,26040000
sh000012,1168,2007-11-02,109.99,109.99,109.813,109.889,27941800
sh000012,1169,2007-11-05,109.919,110.001,109.911,109.968,17490800
sh000012,1170,2007-11-06,109.978,110.088,109.973,110.088,40375700
sh000012,1171,2007-11-07,110.101,110.127,110.023,110.06,17833500
sh000012,1172,2007-11-08,110.07,110.107,110.038,110.064,32899700
sh000012,1173,2007-11-09,110.074,110.086,110.005,110.042,27911600
sh000012,1174,2007-11-12,110.072,110.147,109.998,110.147,34602100
sh000012,1175,2007-11-13,110.157,110.162,110.093,110.097,47373500
sh000012,1176,2007-11-14,110.104,110.132,110.011,110.105,69063400
sh000012,1177,2007-11-15,110.114,110.124,110.013,110.021,37673300
sh000012,1178,2007-11-16,110.033,110.047,109.911,109.981,30266700
sh000012,1179,2007-11-19,110.006,110.193,109.931,110.085,81559500
sh000012,1180,2007-11-20,110.096,110.101,110.05,110.081,23350800
sh000012,1181,2007-11-21,110.095,110.114,109.871,110.054,20248000
sh000012,1182,2007-11-22,110.099,110.175,109.967,110.077,24839800
sh000012,1183,2007-11-23,110.088,110.088,109.87,110.06,46926200
sh000012,1184,2007-11-26,110.089,110.298,110.089,110.214,32684500
sh000012,1185,2007-11-27,110.247,110.252,110.089,110.123,45380900
sh000012,1186,2007-11-28,110.11,110.13,110.052,110.079,14418500
sh000012,1187,2007-11-29,110.089,110.309,110.084,110.234,19324700
sh000012,1188,2007-11-30,110.244,110.261,110.145,110.173,29659100
sh000012,1189,2007-12-03,110.353,110.356,110.082,110.141,25017000
sh000012,1190,2007-12-04,110.152,110.272,110.046,110.113,21363200
sh000012,1191,2007-12-05,110.048,110.244,110.042,110.185,9439100
sh000012,1192,2007-12-06,110.195,110.207,109.97,110.162,16476600
sh000012,1193,2007-12-07,110.172,110.199,110.039,110.192,21469900
sh000012,1194,2007-12-10,110.222,110.222,110.05,110.165,35702600
sh000012,1195,2007-12-11,110.173,110.22,110.141,110.212,30550100
sh000012,1196,2007-12-12,110.222,110.309,110.092,110.184,34908300
sh000012,1197,2007-12-13,110.193,110.265,110.134,110.21,63538200
sh000012,1198,2007-12-14,110.22,110.221,110.073,110.115,14193500
sh000012,1199,2007-12-17,110.145,110.159,110.064,110.15,26426900
sh000012,1200,2007-12-18,110.16,110.183,110.099,110.166,12782600
sh000012,1201,2007-12-19,110.174,110.314,110.174,110.293,35907800
sh000012,1202,2007-12-20,110.303,110.333,110.28,110.328,65471700
sh000012,1203,2007-12-21,110.331,110.482,110.21,110.471,47256200
sh000012,1204,2007-12-24,110.501,110.635,110.471,110.559,53849400
sh000012,1205,2007-12-25,110.567,110.685,110.453,110.675,55468500
sh000012,1206,2007-12-26,110.685,110.81,110.678,110.801,69848900
sh000012,1207,2007-12-27,110.812,110.858,110.772,110.856,73113100
sh000012,1208,2007-12-28,110.866,110.883,110.776,110.873,60993200
sh000012,1209,2008-01-02,110.918,110.918,110.764,110.782,40393700
sh000012,1210,2008-01-03,110.792,110.839,110.747,110.795,7847800
sh000012,1211,2008-01-04,110.805,110.808,110.728,110.784,13222700
sh000012,1212,2008-01-07,110.815,110.851,110.751,110.841,27422500
sh000012,1213,2008-01-08,110.852,110.886,110.801,110.855,25791200
sh000012,1214,2008-01-09,110.865,110.884,110.822,110.873,12824800
sh000012,1215,2008-01-10,110.883,110.948,110.866,110.948,12012900
sh000012,1216,2008-01-11,110.958,111.091,110.958,111.046,62501000
sh000012,1217,2008-01-14,111.076,111.138,111.015,111.119,32279900
sh000012,1218,2008-01-15,111.129,111.281,111.1,111.275,36877800
sh000012,1219,2008-01-16,111.409,111.409,111.193,111.303,40719300
sh000012,1220,2008-01-17,111.313,111.365,111.137,111.19,52265500
sh000012,1221,2008-01-18,111.202,111.26,111.168,111.213,12604000
sh000012,1222,2008-01-21,111.243,111.3,111.208,111.211,42705300
sh000012,1223,2008-01-22,111.221,111.246,111.143,111.235,103161300
sh000012,1224,2008-01-23,111.245,111.409,111.228,111.387,53314200
sh000012,1225,2008-01-24,111.392,111.525,111.322,111.505,36585500
sh000012,1226,2008-01-25,111.515,111.528,111.494,111.527,10417700
sh000012,1227,2008-01-28,111.558,111.596,111.532,111.596,13358400
sh000012,1228,2008-01-29,111.596,111.779,111.563,111.736,9941000
sh000012,1229,2008-01-30,111.746,112.004,111.746,111.968,41844900
sh000012,1230,2008-01-31,111.98,112.094,111.939,112.092,28179500
sh000012,1231,2008-02-01,112.1,112.382,112.095,112.379,98231500
sh000012,1232,2008-02-04,112.41,112.424,112.272,112.377,73646000
sh000012,1233,2008-02-05,112.36,112.7,112.36,112.694,69525100
sh000012,1234,2008-02-13,112.777,112.837,112.706,112.745,14511900
sh000012,1235,2008-02-14,112.757,112.778,112.542,112.568,41339600
sh000012,1236,2008-02-15,112.564,112.605,112.481,112.541,29184800
sh000012,1237,2008-02-18,112.571,112.599,112.422,112.468,31909100
sh000012,1238,2008-02-19,112.476,112.48,112.372,112.388,50248500
sh000012,1239,2008-02-20,112.395,112.397,112.284,112.359,46953900
sh000012,1240,2008-02-21,112.369,112.431,112.28,112.373,29223800
sh000012,1241,2008-02-22,112.383,112.41,112.334,112.379,33767800
sh000012,1242,2008-02-25,112.408,112.512,112.269,112.404,29710400
sh000012,1243,2008-02-26,112.418,112.477,112.409,112.46,45313100
sh000012,1244,2008-02-27,112.463,112.468,112.388,112.395,25698900
sh000012,1245,2008-02-28,112.408,112.422,112.361,112.409,35453100
sh000012,1246,2008-02-29,112.409,112.485,112.366,112.446,42723300
sh000012,1247,2008-03-03,112.477,112.486,112.429,112.464,79153100
sh000012,1248,2008-03-04,112.474,112.479,112.406,112.445,52484400
sh000012,1249,2008-03-05,112.454,112.454,112.363,112.391,10168700
sh000012,1250,2008-03-06,112.401,112.467,112.333,112.411,53823900
sh000012,1251,2008-03-07,112.421,112.438,112.37,112.399,54755500
sh000012,1252,2008-03-10,112.425,112.481,112.161,112.466,51948100
sh000012,1253,2008-03-11,112.476,112.502,112.423,112.453,61630400
sh000012,1254,2008-03-12,112.463,112.598,112.44,112.59,30519600
sh000012,1255,2008-03-13,112.6,112.612,112.511,112.515,52370800
sh000012,1256,2008-03-14,112.525,112.543,112.497,112.52,32257700
sh000012,1257,2008-03-17,112.55,112.581,112.51,112.538,58636800
sh000012,1258,2008-03-18,112.549,112.6,112.504,112.576,44603600
sh000012,1259,2008-03-19,112.586,112.607,112.544,112.605,71229800
sh000012,1260,2008-03-20,112.615,112.71,112.59,112.685,34543300
sh000012,1261,2008-03-21,112.695,112.818,112.513,112.818,112634200
sh000012,1262,2008-03-24,112.849,113.103,112.847,113.097,43288800
sh000012,1263,2008-03-25,113.107,113.155,113.082,113.149,81265000
sh000012,1264,2008-03-26,113.153,113.221,112.972,113.196,85548200
sh000012,1265,2008-03-27,113.206,113.213,113.079,113.08,129655000
sh000012,1266,2008-03-28,113.09,113.125,113.075,113.079,165320200
sh000012,1267,2008-03-31,113.107,113.112,112.987,113.104,55382700
sh000012,1268,2008-04-01,113.114,113.114,113.01,113.05,125837300
sh000012,1269,2008-04-02,113.06,113.071,112.982,113.054,150454700
sh000012,1270,2008-04-03,113.064,113.09,113.01,113.09,170032000
sh000012,1271,2008-04-07,113.129,113.132,113.021,113.029,156338700
sh000012,1272,2008-04-08,113.039,113.043,112.975,113.01,329767200
sh000012,1273,2008-04-09,113.017,113.022,112.975,112.975,81209800
sh000012,1274,2008-04-10,112.983,113.047,112.889,112.971,102364900
sh000012,1275,2008-04-11,112.981,113.019,112.862,113.001,93444900
sh000012,1276,2008-04-14,113.032,113.033,112.995,113.023,108268000
sh000012,1277,2008-04-15,113.033,113.064,112.998,113.052,61414300
sh000012,1278,2008-04-16,113.06,113.092,113.016,113.089,70302800
sh000012,1279,2008-04-17,113.099,113.156,113.091,113.127,79963000
sh000012,1280,2008-04-18,113.137,113.143,113.049,113.077,123847900
sh000012,1281,2008-04-21,113.095,113.095,112.985,113.055,79691500
sh000012,1282,2008-04-22,113.065,113.147,113.026,113.098,53962300
sh000012,1283,2008-04-23,113.108,113.118,113.022,113.097,64664200
sh000012,1284,2008-04-24,113.054,113.125,112.888,113.125,172379600
sh000012,1285,2008-04-25,113.131,113.197,113.07,113.173,226825000
sh000012,1286,2008-04-28,113.216,113.216,113.158,113.176,42123900
sh000012,1287,2008-04-29,113.186,113.202,113.162,113.197,119742200
sh000012,1288,2008-04-30,113.207,113.207,113.053,113.186,64802000
sh000012,1289,2008-05-05,113.237,113.469,113.193,113.469,45052800
sh000012,1290,2008-05-06,113.479,113.498,113.442,113.475,90205700
sh000012,1291,2008-05-07,113.485,113.485,113.298,113.318,45464200
sh000012,1292,2008-05-08,113.328,113.328,113.173,113.22,28398900
sh000012,1293,2008-05-09,113.23,113.279,113.176,113.272,41321000
sh000012,1294,2008-05-12,113.309,113.315,113.228,113.315,54762700
sh000012,1295,2008-05-13,113.325,113.412,113.275,113.41,43857600
sh000012,1296,2008-05-14,113.421,113.421,113.303,113.353,29848600
sh000012,1297,2008-05-15,113.364,113.366,113.315,113.319,74394700
sh000012,1298,2008-05-16,113.329,113.344,113.3,113.329,24156500
sh000012,1299,2008-05-19,113.36,113.376,113.339,113.348,39906000
sh000012,1300,2008-05-20,113.359,113.36,113.312,113.33,22154800
sh000012,1301,2008-05-21,113.34,113.374,113.309,113.366,28929400
sh000012,1302,2008-05-22,113.376,113.408,113.311,113.399,15234600
sh000012,1303,2008-05-23,113.412,113.433,113.37,113.371,43755400
sh000012,1304,2008-05-26,113.415,113.465,113.343,113.398,26210800
sh000012,1305,2008-05-27,113.409,113.422,113.381,113.399,39228000
sh000012,1306,2008-05-28,113.409,113.436,113.388,113.405,9362100
sh000012,1307,2008-05-29,113.43,113.461,113.416,113.447,53969500
sh000012,1308,2008-05-30,113.457,113.522,113.457,113.517,73057500
sh000012,1309,2008-06-02,113.548,113.561,113.532,113.561,65767700
sh000012,1310,2008-06-03,113.571,113.579,113.476,113.519,30925300
sh000012,1311,2008-06-04,113.529,113.539,113.506,113.527,49922300
sh000012,1312,2008-06-05,113.537,113.604,113.476,113.506,38939600
sh000012,1313,2008-06-06,113.512,113.558,113.257,113.502,14714000
sh000012,1314,2008-06-10,113.543,113.543,113.371,113.411,23523900
sh000012,1315,2008-06-11,113.421,113.426,113.35,113.385,21820800
sh000012,1316,2008-06-12,113.397,113.402,113.372,113.4,28281300
sh000012,1317,2008-06-13,113.41,113.426,113.374,113.402,27426800
sh000012,1318,2008-06-16,113.432,113.497,113.406,113.496,44112500
sh000012,1319,2008-06-17,113.5,113.555,113.484,113.524,30762300
sh000012,1320,2008-06-18,113.535,113.535,113.41,113.519,33390400
sh000012,1321,2008-06-19,113.529,113.535,113.476,113.505,27279000
sh000012,1322,2008-06-20,113.515,113.515,113.41,113.507,21296100
sh000012,1323,2008-06-23,113.537,113.541,113.469,113.501,32492700
sh000012,1324,2008-06-24,113.512,113.512,113.471,113.492,31080400
sh000012,1325,2008-06-25,113.502,113.511,113.486,113.507,12286600
sh000012,1326,2008-06-26,113.517,113.517,113.466,113.477,46260400
sh000012,1327,2008-06-27,113.487,113.487,113.429,113.436,21204400
sh000012,1328,2008-06-30,113.464,113.47,113.387,113.414,28511200
sh000012,1329,2008-07-01,113.424,113.436,113.37,113.397,21605500
sh000012,1330,2008-07-02,113.45,113.45,113.263,113.382,77241700
sh000012,1331,2008-07-03,113.392,113.495,113.137,113.358,75864700
sh000012,1332,2008-07-04,113.368,113.373,112.928,113.292,42355300
sh000012,1333,2008-07-07,113.314,113.332,113.237,113.251,21386500
sh000012,1334,2008-07-08,113.261,113.274,113.238,113.269,29848400
sh000012,1335,2008-07-09,113.279,113.379,113.279,113.332,69471000
sh000012,1336,2008-07-10,113.342,113.39,113.307,113.353,57440000
sh000012,1337,2008-07-11,113.363,113.428,113.36,113.425,17272900
sh000012,1338,2008-07-14,113.456,113.463,113.419,113.449,12857700
sh000012,1339,2008-07-15,113.459,113.468,113.423,113.447,23138000
sh000012,1340,2008-07-16,113.457,113.636,113.388,113.448,20997500
sh000012,1341,2008-07-17,113.456,113.457,113.423,113.427,53605600
sh000012,1342,2008-07-18,113.437,113.438,113.395,113.412,7109800
sh000012,1343,2008-07-21,113.443,113.443,113.377,113.389,20937100
sh000012,1344,2008-07-22,113.399,113.426,113.357,113.42,24073400
sh000012,1345,2008-07-23,113.43,113.49,113.202,113.462,26672200
sh000012,1346,2008-07-24,113.473,113.661,113.419,113.444,16441000
sh000012,1347,2008-07-25,113.454,113.484,113.339,113.479,16823100
sh000012,1348,2008-07-28,113.507,113.758,113.367,113.472,44832300
sh000012,1349,2008-07-29,113.482,113.485,113.438,113.468,34998400
sh000012,1350,2008-07-30,113.479,113.481,113.418,113.442,59420800
sh000012,1351,2008-07-31,113.464,113.472,113.382,113.402,48276800
sh000012,1352,2008-08-01,113.414,113.472,113.397,113.47,21229200
sh000012,1353,2008-08-04,113.5,113.503,113.43,113.467,46797400
sh000012,1354,2008-08-05,113.478,113.509,113.361,113.471,90118200
sh000012,1355,2008-08-06,113.481,113.49,113.399,113.487,65502900
sh000012,1356,2008-08-07,113.497,113.566,113.474,113.557,70907200
sh000012,1357,2008-08-08,113.568,113.736,113.568,113.701,61967500
sh000012,1358,2008-08-11,113.731,113.76,113.659,113.66,74312200
sh000012,1359,2008-08-12,113.671,113.689,113.63,113.689,77551300
sh000012,1360,2008-08-13,113.707,113.718,113.654,113.718,43935700
sh000012,1361,2008-08-14,113.728,113.77,113.709,113.766,38317100
sh000012,1362,2008-08-15,113.776,113.801,113.738,113.768,26592500
sh000012,1363,2008-08-18,113.795,113.931,113.773,113.911,25331400
sh000012,1364,2008-08-19,113.921,114.136,113.836,113.879,74721100
sh000012,1365,2008-08-20,113.889,113.907,113.859,113.88,94893300
sh000012,1366,2008-08-21,113.89,113.96,113.882,113.96,75218500
sh000012,1367,2008-08-22,113.971,114.027,113.946,114.024,81278200
sh000012,1368,2008-08-25,114.055,114.087,113.981,114.004,56271600
sh000012,1369,2008-08-26,114.014,114.045,113.853,113.864,68185500
sh000012,1370,2008-08-27,113.874,113.888,113.607,113.667,76147600
sh000012,1371,2008-08-28,113.677,113.899,113.664,113.714,83936200
sh000012,1372,2008-08-29,113.723,113.975,113.723,113.975,180754600
sh000012,1373,2008-09-01,114.007,114.074,113.847,113.921,87734000
sh000012,1374,2008-09-02,113.931,113.973,113.908,113.937,85658200
sh000012,1375,2008-09-03,113.947,114.184,113.924,114.095,86544600
sh000012,1376,2008-09-04,114.106,114.19,114.061,114.186,97444000
sh000012,1377,2008-09-05,114.196,114.284,114.129,114.266,73602700
sh000012,1378,2008-09-08,114.297,114.372,114.294,114.345,42655200
sh000012,1379,2008-09-09,114.355,114.482,114.243,114.477,56200800
sh000012,1380,2008-09-10,114.487,114.804,114.467,114.693,89019200
sh000012,1381,2008-09-11,114.703,114.838,114.686,114.795,89962600
sh000012,1382,2008-09-12,114.806,115.053,114.803,115.04,94703200
sh000012,1383,2008-09-16,115.165,115.907,115.158,115.901,112685000
sh000012,1384,2008-09-17,115.921,116.181,115.921,116.112,103921600
sh000012,1385,2008-09-18,116.122,116.192,115.738,115.984,83046500
sh000012,1386,2008-09-19,115.96,115.963,115.677,115.854,60813800
sh000012,1387,2008-09-22,115.847,115.904,115.801,115.904,89248000
sh000012,1388,2008-09-23,115.907,115.999,115.885,115.999,73617000
sh000012,1389,2008-09-24,116.01,116.197,116.01,116.186,71795700
sh000012,1390,2008-09-25,116.206,116.206,116.107,116.151,83394000
sh000012,1391,2008-09-26,116.161,116.338,116.047,116.324,61852500
sh000012,1392,2008-10-06,116.428,116.441,116.334,116.439,52103300
sh000012,1393,2008-10-07,116.449,116.84,116.442,116.81,74857500
sh000012,1394,2008-10-08,116.822,117.615,116.781,117.615,73986300
sh000012,1395,2008-10-09,117.594,118.127,117.414,118.126,128629000
sh000012,1396,2008-10-10,118.133,118.201,117.903,118.158,80261000
sh000012,1397,2008-10-13,118.189,118.192,117.972,118.067,127258500
sh000012,1398,2008-10-14,118.073,118.073,117.871,118.055,59501100
sh000012,1399,2008-10-15,118.066,118.217,118.002,118.205,52407100
sh000012,1400,2008-10-16,118.215,118.35,118.164,118.338,89343500
sh000012,1401,2008-10-17,118.341,118.54,118.185,118.314,60370800
sh000012,1402,2008-10-20,118.332,118.332,118.083,118.23,69597100
sh000012,1403,2008-10-21,118.23,118.332,118.12,118.322,120613000
sh000012,1404,2008-10-22,118.31,118.316,118.217,118.312,43852100
sh000012,1405,2008-10-23,118.323,118.392,118.286,118.336,135347000
sh000012,1406,2008-10-24,118.346,118.348,118.275,118.299,196648000
sh000012,1407,2008-10-27,118.33,118.519,118.297,118.504,110758500
sh000012,1408,2008-10-28,118.516,118.761,118.496,118.755,97602000
sh000012,1409,2008-10-29,118.765,118.83,118.68,118.797,142529700
sh000012,1410,2008-10-30,118.813,118.947,118.773,118.927,148164600
sh000012,1411,2008-10-31,118.938,118.985,118.933,118.953,149035200
sh000012,1412,2008-11-03,118.985,118.997,118.92,118.959,73592800
sh000012,1413,2008-11-04,118.967,118.974,118.902,118.961,164426800
sh000012,1414,2008-11-05,118.971,118.999,118.896,118.999,115460200
sh000012,1415,2008-11-06,119.01,119.104,118.854,118.951,128468200
sh000012,1416,2008-11-07,118.961,119.168,118.91,119.155,159077400
sh000012,1417,2008-11-10,119.215,119.243,119.049,119.221,113068000
sh000012,1418,2008-11-11,119.209,119.411,119.013,119.39,117571800
sh000012,1419,2008-11-12,119.401,119.632,119.401,119.631,197830400
sh000012,1420,2008-11-13,119.642,119.743,119.601,119.74,184557000
sh000012,1421,2008-11-14,119.75,119.811,119.709,119.79,177958100
sh000012,1422,2008-11-17,119.819,119.819,119.604,119.746,153476100
sh000012,1423,2008-11-18,119.757,119.762,119.592,119.745,131517200
sh000012,1424,2008-11-19,119.755,119.763,119.56,119.586,122926100
sh000012,1425,2008-11-20,119.596,119.596,119.494,119.52,86314800
sh000012,1426,2008-11-21,119.53,119.645,119.373,119.373,87931800
sh000012,1427,2008-11-24,119.398,119.398,119.107,119.155,43225100
sh000012,1428,2008-11-25,119.164,119.167,119.057,119.068,67935500
sh000012,1429,2008-11-26,119.078,119.078,118.73,118.883,108395800
sh000012,1430,2008-11-27,119.096,119.475,119.021,119.255,205850400
sh000012,1431,2008-11-28,119.267,119.399,119.209,119.388,94921100
sh000012,1432,2008-12-01,119.419,119.468,119.358,119.388,179771300
sh000012,1433,2008-12-02,119.399,119.451,119.364,119.451,82130200
sh000012,1434,2008-12-03,119.461,119.807,119.331,119.55,119931600
sh000012,1435,2008-12-04,119.559,119.59,119.466,119.584,156501200
sh000012,1436,2008-12-05,119.592,119.791,119.592,119.785,139022600
sh000012,1437,2008-12-08,119.813,119.813,119.631,119.764,136047400
sh000012,1438,2008-12-09,119.837,119.844,119.727,119.744,102551000
sh000012,1439,2008-12-10,119.764,119.938,119.644,119.904,111311500
sh000012,1440,2008-12-11,119.914,120.102,119.725,119.91,180028600
sh000012,1441,2008-12-12,119.922,120.438,119.851,120.007,158008200
sh000012,1442,2008-12-15,120.038,120.163,120.017,120.148,109534000
sh000012,1443,2008-12-16,120.159,120.261,120.038,120.256,90132300
sh000012,1444,2008-12-17,120.266,120.446,120.252,120.439,122386700
sh000012,1445,2008-12-18,120.451,120.626,120.414,120.603,109691000
sh000012,1446,2008-12-19,120.614,120.699,120.575,120.693,130235000
sh000012,1447,2008-12-22,120.703,120.719,120.649,120.697,73594300
sh000012,1448,2008-12-23,120.708,120.773,120.684,120.772,70496500
sh000012,1449,2008-12-24,120.782,120.966,120.731,120.953,75295100
sh000012,1450,2008-12-25,120.962,121.085,120.9,120.982,186300000
sh000012,1451,2008-12-26,120.987,121.038,120.956,120.957,72849000
sh000012,1452,2008-12-29,120.988,121.078,120.98,121.078,68917900
sh000012,1453,2008-12-30,121.089,121.347,121.032,121.204,87516100
sh000012,1454,2008-12-31,121.216,121.534,121.189,121.296,58539600
sh000012,1455,2009-01-05,121.348,121.348,121.138,121.217,55812600
sh000012,1456,2009-01-06,121.228,121.25,121.112,121.18,64362100
sh000012,1457,2009-01-07,121.19,121.19,121.027,121.12,84168800
sh000012,1458,2009-01-08,121.131,121.207,121.076,121.192,66459000
sh000012,1459,2009-01-09,121.202,121.221,121.164,121.221,104721500
sh000012,1460,2009-01-12,121.253,121.253,121.097,121.165,56139400
sh000012,1461,2009-01-13,121.177,121.2,121.073,121.14,70888800
sh000012,1462,2009-01-14,121.152,121.154,120.945,120.984,119479000
sh000012,1463,2009-01-15,120.994,121.006,120.747,120.802,127077300
sh000012,1464,2009-01-16,120.813,120.826,120.672,120.711,168510300
sh000012,1465,2009-01-19,120.724,120.753,120.633,120.66,47599100
sh000012,1466,2009-01-20,120.664,120.882,120.664,120.862,94623400
sh000012,1467,2009-01-21,120.872,120.874,120.626,120.704,76066800
sh000012,1468,2009-01-22,120.712,120.738,120.68,120.708,64891000
sh000012,1469,2009-01-23,120.719,120.771,120.663,120.71,76850400
sh000012,1470,2009-02-02,120.812,120.818,120.6,120.738,42395000
sh000012,1471,2009-02-03,120.749,120.749,120.217,120.258,89027700
sh000012,1472,2009-02-04,120.267,120.274,119.873,120.002,139376100
sh000012,1473,2009-02-05,120.008,120.011,119.728,119.903,181169800
sh000012,1474,2009-02-06,119.914,120.031,119.875,120.029,99017800
sh000012,1475,2009-02-09,120.029,120.029,119.754,119.943,64454600
sh000012,1476,2009-02-10,120.051,120.121,119.619,119.841,65856700
sh000012,1477,2009-02-11,119.852,119.994,119.81,119.993,100610800
sh000012,1478,2009-02-12,120.005,120.154,119.99,120.052,104303200
sh000012,1479,2009-02-13,120.062,120.083,119.889,120.033,76010400
sh000012,1480,2009-02-16,120.064,120.32,119.97,120.115,59758600
sh000012,1481,2009-02-17,120.127,120.44,120.052,120.37,143603300
sh000012,1482,2009-02-18,120.38,120.788,120.308,120.497,73523700
sh000012,1483,2009-02-19,120.506,120.564,120.416,120.562,47978400
sh000012,1484,2009-02-20,120.573,120.61,120.449,120.549,107052400
sh000012,1485,2009-02-23,120.579,120.643,120.507,120.612,50505300
sh000012,1486,2009-02-24,120.623,120.913,120.527,120.908,95362600
sh000012,1487,2009-02-25,120.919,120.942,120.796,120.939,83731300
sh000012,1488,2009-02-26,120.95,121.102,120.936,121.038,67472700
sh000012,1489,2009-02-27,121.049,121.049,120.697,120.84,78492600
sh000012,1490,2009-03-02,120.87,120.87,120.742,120.844,47643100
sh000012,1491,2009-03-03,120.855,120.866,120.83,120.848,54824000
sh000012,1492,2009-03-04,120.858,120.858,120.746,120.767,203152100
sh000012,1493,2009-03-05,120.772,120.774,120.661,120.709,142135100
sh000012,1494,2009-03-06,120.721,120.777,120.696,120.773,39035900
sh000012,1495,2009-03-09,120.804,120.843,120.786,120.828,73778000
sh000012,1496,2009-03-10,120.839,120.844,120.814,120.83,34404900
sh000012,1497,2009-03-11,120.828,120.891,120.806,120.891,62451100
sh000012,1498,2009-03-12,120.902,120.952,120.89,120.948,98727100
sh000012,1499,2009-03-13,120.957,121.062,120.948,121.054,51092600
sh000012,1500,2009-03-16,121.086,121.097,121.055,121.094,60159800
sh000012,1501,2009-03-17,121.105,121.107,120.996,121.042,110867800
sh000012,1502,2009-03-18,121.048,121.048,120.898,120.963,68079900
sh000012,1503,2009-03-19,120.973,121.022,120.95,121.021,36744300
sh000012,1504,2009-03-20,121.024,121.025,120.93,120.959,58212300
sh000012,1505,2009-03-23,120.989,120.989,120.92,120.964,68217000
sh000012,1506,2009-03-24,120.973,120.973,120.913,120.933,88736400
sh000012,1507,2009-03-25,120.938,121.187,120.925,120.973,57325500
sh000012,1508,2009-03-26,120.981,121.06,120.921,121.058,90143500
sh000012,1509,2009-03-27,121.069,121.073,120.969,121.029,115124700
sh000012,1510,2009-03-30,121.058,121.072,121.044,121.069,47160900
sh000012,1511,2009-03-31,121.079,121.098,120.864,120.954,72691900
sh000012,1512,2009-04-01,120.955,120.964,120.894,120.93,54974900
sh000012,1513,2009-04-02,120.94,120.969,120.924,120.962,159140700
sh000012,1514,2009-04-03,120.973,121.008,120.882,120.926,96414300
sh000012,1515,2009-04-07,120.969,121.015,120.943,120.96,69195000
sh000012,1516,2009-04-08,120.97,120.978,120.885,120.903,40377200
sh000012,1517,2009-04-09,120.913,120.935,120.831,120.869,69334000
sh000012,1518,2009-04-10,120.88,120.88,120.65,120.736,68126500
sh000012,1519,2009-04-13,120.768,120.768,120.681,120.731,62307400
sh000012,1520,2009-04-14,120.741,121.562,120.693,120.785,80715300
sh000012,1521,2009-04-15,120.783,120.814,120.748,120.805,40449700
sh000012,1522,2009-04-16,120.817,120.819,120.757,120.812,25186700
sh000012,1523,2009-04-17,120.82,120.857,120.777,120.853,79623200
sh000012,1524,2009-04-20,120.885,120.909,120.838,120.905,65755300
sh000012,1525,2009-04-21,120.916,120.969,120.911,120.958,58155100
sh000012,1526,2009-04-22,120.97,120.999,120.948,120.993,88177300
sh000012,1527,2009-04-23,121.006,121.008,120.933,120.954,48391400
sh000012,1528,2009-04-24,120.965,120.976,120.947,120.972,44274600
sh000012,1529,2009-04-27,121.003,121.578,120.979,121.094,87873300
sh000012,1530,2009-04-28,121.104,121.159,121.046,121.085,31436800
sh000012,1531,2009-04-29,121.095,121.128,121.064,121.121,39765300
sh000012,1532,2009-04-30,121.132,121.134,121.092,121.134,41286900
sh000012,1533,2009-05-04,121.175,121.175,121.07,121.075,49134200
sh000012,1534,2009-05-05,121.085,121.085,120.993,121.063,25154200
sh000012,1535,2009-05-06,121.074,121.124,121.074,121.123,63851200
sh000012,1536,2009-05-07,121.136,121.136,121.06,121.103,46884100
sh000012,1537,2009-05-08,121.114,121.143,121.104,121.125,36608900
sh000012,1538,2009-05-11,121.157,121.197,121.145,121.194,55408500
sh000012,1539,2009-05-12,121.208,121.293,121.206,121.277,64268100
sh000012,1540,2009-05-13,121.288,121.311,121.138,121.237,49260600
sh000012,1541,2009-05-14,121.248,121.322,121.246,121.321,44569200
sh000012,1542,2009-05-15,121.334,121.374,121.292,121.373,63969000
sh000012,1543,2009-05-18,121.405,121.461,121.391,121.459,36530900
sh000012,1544,2009-05-19,121.47,121.493,121.456,121.49,38955400
sh000012,1545,2009-05-20,121.501,121.552,121.492,121.549,46450300
sh000012,1546,2009-05-21,121.563,121.645,121.546,121.572,80406500
sh000012,1547,2009-05-22,121.582,121.615,121.503,121.543,30174300
sh000012,1548,2009-05-25,121.564,121.584,121.436,121.474,30100300
sh000012,1549,2009-05-26,121.485,121.529,121.434,121.528,31510200
sh000012,1550,2009-05-27,121.539,121.547,121.488,121.546,14338800
sh000012,1551,2009-06-01,121.6,121.6,121.459,121.507,36509700
sh000012,1552,2009-06-02,121.516,121.516,121.408,121.431,79389200
sh000012,1553,2009-06-03,121.442,121.476,121.439,121.473,71515000
sh000012,1554,2009-06-04,121.484,121.511,121.461,121.508,58880100
sh000012,1555,2009-06-05,121.519,121.519,121.489,121.515,34243200
sh000012,1556,2009-06-08,121.536,121.546,121.504,121.513,30596200
sh000012,1557,2009-06-09,121.524,121.524,121.466,121.486,29801200
sh000012,1558,2009-06-10,121.497,121.501,121.468,121.5,40173200
sh000012,1559,2009-06-11,121.51,121.516,121.475,121.495,52622200
sh000012,1560,2009-06-12,121.506,121.506,121.459,121.494,42324100
sh000012,1561,2009-06-15,121.529,121.531,121.477,121.5,34344500
sh000012,1562,2009-06-16,120.854,121.571,120.854,121.544,26368000
sh000012,1563,2009-06-17,121.553,121.571,121.531,121.547,42444300
sh000012,1564,2009-06-18,121.561,121.561,121.478,121.509,28985400
sh000012,1565,2009-06-19,121.52,121.52,121.456,121.494,27096500
sh000012,1566,2009-06-22,121.524,121.524,121.428,121.47,54210800
sh000012,1567,2009-06-23,121.482,121.484,121.446,121.478,100136600
sh000012,1568,2009-06-24,121.489,121.49,121.42,121.455,49289400
sh000012,1569,2009-06-25,121.458,121.461,121.256,121.272,33116000
sh000012,1570,2009-06-26,121.283,121.301,121.252,121.277,39452500
sh000012,1571,2009-06-29,121.309,121.31,121.033,121.253,58203400
sh000012,1572,2009-06-30,121.265,121.336,121.227,121.335,73969700
sh000012,1573,2009-07-01,121.346,121.346,121.289,121.302,45875600
sh000012,1574,2009-07-02,121.313,121.313,121.279,121.312,36720500
sh000012,1575,2009-07-03,121.324,121.347,121.318,121.331,69716100
sh000012,1576,2009-07-06,121.363,121.363,121.302,121.324,65733300
sh000012,1577,2009-07-07,121.334,121.372,121.332,121.363,47726100
sh000012,1578,2009-07-08,121.374,121.377,121.344,121.357,20394700
sh000012,1579,2009-07-09,121.368,121.37,121.335,121.359,70770200
sh000012,1580,2009-07-10,121.369,121.381,121.311,121.325,47310500
sh000012,1581,2009-07-13,121.358,121.358,121.22,121.234,39106700
sh000012,1582,2009-07-14,121.245,121.245,121.192,121.206,37107900
sh000012,1583,2009-07-15,121.217,121.22,121.078,121.097,53929900
sh000012,1584,2009-07-16,121.108,121.131,121.06,121.078,44218600
sh000012,1585,2009-07-17,121.089,121.091,121.005,121.03,127682400
sh000012,1586,2009-07-20,121.058,121.058,120.939,121.014,38683400
sh000012,1587,2009-07-21,121.04,121.058,120.859,121.036,63403200
sh000012,1588,2009-07-22,121.046,121.061,120.812,120.979,19499500
sh000012,1589,2009-07-23,120.982,121.032,120.975,121.023,80179400
sh000012,1590,2009-07-24,121.034,121.034,120.88,120.968,42735200
sh000012,1591,2009-07-27,121.001,121.001,120.818,120.928,47248600
sh000012,1592,2009-07-28,120.938,120.938,120.748,120.758,91528900
sh000012,1593,2009-07-29,120.767,120.786,120.709,120.711,69909400
sh000012,1594,2009-07-30,120.725,120.796,120.707,120.73,61315500
sh000012,1595,2009-07-31,120.741,120.753,120.659,120.71,41510700
sh000012,1596,2009-08-03,120.742,120.755,120.636,120.657,27033400
sh000012,1597,2009-08-04,120.668,120.668,120.288,120.307,48737000
sh000012,1598,2009-08-05,120.318,120.493,120.318,120.491,26995900
sh000012,1599,2009-08-06,120.503,120.594,120.503,120.593,24356900
sh000012,1600,2009-08-07,120.605,120.824,120.597,120.824,48593100
sh000012,1601,2009-08-10,120.857,120.88,120.706,120.766,64924600
sh000012,1602,2009-08-11,120.777,120.857,120.762,120.824,33704700
sh000012,1603,2009-08-12,120.836,120.847,120.514,120.698,72669500
sh000012,1604,2009-08-13,120.709,120.863,120.706,120.794,43614000
sh000012,1605,2009-08-14,120.805,120.831,120.779,120.83,30853000
sh000012,1606,2009-08-17,120.919,120.919,120.807,120.856,69068700
sh000012,1607,2009-08-18,120.868,120.904,120.823,120.878,38347000
sh000012,1608,2009-08-19,120.883,120.996,120.851,120.974,42799500
sh000012,1609,2009-08-20,120.985,121.048,120.714,121.042,45806000
sh000012,1610,2009-08-21,121.053,121.059,120.858,120.964,29759800
sh000012,1611,2009-08-24,120.998,121.249,120.969,121.247,51945000
sh000012,1612,2009-08-25,121.259,121.279,121.187,121.238,36347000
sh000012,1613,2009-08-26,121.249,121.249,121.183,121.234,27724900
sh000012,1614,2009-08-27,121.246,121.25,120.984,121.221,38649400
sh000012,1615,2009-08-28,121.234,121.291,121.23,121.291,69095800
sh000012,1616,2009-08-31,121.324,121.335,121.216,121.278,55891000
sh000012,1617,2009-09-01,121.289,121.381,121.24,121.381,54165300
sh000012,1618,2009-09-02,121.392,121.445,121.372,121.422,83023200
sh000012,1619,2009-09-03,121.433,121.451,121.279,121.314,137880900
sh000012,1620,2009-09-04,121.325,121.333,121.294,121.297,131662000
sh000012,1621,2009-09-07,121.328,121.445,121.22,121.335,74988900
sh000012,1622,2009-09-08,121.342,121.342,121.27,121.271,72088500
sh000012,1623,2009-09-09,121.281,121.416,121.252,121.265,93747300
sh000012,1624,2009-09-10,121.275,121.3,121.207,121.264,37552300
sh000012,1625,2009-09-11,121.275,121.311,121.229,121.281,36820400
sh000012,1626,2009-09-14,121.31,121.471,121.309,121.452,73814400
sh000012,1627,2009-09-15,121.463,121.476,121.4,121.407,40247400
sh000012,1628,2009-09-16,121.418,121.591,121.335,121.414,34512200
sh000012,1629,2009-09-17,121.425,121.431,121.399,121.401,52059400
sh000012,1630,2009-09-18,121.412,121.452,121.408,121.443,135022600
sh000012,1631,2009-09-21,121.475,121.503,121.43,121.496,51179800
sh000012,1632,2009-09-22,121.507,121.517,121.419,121.442,42194200
sh000012,1633,2009-09-23,121.452,121.452,120.441,121.408,107403700
sh000012,1634,2009-09-24,121.42,121.464,121.279,121.462,56297900
sh000012,1635,2009-09-25,121.473,121.473,121.312,121.458,64737200
sh000012,1636,2009-09-28,121.49,121.707,121.489,121.701,30769100
sh000012,1637,2009-09-29,121.713,121.719,121.637,121.64,44854900
sh000012,1638,2009-09-30,121.65,121.733,121.645,121.714,56902200
sh000012,1639,2009-10-09,121.808,121.808,121.67,121.698,25264500
sh000012,1640,2009-10-12,121.729,121.807,121.691,121.76,26851500
sh000012,1641,2009-10-13,121.773,121.8,121.754,121.774,27339500
sh000012,1642,2009-10-14,121.786,122.173,121.746,122.083,42531500
sh000012,1643,2009-10-15,122.099,122.114,121.995,122.111,42839200
sh000012,1644,2009-10-16,122.122,122.126,122.1,122.116,33045000
sh000012,1645,2009-10-19,122.147,122.147,122.02,122.025,45233100
sh000012,1646,2009-10-20,122.034,122.063,122.015,122.022,29536300
sh000012,1647,2009-10-21,122.033,122.076,122.019,122.042,28601700
sh000012,1648,2009-10-22,122.052,122.201,122.038,122.199,25855700
sh000012,1649,2009-10-23,122.212,122.214,122.124,122.181,22198400
sh000012,1650,2009-10-26,122.213,122.335,122.139,122.314,44475400
sh000012,1651,2009-10-27,122.325,122.333,122.219,122.24,28760200
sh000012,1652,2009-10-28,122.251,122.261,122.151,122.218,35492100
sh000012,1653,2009-10-29,122.161,122.255,122.078,122.247,25241000
sh000012,1654,2009-10-30,122.258,122.288,122.226,122.27,22719300
sh000012,1655,2009-11-02,122.305,122.313,122.25,122.253,29644900
sh000012,1656,2009-11-03,122.264,122.296,122.197,122.257,43701500
sh000012,1657,2009-11-04,122.268,122.269,122.175,122.268,28359900
sh000012,1658,2009-11-05,122.279,122.279,122.239,122.258,14027400
sh000012,1659,2009-11-06,122.269,122.27,122.221,122.269,7360100
sh000012,1660,2009-11-09,122.302,122.343,122.281,122.342,21520900
sh000012,1661,2009-11-10,122.353,122.694,122.202,122.233,16420500
sh000012,1662,2009-11-11,122.236,122.245,122.208,122.227,21995800
sh000012,1663,2009-11-12,122.239,122.535,122.239,122.501,21899800
sh000012,1664,2009-11-13,122.511,122.571,122.501,122.571,30527400
sh000012,1665,2009-11-16,122.602,122.617,122.395,122.437,38677600
sh000012,1666,2009-11-17,122.446,122.446,121.886,121.914,39739200
sh000012,1667,2009-11-18,121.924,122.178,121.897,122.178,42787800
sh000012,1668,2009-11-19,122.19,122.492,121.803,121.829,18970200
sh000012,1669,2009-11-20,121.839,122.027,121.64,121.821,47772700
sh000012,1670,2009-11-23,121.852,122.145,121.795,122.144,30216700
sh000012,1671,2009-11-24,122.157,122.589,122.145,122.556,40524400
sh000012,1672,2009-11-25,122.569,122.991,122.182,122.951,27951400
sh000012,1673,2009-11-26,122.966,122.97,122.597,122.918,10336200
sh000012,1674,2009-11-27,122.929,122.929,122.827,122.902,29560200
sh000012,1675,2009-11-30,122.934,122.939,122.289,122.294,22375100
sh000012,1676,2009-12-01,122.306,122.446,122.257,122.265,28194500
sh000012,1677,2009-12-02,122.276,122.308,122.271,122.289,23742100
sh000012,1678,2009-12-03,122.299,122.417,122.283,122.375,11770800
sh000012,1679,2009-12-04,122.386,122.432,122.291,122.432,15089200
sh000012,1680,2009-12-07,122.466,122.503,122.416,122.499,41202100
sh000012,1681,2009-12-08,122.51,122.921,122.41,122.432,14754600
sh000012,1682,2009-12-09,122.443,122.449,122.394,122.445,11730100
sh000012,1683,2009-12-10,122.457,122.491,122.454,122.47,8530900
sh000012,1684,2009-12-11,122.481,122.508,122.455,122.498,19137800
sh000012,1685,2009-12-14,122.532,122.532,122.441,122.51,19166300
sh000012,1686,2009-12-15,122.519,122.519,122.476,122.502,12881300
sh000012,1687,2009-12-16,122.513,122.532,122.491,122.506,8389300
sh000012,1688,2009-12-17,122.517,122.517,122.417,122.456,15614700
sh000012,1689,2009-12-18,122.468,122.563,122.467,122.522,16875100
sh000012,1690,2009-12-21,122.555,122.58,122.504,122.545,19434800
sh000012,1691,2009-12-22,122.556,122.568,122.543,122.567,14888200
sh000012,1692,2009-12-23,122.579,122.579,122.519,122.552,20996100
sh000012,1693,2009-12-24,122.563,122.61,122.486,122.601,22172100
sh000012,1694,2009-12-25,122.612,122.612,122.48,122.595,10018600
sh000012,1695,2009-12-28,122.628,122.633,122.26,122.304,17338800
sh000012,1696,2009-12-29,122.315,122.318,122.241,122.257,16577000
sh000012,1697,2009-12-30,122.268,122.293,122.1,122.291,36680700
sh000012,1698,2009-12-31,122.303,122.382,122.252,122.349,45561900
sh000012,1699,2010-01-04,122.392,122.407,122.329,122.337,13431500
sh000012,1700,2010-01-05,122.35,122.353,122.282,122.284,42565700
sh000012,1701,2010-01-06,122.295,122.32,122.278,122.317,22209000
sh000012,1702,2010-01-07,122.328,122.341,122.307,122.311,41977600
sh000012,1703,2010-01-08,122.322,122.322,122.302,122.317,22102100
sh000012,1704,2010-01-11,122.351,122.351,122.309,122.342,8984700
sh000012,1705,2010-01-12,122.343,122.357,122.33,122.335,27657900
sh000012,1706,2010-01-13,122.346,122.346,122.316,122.342,17277400
sh000012,1707,2010-01-14,122.356,122.364,122.311,122.336,25846300
sh000012,1708,2010-01-15,122.344,122.344,122.25,122.335,16243900
sh000012,1709,2010-01-18,122.369,122.373,122.337,122.357,4765300
sh000012,1710,2010-01-19,122.368,122.454,122.367,122.449,11812000
sh000012,1711,2010-01-20,122.46,122.46,122.334,122.338,35413800
sh000012,1712,2010-01-21,122.349,122.457,122.315,122.455,29971500
sh000012,1713,2010-01-22,122.467,122.505,122.134,122.487,28213700
sh000012,1714,2010-01-25,122.52,122.528,122.463,122.493,21104400
sh000012,1715,2010-01-26,122.505,122.508,122.357,122.487,25919900
sh000012,1716,2010-01-27,122.498,122.537,122.481,122.537,18751000
sh000012,1717,2010-01-28,122.546,122.663,122.54,122.659,32083400
sh000012,1718,2010-01-29,122.67,122.672,122.553,122.591,27602500
sh000012,1719,2010-02-01,122.624,122.877,122.606,122.757,38210200
sh000012,1720,2010-02-02,122.769,122.802,122.736,122.773,56147000
sh000012,1721,2010-02-03,122.784,122.845,122.769,122.786,28899100
sh000012,1722,2010-02-04,122.797,122.872,122.763,122.867,26236800
sh000012,1723,2010-02-05,122.879,123.486,122.879,123.456,52656200
sh000012,1724,2010-02-08,123.49,123.612,123.471,123.563,27132200
sh000012,1725,2010-02-09,123.576,123.609,123.553,123.596,35130900
sh000012,1726,2010-02-10,123.609,123.631,123.563,123.569,24469900
sh000012,1727,2010-02-11,123.581,123.581,123.472,123.499,27327200
sh000012,1728,2010-02-12,123.51,123.516,123.496,123.515,19076700
sh000012,1729,2010-02-22,123.625,123.625,123.532,123.569,34718700
sh000012,1730,2010-02-23,123.573,123.708,123.55,123.684,30375800
sh000012,1731,2010-02-24,123.696,123.699,123.668,123.698,34411900
sh000012,1732,2010-02-25,123.709,123.729,123.697,123.728,26550200
sh000012,1733,2010-02-26,123.737,123.814,123.613,123.761,48945600
sh000012,1734,2010-03-01,123.794,123.805,123.718,123.797,16207200
sh000012,1735,2010-03-02,123.808,123.888,123.479,123.883,22750000
sh000012,1736,2010-03-03,123.895,123.904,123.831,123.857,49360500
sh000012,1737,2010-03-04,123.868,123.884,123.739,123.858,19984900
sh000012,1738,2010-03-05,123.869,123.932,123.841,123.851,30831700
sh000012,1739,2010-03-08,123.888,123.91,123.858,123.901,21147700
sh000012,1740,2010-03-09,123.912,124.012,123.855,123.856,39243500
sh000012,1741,2010-03-10,123.873,123.874,123.854,123.861,31381700
sh000012,1742,2010-03-11,123.872,123.915,123.872,123.899,29328900
sh000012,1743,2010-03-12,123.911,123.917,123.879,123.902,22897700
sh000012,1744,2010-03-15,123.938,123.963,123.823,123.957,21024600
sh000012,1745,2010-03-16,123.968,124.136,123.964,124.133,42808400
sh000012,1746,2010-03-17,124.145,124.157,124.099,124.132,26746900
sh000012,1747,2010-03-18,124.143,124.196,124.103,124.168,27478000
sh000012,1748,2010-03-19,124.179,124.347,124.103,124.213,27331600
sh000012,1749,2010-03-22,124.243,124.279,124.214,124.276,30142700
sh000012,1750,2010-03-23,124.287,124.32,124.111,124.308,26349800
sh000012,1751,2010-03-24,124.32,124.932,124.215,124.932,15791400
sh000012,1752,2010-03-25,124.944,124.974,124.944,124.962,19028500
sh000012,1753,2010-03-26,124.974,124.983,124.274,124.287,41946500
sh000012,1754,2010-03-29,124.319,124.319,124.204,124.239,56655000
sh000012,1755,2010-03-30,124.25,124.308,124.207,124.293,47637100
sh000012,1756,2010-03-31,124.304,124.342,124.266,124.342,54789600
sh000012,1757,2010-04-01,124.353,124.353,124.289,124.315,40822100
sh000012,1758,2010-04-02,124.326,124.333,124.272,124.282,62319800
sh000012,1759,2010-04-06,124.327,124.332,124.253,124.288,32921900
sh000012,1760,2010-04-07,124.303,124.303,124.25,124.273,64343000
sh000012,1761,2010-04-08,124.284,124.738,124.266,124.625,15036200
sh000012,1762,2010-04-09,124.636,124.64,124.261,124.327,21316000
sh000012,1763,2010-04-12,124.361,124.365,124.237,124.345,21575200
sh000012,1764,2010-04-13,124.356,124.356,124.237,124.284,37276500
sh000012,1765,2010-04-14,124.295,124.298,124.276,124.281,16866700
sh000012,1766,2010-04-15,124.29,124.316,124.201,124.201,12454000
sh000012,1767,2010-04-16,124.212,124.337,124.199,124.336,28758500
sh000012,1768,2010-04-19,124.371,124.374,124.31,124.34,44530100
sh000012,1769,2010-04-20,124.35,124.592,124.335,124.421,26527300
sh000012,1770,2010-04-21,124.464,124.478,124.42,124.428,31063500
sh000012,1771,2010-04-22,124.44,124.475,124.368,124.373,32061000
sh000012,1772,2010-04-23,124.384,124.434,124.327,124.426,43383400
sh000012,1773,2010-04-26,124.46,124.577,124.449,124.544,35690700
sh000012,1774,2010-04-27,124.555,124.615,124.544,124.567,46928900
sh000012,1775,2010-04-28,124.582,124.608,124.571,124.602,41923100
sh000012,1776,2010-04-29,124.613,124.662,124.566,124.662,17012300
sh000012,1777,2010-04-30,124.674,124.674,124.575,124.668,27465300
sh000012,1778,2010-05-04,124.714,124.714,124.505,124.64,22876500
sh000012,1779,2010-05-05,124.651,124.763,124.628,124.761,33488400
sh000012,1780,2010-05-06,124.774,124.799,124.72,124.788,66546800
sh000012,1781,2010-05-07,124.801,124.914,124.753,124.91,101140900
sh000012,1782,2010-05-10,124.944,124.971,124.917,124.923,54915400
sh000012,1783,2010-05-11,124.928,124.938,124.879,124.938,60378200
sh000012,1784,2010-05-12,124.949,124.998,124.925,124.994,29318700
sh000012,1785,2010-05-13,125.006,125.007,124.944,124.948,55447900
sh000012,1786,2010-05-14,124.961,124.984,124.937,124.983,53566800
sh000012,1787,2010-05-17,125.02,125.172,124.967,125.171,69106700
sh000012,1788,2010-05-18,125.182,125.327,125.104,125.111,66279500
sh000012,1789,2010-05-19,125.123,125.184,125.097,125.184,53478000
sh000012,1790,2010-05-20,125.195,125.328,125.195,125.253,26839500
sh000012,1791,2010-05-21,125.265,125.337,125.248,125.319,25191100
sh000012,1792,2010-05-24,125.353,125.353,125.24,125.305,87961300
sh000012,1793,2010-05-25,125.316,125.37,125.114,125.368,67232300
sh000012,1794,2010-05-26,125.38,125.386,125.362,125.381,15769700
sh000012,1795,2010-05-27,125.392,125.392,125.271,125.361,29716100
sh000012,1796,2010-05-28,125.372,125.648,125.331,125.404,23164800
sh000012,1797,2010-05-31,125.439,125.439,125.354,125.382,18820200
sh000012,1798,2010-06-01,125.402,125.423,125.343,125.362,26556200
sh000012,1799,2010-06-02,125.376,125.377,125.256,125.31,62152900
sh000012,1800,2010-06-03,125.323,125.359,125.307,125.358,111706900
sh000012,1801,2010-06-04,125.369,125.371,125.298,125.306,74709000
sh000012,1802,2010-06-07,125.341,125.463,125.334,125.46,34132400
sh000012,1803,2010-06-08,125.471,125.471,125.414,125.42,18182800
sh000012,1804,2010-06-09,125.434,125.434,125.334,125.383,38555000
sh000012,1805,2010-06-10,125.394,125.406,125.221,125.338,60003700
sh000012,1806,2010-06-11,125.349,125.355,125.309,125.35,34620200
sh000012,1807,2010-06-17,125.418,125.437,125.209,125.328,12446100
sh000012,1808,2010-06-18,125.339,125.352,125.311,125.345,29304000
sh000012,1809,2010-06-21,125.379,125.442,125.368,125.441,40283000
sh000012,1810,2010-06-22,125.453,125.467,125.4,125.401,10499600
sh000012,1811,2010-06-23,125.412,125.446,125.333,125.444,20762100
sh000012,1812,2010-06-24,125.455,125.458,125.399,125.43,22281900
sh000012,1813,2010-06-25,125.452,125.532,125.382,125.529,30939700
sh000012,1814,2010-06-28,125.569,125.574,125.545,125.573,25910000
sh000012,1815,2010-06-29,125.588,125.619,125.572,125.596,74150900
sh000012,1816,2010-06-30,125.634,125.666,125.591,125.661,55755300
sh000012,1817,2010-07-01,125.672,125.701,125.617,125.626,38756000
sh000012,1818,2010-07-02,125.637,125.662,125.604,125.615,54059900
sh000012,1819,2010-07-05,125.65,125.655,125.632,125.647,28490000
sh000012,1820,2010-07-06,125.659,125.961,125.645,125.8,15900600
sh000012,1821,2010-07-07,125.812,125.865,125.574,125.747,27940700
sh000012,1822,2010-07-08,125.758,126.02,125.7,125.829,22498600
sh000012,1823,2010-07-09,125.841,125.875,125.468,125.514,23664500
sh000012,1824,2010-07-12,125.548,126.068,125.531,126.065,41752800
sh000012,1825,2010-07-13,126.076,126.092,126.058,126.077,46635600
sh000012,1826,2010-07-14,126.088,126.146,126.072,126.14,24630300
sh000012,1827,2010-07-15,126.152,126.155,126.078,126.102,28532900
sh000012,1828,2010-07-16,126.113,126.199,126.07,126.183,33384700
sh000012,1829,2010-07-19,126.216,126.216,126.133,126.181,34455900
sh000012,1830,2010-07-20,126.192,126.197,126.132,126.149,43437700
sh000012,1831,2010-07-21,126.155,126.163,126.125,126.16,31442000
sh000012,1832,2010-07-22,126.184,126.351,126.082,126.144,32230200
sh000012,1833,2010-07-23,126.155,126.165,126.133,126.162,40656500
sh000012,1834,2010-07-26,126.195,126.195,126.148,126.166,25606700
sh000012,1835,2010-07-27,126.18,126.18,126.064,126.067,40140500
sh000012,1836,2010-07-28,126.078,126.095,126.078,126.078,52084300
sh000012,1837,2010-07-29,126.089,126.089,126.052,126.06,26747900
sh000012,1838,2010-07-30,126.072,126.072,125.975,125.985,39639100
sh000012,1839,2010-08-02,126.044,126.101,126.027,126.09,20263800
sh000012,1840,2010-08-03,126.1,126.105,126.07,126.104,29123200
sh000012,1841,2010-08-04,126.116,126.405,126.104,126.405,37475400
sh000012,1842,2010-08-05,126.416,126.46,126.403,126.459,71194900
sh000012,1843,2010-08-06,126.471,126.495,126.443,126.46,61384000
sh000012,1844,2010-08-09,126.495,126.5,126.456,126.491,24862800
sh000012,1845,2010-08-10,126.502,126.502,126.468,126.478,17889100
sh000012,1846,2010-08-11,126.49,126.661,126.371,126.442,27932700
sh000012,1847,2010-08-12,126.457,126.539,126.357,126.448,44325400
sh000012,1848,2010-08-13,126.474,126.474,126.407,126.408,27507200
sh000012,1849,2010-08-16,126.443,127.101,126.38,126.515,24900900
sh000012,1850,2010-08-17,126.526,126.603,126.47,126.599,16121600
sh000012,1851,2010-08-18,126.611,126.623,126.604,126.622,17177900
sh000012,1852,2010-08-19,126.638,126.638,126.498,126.619,8023100
sh000012,1853,2010-08-20,126.63,126.63,126.53,126.612,15887400
sh000012,1854,2010-08-23,126.646,126.671,126.627,126.639,15895000
sh000012,1855,2010-08-24,126.651,126.703,126.601,126.601,40605600
sh000012,1856,2010-08-25,126.612,126.616,126.516,126.613,32132200
sh000012,1857,2010-08-26,126.624,126.638,126.339,126.574,14744800
sh000012,1858,2010-08-27,126.585,126.633,126.536,126.628,29361200
sh000012,1859,2010-08-30,126.663,126.664,126.581,126.588,26778000
sh000012,1860,2010-08-31,126.6,126.632,126.589,126.623,9722300
sh000012,1861,2010-09-01,126.636,126.646,126.587,126.64,16337600
sh000012,1862,2010-09-02,126.651,126.651,126.53,126.603,17094300
sh000012,1863,2010-09-03,126.615,126.683,126.578,126.683,38089700
sh000012,1864,2010-09-06,126.717,126.768,126.717,126.734,24192200
sh000012,1865,2010-09-07,126.745,126.762,126.689,126.744,16050900
sh000012,1866,2010-09-08,126.76,126.797,126.741,126.751,17775300
sh000012,1867,2010-09-09,126.766,126.766,126.673,126.722,19734800
sh000012,1868,2010-09-10,126.733,126.736,126.655,126.67,28866400
sh000012,1869,2010-09-13,126.704,126.904,126.633,126.878,46394500
sh000012,1870,2010-09-14,126.889,126.891,126.861,126.868,17864200
sh000012,1871,2010-09-15,126.88,126.888,126.829,126.834,13110300
sh000012,1872,2010-09-16,126.845,126.847,126.741,126.749,12270100
sh000012,1873,2010-09-17,126.76,126.9,126.363,126.896,19156200
sh000012,1874,2010-09-20,126.928,126.972,126.896,126.922,20246400
sh000012,1875,2010-09-21,126.933,126.934,126.537,126.601,14058000
sh000012,1876,2010-09-27,126.666,126.666,126.175,126.501,23250800
sh000012,1877,2010-09-28,126.512,126.564,126.458,126.564,29487900
sh000012,1878,2010-09-29,126.576,126.582,126.479,126.58,56967400
sh000012,1879,2010-09-30,126.595,126.707,126.595,126.678,31874300
sh000012,1880,2010-10-08,126.769,126.769,126.687,126.696,19073100
sh000012,1881,2010-10-11,126.747,126.751,126.641,126.658,20645900
sh000012,1882,2010-10-12,126.667,126.675,126.586,126.646,51011800
sh000012,1883,2010-10-13,126.657,126.657,126.623,126.65,27595300
sh000012,1884,2010-10-14,126.658,126.703,126.611,126.631,30770700
sh000012,1885,2010-10-15,126.642,126.672,126.626,126.643,14592100
sh000012,1886,2010-10-18,126.678,126.723,126.618,126.681,67770000
sh000012,1887,2010-10-19,126.693,126.716,126.612,126.715,14629200
sh000012,1888,2010-10-20,126.719,126.719,126.558,126.56,28299400
sh000012,1889,2010-10-21,126.568,126.568,126.058,126.527,46310800
sh000012,1890,2010-10-22,126.535,126.573,126.485,126.541,34769700
sh000012,1891,2010-10-25,126.577,126.69,126.491,126.498,22427000
sh000012,1892,2010-10-26,126.509,126.513,126.409,126.412,21938800
sh000012,1893,2010-10-27,126.423,126.579,126.232,126.257,42236900
sh000012,1894,2010-10-28,126.265,126.316,126.245,126.309,27540000
sh000012,1895,2010-10-29,126.32,126.345,126.307,126.344,39805600
sh000012,1896,2010-11-01,126.378,126.517,126.36,126.365,46938200
sh000012,1897,2010-11-02,126.377,126.377,126.256,126.313,41941200
sh000012,1898,2010-11-03,126.327,126.327,126.174,126.221,46285300
sh000012,1899,2010-11-04,126.228,126.228,126.06,126.194,47981800
sh000012,1900,2010-11-05,126.205,126.205,126.088,126.148,28346600
sh000012,1901,2010-11-08,126.16,126.262,126.075,126.097,44311600
sh000012,1902,2010-11-09,126.107,126.119,126.096,126.118,53347400
sh000012,1903,2010-11-10,126.13,126.133,125.982,125.985,42706400
sh000012,1904,2010-11-11,125.996,126.0,125.828,125.854,31325300
sh000012,1905,2010-11-12,125.865,126.022,125.864,125.91,25227000
sh000012,1906,2010-11-15,125.943,125.943,125.881,125.908,42892600
sh000012,1907,2010-11-16,125.919,125.978,125.912,125.969,36965100
sh000012,1908,2010-11-17,125.98,126.05,125.971,126.037,65531300
sh000012,1909,2010-11-18,126.049,126.057,125.987,126.013,20939300
sh000012,1910,2010-11-19,126.024,126.035,126.006,126.026,40467400
sh000012,1911,2010-11-22,126.061,126.061,125.964,126.029,33447300
sh000012,1912,2010-11-23,126.04,126.041,126.01,126.016,32850400
sh000012,1913,2010-11-24,126.027,126.028,125.98,125.988,18066100
sh000012,1914,2010-11-25,125.999,126.0,125.95,125.963,23728100
sh000012,1915,2010-11-26,125.974,126.039,125.97,126.039,18393200
sh000012,1916,2010-11-29,126.073,126.085,126.063,126.078,11498000
sh000012,1917,2010-11-30,126.089,126.094,126.034,126.054,22580800
sh000012,1918,2010-12-01,126.065,126.072,126.056,126.066,58720300
sh000012,1919,2010-12-02,126.077,126.078,126.035,126.068,12850000
sh000012,1920,2010-12-03,126.079,126.095,126.079,126.095,12618700
sh000012,1921,2010-12-06,126.129,126.129,126.087,126.098,11695600
sh000012,1922,2010-12-07,126.109,126.146,126.106,126.145,8889000
sh000012,1923,2010-12-08,126.156,126.199,126.141,126.186,11577500
sh000012,1924,2010-12-09,126.197,126.197,126.146,126.154,16083000
sh000012,1925,2010-12-10,126.166,126.166,126.155,126.156,14148500
sh000012,1926,2010-12-13,126.187,126.217,126.184,126.216,7183500
sh000012,1927,2010-12-14,126.228,126.255,126.196,126.252,10401300
sh000012,1928,2010-12-15,126.264,126.272,126.262,126.271,10486300
sh000012,1929,2010-12-16,126.282,126.282,126.264,126.268,3396200
sh000012,1930,2010-12-17,126.281,126.325,126.281,126.322,4771100
sh000012,1931,2010-12-20,126.356,126.362,126.301,126.329,22015700
sh000012,1932,2010-12-21,126.34,126.414,126.301,126.324,9603100
sh000012,1933,2010-12-22,126.335,126.361,126.235,126.239,10493900
sh000012,1934,2010-12-23,126.25,126.275,126.239,126.275,6359100
sh000012,1935,2010-12-24,126.287,126.296,126.276,126.277,15140700
sh000012,1936,2010-12-27,126.31,126.31,126.276,126.28,6253800
sh000012,1937,2010-12-28,126.291,126.306,126.251,126.256,9203500
sh000012,1938,2010-12-29,126.267,126.276,126.248,126.276,13123400
sh000012,1939,2010-12-30,126.288,126.297,126.275,126.285,13522400
sh000012,1940,2010-12-31,126.296,126.297,126.239,126.278,7197100
sh000012,1941,2011-01-04,126.323,126.333,126.309,126.316,2392200
sh000012,1942,2011-01-05,126.326,126.339,126.313,126.335,6814400
sh000012,1943,2011-01-06,126.347,126.369,126.327,126.355,16009400
sh000012,1944,2011-01-07,126.366,126.383,126.362,126.38,8929100
sh000012,1945,2011-01-10,126.415,126.415,126.401,126.414,8816000
sh000012,1946,2011-01-11,126.425,126.427,126.405,126.41,16927500
sh000012,1947,2011-01-12,126.422,126.449,126.417,126.418,10574100
sh000012,1948,2011-01-13,126.429,126.435,126.415,126.427,14211800
sh000012,1949,2011-01-14,126.439,126.439,126.418,126.423,10686000
sh000012,1950,2011-01-17,126.457,126.457,126.44,126.441,1774900
sh000012,1951,2011-01-18,126.452,126.545,126.449,126.467,2870800
sh000012,1952,2011-01-19,126.478,126.496,126.443,126.468,4158600
sh000012,1953,2011-01-20,126.48,126.487,126.476,126.476,4249500
sh000012,1954,2011-01-21,126.487,126.492,126.483,126.491,4711500
sh000012,1955,2011-01-24,126.525,126.54,126.522,126.536,8696100
sh000012,1956,2011-01-25,126.547,126.547,126.517,126.526,1103400
sh000012,1957,2011-01-26,126.538,126.557,126.531,126.557,8762000
sh000012,1958,2011-01-27,126.568,126.568,126.54,126.556,11133100
sh000012,1959,2011-01-28,126.568,126.583,126.558,126.56,11206800
sh000012,1960,2011-01-31,126.594,126.61,126.585,126.61,4281100
sh000012,1961,2011-02-01,126.622,126.623,126.616,126.622,3100300
sh000012,1962,2011-02-09,126.714,126.733,126.694,126.725,1786300
sh000012,1963,2011-02-10,126.735,126.744,126.724,126.735,3580400
sh000012,1964,2011-02-11,126.746,126.782,126.744,126.781,7630600
sh000012,1965,2011-02-14,126.816,126.848,126.812,126.839,7354300
sh000012,1966,2011-02-15,126.851,126.864,126.821,126.827,9071600
sh000012,1967,2011-02-16,126.838,126.84,126.833,126.837,18574800
sh000012,1968,2011-02-17,126.85,126.85,126.836,126.845,21335900
sh000012,1969,2011-02-18,126.856,126.857,126.828,126.83,7189800
sh000012,1970,2011-02-21,126.864,126.864,126.83,126.837,5732400
sh000012,1971,2011-02-22,126.848,126.849,126.837,126.842,11035000
sh000012,1972,2011-02-23,126.853,126.917,126.852,126.917,10951900
sh000012,1973,2011-02-24,126.928,126.939,126.928,126.936,15198300
sh000012,1974,2011-02-25,126.948,126.966,126.927,126.966,5513100
sh000012,1975,2011-02-28,126.999,127.007,126.991,127.001,7547400
sh000012,1976,2011-03-01,127.013,127.013,126.986,126.988,36020000
sh000012,1977,2011-03-02,127.0,127.007,126.988,126.992,53859600
sh000012,1978,2011-03-03,127.003,127.006,126.978,126.982,31653300
sh000012,1979,2011-03-04,126.994,127.008,126.994,127.004,7319600
sh000012,1980,2011-03-07,127.024,127.051,127.024,127.044,40392400
sh000012,1981,2011-03-08,127.056,127.056,127.053,127.053,5670000
sh000012,1982,2011-03-09,127.064,127.081,127.063,127.081,34678600
sh000012,1983,2011-03-10,127.093,127.107,127.093,127.107,27355400
sh000012,1984,2011-03-11,127.118,127.118,127.109,127.113,34194400
sh000012,1985,2011-03-14,127.148,127.149,127.139,127.148,7302200
sh000012,1986,2011-03-15,127.159,127.181,127.151,127.181,11870800
sh000012,1987,2011-03-16,127.193,127.222,127.189,127.222,31130300
sh000012,1988,2011-03-17,127.234,127.235,127.206,127.218,20118700
sh000012,1989,2011-03-18,127.229,127.261,127.226,127.256,23261600
sh000012,1990,2011-03-21,127.287,127.532,127.286,127.532,23820900
sh000012,1991,2011-03-22,127.545,127.552,127.537,127.541,10347900
sh000012,1992,2011-03-23,127.552,127.574,127.529,127.555,23058900
sh000012,1993,2011-03-24,127.567,127.583,127.556,127.582,25327700
sh000012,1994,2011-03-25,127.593,127.593,127.587,127.589,16772800
sh000012,1995,2011-03-28,127.624,127.642,127.601,127.633,19105000
sh000012,1996,2011-03-29,127.645,127.646,127.603,127.604,16097000
sh000012,1997,2011-03-30,127.615,127.671,127.615,127.667,10943700
sh000012,1998,2011-03-31,127.65,127.666,127.58,127.599,22422100
sh000012,1999,2011-04-01,127.611,127.633,127.607,127.631,20180500
sh000012,2000,2011-04-06,127.688,127.688,127.676,127.683,3206600
sh000012,2001,2011-04-07,127.695,127.695,127.684,127.689,7011900
sh000012,2002,2011-04-08,127.701,127.711,127.7,127.709,3740600
sh000012,2003,2011-04-11,127.743,127.744,127.74,127.743,2780800
sh000012,2004,2011-04-12,127.755,127.758,127.752,127.758,7796000
sh000012,2005,2011-04-13,127.77,127.771,127.719,127.748,8646500
sh000012,2006,2011-04-14,127.759,127.761,127.755,127.756,20461400
sh000012,2007,2011-04-15,127.768,127.77,127.742,127.746,5762100
sh000012,2008,2011-04-18,127.778,127.785,127.765,127.776,9803500
sh000012,2009,2011-04-19,127.788,127.789,127.772,127.788,13229000
sh000012,2010,2011-04-20,127.799,127.8,127.795,127.8,17650200
sh000012,2011,2011-04-21,127.812,127.836,127.801,127.804,11112100
sh000012,2012,2011-04-22,127.815,127.823,127.791,127.822,16417100
sh000012,2013,2011-04-25,127.856,127.857,127.826,127.829,2465600
sh000012,2014,2011-04-26,127.841,127.841,127.831,127.832,7429700
sh000012,2015,2011-04-27,127.843,127.87,127.841,127.86,10294800
sh000012,2016,2011-04-28,127.872,127.879,127.777,127.846,3895500
sh000012,2017,2011-04-29,127.858,127.867,127.857,127.861,11372600
sh000012,2018,2011-05-03,127.908,127.918,127.891,127.918,2634800
sh000012,2019,2011-05-04,127.93,127.93,127.89,127.895,8587300
sh000012,2020,2011-05-05,127.906,127.912,127.904,127.909,4639600
sh000012,2021,2011-05-06,127.921,127.991,127.919,127.99,27530800
sh000012,2022,2011-05-09,128.025,128.047,128.025,128.045,17369900
sh000012,2023,2011-05-10,128.057,128.065,128.049,128.057,9599000
sh000012,2024,2011-05-11,128.068,128.078,128.06,128.076,26400100
sh000012,2025,2011-05-12,128.087,128.099,128.087,128.098,23582700
sh000012,2026,2011-05-13,128.11,128.123,128.104,128.12,9423200
sh000012,2027,2011-05-16,128.156,128.156,128.145,128.152,1413600
sh000012,2028,2011-05-17,128.164,128.172,128.156,128.159,5171700
sh000012,2029,2011-05-18,128.171,128.174,128.168,128.173,5880100
sh000012,2030,2011-05-19,128.185,128.186,128.173,128.186,3726900
sh000012,2031,2011-05-20,128.198,128.203,128.194,128.197,3351800
sh000012,2032,2011-05-23,128.232,128.233,128.213,128.215,2230200
sh000012,2033,2011-05-24,128.227,128.248,128.213,128.247,1118900
sh000012,2034,2011-05-25,128.259,128.273,128.168,128.262,2262100
sh000012,2035,2011-05-26,128.274,128.282,128.25,128.277,1794100
sh000012,2036,2011-05-27,128.288,128.299,128.276,128.292,6129600
sh000012,2037,2011-05-30,128.326,128.326,128.319,128.319,3202700
sh000012,2038,2011-05-31,128.33,128.344,128.31,128.329,4567300
sh000012,2039,2011-06-01,128.341,128.341,128.333,128.335,3188800
sh000012,2040,2011-06-02,128.346,128.347,128.321,128.323,966100
sh000012,2041,2011-06-03,128.335,128.355,128.333,128.337,1111400
sh000012,2042,2011-06-07,128.384,128.391,128.376,128.391,2549100
sh000012,2043,2011-06-08,128.403,128.404,128.391,128.397,3677600
sh000012,2044,2011-06-09,128.409,128.415,128.403,128.405,1282700
sh000012,2045,2011-06-10,128.422,128.422,128.41,128.411,1710500
sh000012,2046,2011-06-13,128.446,128.446,128.389,128.442,246211300
sh000012,2047,2011-06-14,128.454,128.467,128.402,128.403,172902700
sh000012,2048,2011-06-15,128.415,128.415,128.407,128.408,5333100
sh000012,2049,2011-06-16,128.42,128.42,128.35,128.408,5540200
sh000012,2050,2011-06-17,128.42,128.478,128.395,128.473,2664100
sh000012,2051,2011-06-20,128.511,128.512,128.454,128.487,1849800
sh000012,2052,2011-06-21,128.499,128.509,128.486,128.507,3090200
sh000012,2053,2011-06-22,128.519,128.524,128.461,128.496,6112100
sh000012,2054,2011-06-23,128.508,128.521,128.501,128.508,1676000
sh000012,2055,2011-06-24,128.52,128.546,128.5,128.514,3315000
sh000012,2056,2011-06-27,128.55,128.55,128.513,128.534,7726000
sh000012,2057,2011-06-28,128.546,128.555,128.544,128.55,4140000
sh000012,2058,2011-06-29,128.562,128.562,128.531,128.533,3381500
sh000012,2059,2011-06-30,128.545,128.548,128.543,128.547,2746000
sh000012,2060,2011-07-01,128.559,128.588,128.557,128.583,372000
sh000012,2061,2011-07-04,128.619,128.64,128.619,128.632,1974800
sh000012,2062,2011-07-05,128.644,128.646,128.587,128.592,808900
sh000012,2063,2011-07-06,128.603,128.613,128.589,128.597,1148400
sh000012,2064,2011-07-07,128.609,128.632,128.587,128.631,5716500
sh000012,2065,2011-07-08,128.643,128.647,128.608,128.644,7417100
sh000012,2066,2011-07-11,128.68,128.715,128.658,128.712,3272500
sh000012,2067,2011-07-12,128.724,128.728,128.672,128.677,8666600
sh000012,2068,2011-07-13,128.689,128.746,128.687,128.746,1438800
sh000012,2069,2011-07-14,128.758,128.758,128.752,128.755,574400
sh000012,2070,2011-07-15,128.767,128.781,128.764,128.78,1913500
sh000012,2071,2011-07-18,128.816,128.817,128.72,128.753,8007000
sh000012,2072,2011-07-19,128.765,128.77,128.757,128.76,1464900
sh000012,2073,2011-07-20,128.785,128.812,128.769,128.808,4157700
sh000012,2074,2011-07-21,128.827,128.827,128.775,128.788,2251500
sh000012,2075,2011-07-22,128.805,128.809,128.796,128.806,1837500
sh000012,2076,2011-07-25,128.842,128.845,128.834,128.834,5916700
sh000012,2077,2011-07-26,128.847,128.858,128.842,128.856,3973000
sh000012,2078,2011-07-27,128.868,128.871,128.849,128.855,3832300
sh000012,2079,2011-07-28,128.867,128.867,128.859,128.864,842500
sh000012,2080,2011-07-29,128.876,128.883,128.871,128.88,1008900
sh000012,2081,2011-08-01,128.916,128.919,128.893,128.894,2757800
sh000012,2082,2011-08-02,128.907,128.911,128.894,128.899,435400
sh000012,2083,2011-08-03,128.911,128.932,128.907,128.932,4357300
sh000012,2084,2011-08-04,128.946,128.948,128.937,128.947,3177000
sh000012,2085,2011-08-05,128.96,128.984,128.958,128.979,7769800
sh000012,2086,2011-08-08,129.015,129.015,129.001,129.002,6658200
sh000012,2087,2011-08-09,129.016,129.042,129.008,129.041,10937100
sh000012,2088,2011-08-10,129.053,129.099,128.958,128.992,1962000
sh000012,2089,2011-08-11,129.004,129.014,128.999,129.012,9200700
sh000012,2090,2011-08-12,129.024,129.034,129.014,129.031,2582100
sh000012,2091,2011-08-15,129.067,129.174,129.053,129.155,4662800
sh000012,2092,2011-08-16,129.167,129.169,129.071,129.167,7481000
sh000012,2093,2011-08-17,129.18,129.181,129.165,129.178,19183500
sh000012,2094,2011-08-18,129.194,129.197,129.183,129.195,701300
sh000012,2095,2011-08-19,129.207,129.213,129.161,129.207,7177200
sh000012,2096,2011-08-22,129.243,129.245,129.127,129.144,1731600
sh000012,2097,2011-08-23,129.156,129.319,129.15,129.3,1841600
sh000012,2098,2011-08-24,129.312,129.33,129.31,129.326,5411100
sh000012,2099,2011-08-25,129.338,129.338,129.327,129.333,3763700
sh000012,2100,2011-08-26,129.345,129.355,129.345,129.35,2282700
sh000012,2101,2011-08-29,129.387,129.387,129.365,129.365,11063200
sh000012,2102,2011-08-30,129.377,129.39,129.358,129.36,4641100
sh000012,2103,2011-08-31,129.373,129.383,129.371,129.377,7263900
sh000012,2104,2011-09-01,129.389,129.396,129.282,129.394,987700
sh000012,2105,2011-09-02,129.406,129.413,129.405,129.406,895000
sh000012,2106,2011-09-05,129.442,129.448,129.37,129.373,4176200
sh000012,2107,2011-09-06,129.385,129.393,129.376,129.391,4552400
sh000012,2108,2011-09-07,129.404,129.404,129.372,129.375,3672200
sh000012,2109,2011-09-08,129.387,129.411,129.384,129.41,3747800
sh000012,2110,2011-09-09,129.422,129.427,129.419,129.427,1899500
sh000012,2111,2011-09-13,129.475,129.49,129.457,129.49,5877300
sh000012,2112,2011-09-14,129.502,129.535,129.501,129.535,12047100
sh000012,2113,2011-09-15,129.546,129.547,129.501,129.506,100470700
sh000012,2114,2011-09-16,129.518,129.558,129.447,129.499,8737300
sh000012,2115,2011-09-19,129.535,129.584,129.527,129.581,19830800
sh000012,2116,2011-09-20,129.593,129.593,129.588,129.59,3261000
sh000012,2117,2011-09-21,129.602,129.643,129.601,129.619,8262600
sh000012,2118,2011-09-22,129.631,129.631,129.622,129.624,17161100
sh000012,2119,2011-09-23,129.636,129.647,129.567,129.578,5801400
sh000012,2120,2011-09-26,129.614,129.721,129.606,129.719,9566500
sh000012,2121,2011-09-27,129.732,129.738,129.725,129.73,6170900
sh000012,2122,2011-09-28,129.742,129.755,129.706,129.726,21392500
sh000012,2123,2011-09-29,129.738,129.778,129.727,129.742,6716500
sh000012,2124,2011-09-30,129.754,129.774,129.748,129.774,9337300
sh000012,2125,2011-10-10,129.896,129.953,129.886,129.942,29324900
sh000012,2126,2011-10-11,129.951,129.974,129.941,129.967,15537400
sh000012,2127,2011-10-12,129.979,130.023,129.96,130.017,26843700
sh000012,2128,2011-10-13,130.029,130.061,130.014,130.06,8166700
sh000012,2129,2011-10-14,130.072,130.106,130.049,130.106,24902300
sh000012,2130,2011-10-17,130.143,130.146,130.127,130.143,19484700
sh000012,2131,2011-10-18,130.155,130.216,130.15,130.215,10048300
sh000012,2132,2011-10-19,130.228,130.244,130.196,130.2,15334000
sh000012,2133,2011-10-20,130.213,130.241,130.21,130.233,14385000
sh000012,2134,2011-10-21,130.247,130.283,130.238,130.243,23623400
sh000012,2135,2011-10-24,130.279,130.306,130.247,130.255,17016200
sh000012,2136,2011-10-25,130.268,130.297,130.215,130.221,17009900
sh000012,2137,2011-10-26,130.233,130.239,130.224,130.235,15069600
sh000012,2138,2011-10-27,130.247,130.248,130.218,130.222,9360600
sh000012,2139,2011-10-28,130.234,130.234,130.2,130.209,10051700
sh000012,2140,2011-10-31,130.246,130.267,130.232,130.244,16031100
sh000012,2141,2011-11-01,130.256,130.297,130.245,130.297,13762000
sh000012,2142,2011-11-02,130.31,130.368,130.309,130.361,24754100
sh000012,2143,2011-11-03,130.373,130.414,130.327,130.351,24335200
sh000012,2144,2011-11-04,130.362,130.374,130.35,130.374,8495600
sh000012,2145,2011-11-07,130.41,130.414,130.407,130.413,6281500
sh000012,2146,2011-11-08,130.425,130.426,130.411,130.411,3663500
sh000012,2147,2011-11-09,130.424,130.451,130.422,130.45,10306900
sh000012,2148,2011-11-10,130.473,130.473,130.461,130.468,12425700
sh000012,2149,2011-11-11,130.479,130.5,130.47,130.499,17404500
sh000012,2150,2011-11-14,130.536,130.537,130.517,130.521,19477400
sh000012,2151,2011-11-15,130.532,130.716,130.526,130.656,24192800
sh000012,2152,2011-11-16,130.669,130.675,130.662,130.671,17128600
sh000012,2153,2011-11-17,130.681,130.687,130.665,130.686,9407900
sh000012,2154,2011-11-18,130.698,130.7,130.674,130.698,9704000
sh000012,2155,2011-11-21,130.735,130.743,130.713,130.724,4391700
sh000012,2156,2011-11-22,130.736,130.74,130.717,130.721,8119400
sh000012,2157,2011-11-23,130.735,130.944,130.733,130.943,10836300
sh000012,2158,2011-11-24,130.955,130.986,130.952,130.959,8784300
sh000012,2159,2011-11-25,130.979,130.981,130.76,130.816,6878100
sh000012,2160,2011-11-28,130.852,130.852,130.815,130.816,3606900
sh000012,2161,2011-11-29,130.828,130.882,130.807,130.878,12920600
sh000012,2162,2011-11-30,130.891,130.919,130.732,130.828,2781700
sh000012,2163,2011-12-01,130.84,130.852,130.738,130.779,16104600
sh000012,2164,2011-12-02,130.791,130.791,130.633,130.72,9981200
sh000012,2165,2011-12-05,130.757,130.791,130.74,130.769,13762300
sh000012,2166,2011-12-06,130.781,130.927,130.781,130.916,5015600
sh000012,2167,2011-12-07,130.929,130.973,130.915,130.94,11116200
sh000012,2168,2011-12-08,130.952,130.977,130.944,130.976,3882500
sh000012,2169,2011-12-09,130.988,130.99,130.984,130.987,2748300
sh000012,2170,2011-12-12,131.023,131.026,131.02,131.022,14093400
sh000012,2171,2011-12-13,131.035,131.092,131.032,131.089,20903100
sh000012,2172,2011-12-14,131.101,131.122,131.099,131.122,3032700
sh000012,2173,2011-12-15,131.134,131.142,131.121,131.134,5637600
sh000012,2174,2011-12-16,131.146,131.147,131.086,131.097,11805600
sh000012,2175,2011-12-19,131.134,131.134,131.089,131.119,8592200
sh000012,2176,2011-12-20,131.132,131.157,131.091,131.147,10272400
sh000012,2177,2011-12-21,131.159,131.205,131.159,131.188,9994400
sh000012,2178,2011-12-22,131.201,131.219,131.169,131.219,6393500
sh000012,2179,2011-12-23,131.231,131.232,131.215,131.223,4754900
sh000012,2180,2011-12-26,131.26,131.267,131.257,131.257,4684600
sh000012,2181,2011-12-27,131.269,131.279,131.255,131.274,9025600
sh000012,2182,2011-12-28,131.286,131.305,131.28,131.288,17322500
sh000012,2183,2011-12-29,131.301,131.306,131.278,131.305,10320900
sh000012,2184,2011-12-30,131.317,131.39,131.317,131.39,12477700
sh000012,2185,2012-01-04,131.451,131.451,131.436,131.437,3165100
sh000012,2186,2012-01-05,131.453,131.458,131.45,131.454,10934100
sh000012,2187,2012-01-06,131.466,131.496,131.454,131.466,20509000
sh000012,2188,2012-01-09,131.503,131.566,131.443,131.559,32804100
sh000012,2189,2012-01-10,131.571,131.583,131.568,131.581,19630200
sh000012,2190,2012-01-11,131.594,131.594,131.564,131.578,15104300
sh000012,2191,2012-01-12,131.59,131.597,131.588,131.594,7194000
sh000012,2192,2012-01-13,131.606,131.614,131.606,131.613,16559800
sh000012,2193,2012-01-16,131.651,131.666,131.646,131.666,7066800
sh000012,2194,2012-01-17,131.678,131.679,131.65,131.65,2538700
sh000012,2195,2012-01-18,131.661,131.669,131.658,131.669,2914600
sh000012,2196,2012-01-19,131.682,131.682,131.656,131.662,12112500
sh000012,2197,2012-01-20,131.674,131.68,131.636,131.678,10090100
sh000012,2198,2012-01-30,131.801,131.801,131.775,131.795,16566700
sh000012,2199,2012-01-31,131.806,131.809,131.774,131.776,3115800
sh000012,2200,2012-02-01,131.789,131.797,131.761,131.763,9634800
sh000012,2201,2012-02-02,131.776,131.779,131.774,131.776,6821400
sh000012,2202,2012-02-03,131.788,131.79,131.783,131.79,8371300
sh000012,2203,2012-02-06,131.827,131.828,131.808,131.81,24182200
sh000012,2204,2012-02-07,131.823,131.832,131.822,131.826,16426000
sh000012,2205,2012-02-08,131.838,131.838,131.834,131.835,11172500
sh000012,2206,2012-02-09,131.847,131.847,131.828,131.835,28465000
sh000012,2207,2012-02-10,131.848,131.849,131.845,131.849,16609400
sh000012,2208,2012-02-13,131.886,131.896,131.859,131.896,10277700
sh000012,2209,2012-02-14,131.908,131.908,131.903,131.905,8750400
sh000012,2210,2012-02-15,131.917,131.917,131.909,131.917,7273000
sh000012,2211,2012-02-16,131.929,131.931,131.923,131.931,13571400
sh000012,2212,2012-02-17,131.944,131.944,131.94,131.941,6528800
sh000012,2213,2012-02-20,131.977,131.98,131.955,131.977,16750300
sh000012,2214,2012-02-21,131.99,131.991,131.987,131.987,3927900
sh000012,2215,2012-02-22,131.999,132.0,131.978,131.992,6561500
sh000012,2216,2012-02-23,132.005,132.006,132.0,132.005,14062900
sh000012,2217,2012-02-24,132.017,132.017,132.01,132.014,15528800
sh000012,2218,2012-02-27,132.051,132.051,132.037,132.045,15474400
sh000012,2219,2012-02-28,132.057,132.057,132.041,132.045,9049100
sh000012,2220,2012-02-29,132.045,132.045,132.032,132.033,10980700
sh000012,2221,2012-03-01,132.045,132.05,132.031,132.047,41730700
sh000012,2222,2012-03-02,132.06,132.066,132.06,132.066,18772400
sh000012,2223,2012-03-05,132.103,132.103,132.094,132.099,9135800
sh000012,2224,2012-03-06,132.113,132.119,132.11,132.117,10178900
sh000012,2225,2012-03-07,132.128,132.159,132.128,132.156,19786600
sh000012,2226,2012-03-08,132.169,132.17,132.137,132.14,16330600
sh000012,2227,2012-03-09,132.152,132.188,132.135,132.138,19825700
sh000012,2228,2012-03-12,132.175,132.188,132.171,132.188,14541600
sh000012,2229,2012-03-13,132.201,132.235,132.193,132.235,27722900
sh000012,2230,2012-03-14,132.247,132.247,132.035,132.246,25246900
sh000012,2231,2012-03-15,132.259,132.273,132.254,132.272,29581800
sh000012,2232,2012-03-16,132.285,132.292,132.26,132.261,4282600
sh000012,2233,2012-03-19,132.299,132.305,132.288,132.288,12436000
sh000012,2234,2012-03-20,132.3,132.302,132.289,132.297,8043300
sh000012,2235,2012-03-21,132.31,132.321,132.286,132.321,4930500
sh000012,2236,2012-03-22,132.334,132.34,132.309,132.312,15611600
sh000012,2237,2012-03-23,132.324,132.339,132.324,132.334,9203700
sh000012,2238,2012-03-26,132.372,132.384,132.37,132.384,6725600
sh000012,2239,2012-03-27,132.396,132.396,132.379,132.379,12156500
sh000012,2240,2012-03-28,132.392,132.408,132.391,132.396,11012100
sh000012,2241,2012-03-29,132.408,132.435,132.407,132.434,10662000
sh000012,2242,2012-03-30,132.447,132.461,132.437,132.461,15449100
sh000012,2243,2012-04-05,132.536,132.536,132.498,132.498,21212200
sh000012,2244,2012-04-06,132.511,132.535,132.507,132.519,8361700
sh000012,2245,2012-04-09,132.557,132.558,132.549,132.553,13627700
sh000012,2246,2012-04-10,132.563,132.569,132.561,132.565,2681000
sh000012,2247,2012-04-11,132.578,132.58,132.566,132.571,5921200
sh000012,2248,2012-04-12,132.583,132.606,132.563,132.605,10084400
sh000012,2249,2012-04-13,132.618,132.618,132.571,132.601,9628700
sh000012,2250,2012-04-16,132.639,132.644,132.613,132.629,7782300
sh000012,2251,2012-04-17,132.641,132.648,132.636,132.648,12597800
sh000012,2252,2012-04-18,132.659,132.668,132.659,132.666,23462400
sh000012,2253,2012-04-19,132.679,132.689,132.652,132.671,12332500
sh000012,2254,2012-04-20,132.683,132.691,132.673,132.691,9683300
sh000012,2255,2012-04-23,132.729,132.744,132.729,132.744,21047000
sh000012,2256,2012-04-24,132.756,132.934,132.731,132.742,26229100
sh000012,2257,2012-04-25,132.754,132.764,132.744,132.761,8876700
sh000012,2258,2012-04-26,132.774,132.808,132.774,132.782,17446900
sh000012,2259,2012-04-27,132.794,132.818,132.792,132.812,8262200
sh000012,2260,2012-05-02,132.875,132.877,132.846,132.857,6708900
sh000012,2261,2012-05-03,132.869,132.875,132.852,132.859,8221000
sh000012,2262,2012-05-04,132.872,132.9,132.871,132.9,14096300
sh000012,2263,2012-05-07,132.938,132.938,132.917,132.919,10675300
sh000012,2264,2012-05-08,132.931,132.944,132.915,132.928,14975100
sh000012,2265,2012-05-09,132.941,132.941,132.898,132.919,31201000
sh000012,2266,2012-05-10,132.932,132.936,132.926,132.936,11212800
sh000012,2267,2012-05-11,132.948,132.959,132.945,132.955,10930300
sh000012,2268,2012-05-14,132.993,133.008,132.985,132.991,40862800
sh000012,2269,2012-05-15,133.004,133.036,133.003,133.029,40970500
sh000012,2270,2012-05-16,133.042,133.061,133.04,133.059,27563200
sh000012,2271,2012-05-17,133.072,133.073,133.061,133.066,37240500
sh000012,2272,2012-05-18,133.079,133.095,133.069,133.089,14054900
sh000012,2273,2012-05-21,133.126,133.126,133.105,133.112,11221200
sh000012,2274,2012-05-22,133.125,133.14,133.121,133.138,14586300
sh000012,2275,2012-05-23,133.15,133.152,133.145,133.151,62602500
sh000012,2276,2012-05-24,133.164,133.172,133.151,133.166,14896300
sh000012,2277,2012-05-25,133.178,133.189,133.173,133.189,13406400
sh000012,2278,2012-05-28,133.227,133.258,133.216,133.256,22644100
sh000012,2279,2012-05-29,133.269,133.285,133.26,133.271,20032900
sh000012,2280,2012-05-30,133.284,133.377,133.274,133.286,16137000
sh000012,2281,2012-05-31,133.299,133.303,133.292,133.299,25351000
sh000012,2282,2012-06-01,133.312,133.315,133.295,133.295,16627700
sh000012,2283,2012-06-04,133.334,133.401,133.328,133.384,70533000
sh000012,2284,2012-06-05,133.396,133.396,133.36,133.391,20222800
sh000012,2285,2012-06-06,133.403,133.404,133.37,133.376,19163200
sh000012,2286,2012-06-07,133.389,133.396,133.386,133.39,20086900
sh000012,2287,2012-06-08,133.404,133.418,133.404,133.417,28600600
sh000012,2288,2012-06-11,133.455,133.464,133.447,133.454,14189600
sh000012,2289,2012-06-12,133.466,133.477,133.452,133.457,6782400
sh000012,2290,2012-06-13,133.47,133.483,133.468,133.483,36970700
sh000012,2291,2012-06-14,133.496,133.496,133.478,133.481,7351300
sh000012,2292,2012-06-15,133.494,133.495,133.475,133.49,7908500
sh000012,2293,2012-06-18,133.528,133.528,133.52,133.524,13080500
sh000012,2294,2012-06-19,133.536,133.563,133.535,133.555,4213600
sh000012,2295,2012-06-20,133.568,133.58,133.544,133.572,5380700
sh000012,2296,2012-06-21,133.585,133.596,133.579,133.596,4922600
sh000012,2297,2012-06-25,133.646,133.646,133.634,133.635,4505700
sh000012,2298,2012-06-26,133.649,133.649,133.64,133.647,8772100
sh000012,2299,2012-06-27,133.659,133.665,133.588,133.662,6923300
sh000012,2300,2012-06-28,133.675,133.688,133.668,133.688,15170900
sh000012,2301,2012-06-29,133.701,133.711,133.675,133.711,4230300
sh000012,2302,2012-07-02,133.748,133.749,133.698,133.7,5982500
sh000012,2303,2012-07-03,133.712,133.754,133.71,133.754,9073200
sh000012,2304,2012-07-04,133.768,133.789,133.752,133.777,13841500
sh000012,2305,2012-07-05,133.79,133.797,133.79,133.797,7881300
sh000012,2306,2012-07-06,133.809,133.824,133.777,133.778,40005900
sh000012,2307,2012-07-09,133.816,133.852,133.814,133.852,3157700
sh000012,2308,2012-07-10,133.865,133.879,133.858,133.879,20123200
sh000012,2309,2012-07-11,133.892,133.909,133.848,133.902,19401900
sh000012,2310,2012-07-12,133.914,133.92,133.893,133.893,16904300
sh000012,2311,2012-07-13,133.905,133.937,133.905,133.937,19421300
sh000012,2312,2012-07-16,133.975,133.982,133.972,133.982,13954900
sh000012,2313,2012-07-17,133.995,134.003,133.969,133.975,20189100
sh000012,2314,2012-07-18,133.988,133.997,133.954,133.954,10649700
sh000012,2315,2012-07-19,133.966,133.993,133.956,133.992,4143300
sh000012,2316,2012-07-20,134.004,134.018,133.977,133.994,7552200
sh000012,2317,2012-07-23,134.034,134.047,133.996,134.043,9020000
sh000012,2318,2012-07-24,134.055,134.057,134.011,134.026,7025100
sh000012,2319,2012-07-25,134.039,134.056,134.039,134.056,5577200
sh000012,2320,2012-07-26,134.068,134.068,134.061,134.067,8025300
sh000012,2321,2012-07-27,134.08,134.08,134.063,134.064,3530900
sh000012,2322,2012-07-30,134.102,134.118,134.096,134.118,8677300
sh000012,2323,2012-07-31,134.131,134.133,134.097,134.122,3610000
sh000012,2324,2012-08-01,134.134,134.167,134.133,134.167,2326600
sh000012,2325,2012-08-02,134.179,134.183,134.178,134.183,5325900
sh000012,2326,2012-08-03,134.196,134.205,134.112,134.202,10373500
sh000012,2327,2012-08-06,134.24,134.24,134.172,134.172,31811600
sh000012,2328,2012-08-07,134.186,134.212,134.176,134.2,94889700
sh000012,2329,2012-08-08,134.212,134.212,134.198,134.198,6724200
sh000012,2330,2012-08-09,134.209,134.212,134.195,134.195,26171200
sh000012,2331,2012-08-10,134.208,134.261,134.208,134.261,8588300
sh000012,2332,2012-08-13,134.299,134.299,134.254,134.29,13288400
sh000012,2333,2012-08-14,134.303,134.31,134.297,134.31,5336700
sh000012,2334,2012-08-15,134.322,134.334,134.322,134.331,4723500
sh000012,2335,2012-08-16,134.343,134.345,134.34,134.344,8928500
sh000012,2336,2012-08-17,134.357,134.357,134.347,134.352,2997700
sh000012,2337,2012-08-20,134.391,134.391,134.38,134.383,2817100
sh000012,2338,2012-08-21,134.395,134.395,134.389,134.389,2887000
sh000012,2339,2012-08-22,134.402,134.403,134.382,134.385,11860000
sh000012,2340,2012-08-23,134.399,134.4,134.395,134.396,4883000
sh000012,2341,2012-08-24,134.409,134.418,134.404,134.418,9109300
sh000012,2342,2012-08-27,134.456,134.458,134.447,134.458,2398000
sh000012,2343,2012-08-28,134.471,134.472,134.376,134.47,8676900
sh000012,2344,2012-08-29,134.471,134.483,134.469,134.482,3308000
sh000012,2345,2012-08-30,134.495,134.495,134.472,134.477,1669800
sh000012,2346,2012-08-31,134.489,134.509,134.479,134.509,1687400
sh000012,2347,2012-09-03,134.547,134.559,134.545,134.558,2544900
sh000012,2348,2012-09-04,134.57,134.572,134.567,134.569,3801700
sh000012,2349,2012-09-05,134.582,134.583,134.58,134.581,4269900
sh000012,2350,2012-09-06,134.594,134.595,134.591,134.594,8763200
sh000012,2351,2012-09-07,134.607,134.608,134.571,134.594,4599800
sh000012,2352,2012-09-10,134.632,134.632,134.619,134.626,9864700
sh000012,2353,2012-09-11,134.639,134.645,134.58,134.583,5951200
sh000012,2354,2012-09-12,134.595,134.595,134.586,134.594,3966900
sh000012,2355,2012-09-13,134.609,134.628,134.604,134.626,3039100
sh000012,2356,2012-09-14,134.638,134.641,134.627,134.629,17192400
sh000012,2357,2012-09-17,134.667,134.668,134.589,134.597,7621200
sh000012,2358,2012-09-18,134.61,134.611,134.604,134.611,6050800
sh000012,2359,2012-09-19,134.624,134.628,134.622,134.627,2553700
sh000012,2360,2012-09-20,134.64,134.642,134.626,134.631,4613400
sh000012,2361,2012-09-21,134.643,134.648,134.64,134.647,6623600
sh000012,2362,2012-09-24,134.685,134.685,134.674,134.679,2778700
sh000012,2363,2012-09-25,134.692,134.726,134.689,134.723,16263600
sh000012,2364,2012-09-26,134.736,134.747,134.735,134.747,5510300
sh000012,2365,2012-09-27,134.76,134.773,134.744,134.764,8531900
sh000012,2366,2012-09-28,134.776,134.802,134.774,134.801,5816600
sh000012,2367,2012-10-08,134.928,134.932,134.92,134.924,954100
sh000012,2368,2012-10-09,134.937,134.938,134.929,134.93,3075900
sh000012,2369,2012-10-10,134.943,134.959,134.941,134.946,3891300
sh000012,2370,2012-10-11,134.959,134.96,134.953,134.958,739000
sh000012,2371,2012-10-12,134.97,134.97,134.96,134.965,3974400
sh000012,2372,2012-10-15,135.004,135.012,135.002,135.012,8140000
sh000012,2373,2012-10-16,135.024,135.034,135.019,135.034,11668900
sh000012,2374,2012-10-17,135.047,135.051,135.043,135.046,6875000
sh000012,2375,2012-10-18,135.059,135.061,135.057,135.059,19876200
sh000012,2376,2012-10-19,135.071,135.077,135.066,135.076,12159600
sh000012,2377,2012-10-22,135.115,135.115,135.103,135.106,7934100
sh000012,2378,2012-10-23,135.119,135.121,135.115,135.121,8747000
sh000012,2379,2012-10-24,135.134,135.142,135.124,135.135,3583200
sh000012,2380,2012-10-25,135.148,135.148,135.143,135.146,12655900
sh000012,2381,2012-10-26,135.159,135.166,135.153,135.166,8519000
sh000012,2382,2012-10-29,135.204,135.209,135.191,135.193,13371700
sh000012,2383,2012-10-30,135.206,135.21,135.147,135.196,14470300
sh000012,2384,2012-10-31,135.209,135.21,135.193,135.194,6525900
sh000012,2385,2012-11-01,135.207,135.208,135.187,135.189,4315000
sh000012,2386,2012-11-02,135.202,135.202,135.192,135.201,7961900
sh000012,2387,2012-11-05,135.239,135.24,135.236,135.238,2536800
sh000012,2388,2012-11-06,135.251,135.255,135.251,135.252,6971700
sh000012,2389,2012-11-07,135.264,135.264,135.261,135.261,3758300
sh000012,2390,2012-11-08,135.274,135.275,135.272,135.274,4691500
sh000012,2391,2012-11-09,135.287,135.295,135.284,135.295,6093100
sh000012,2392,2012-11-12,135.333,135.333,135.329,135.331,7057600
sh000012,2393,2012-11-13,135.344,135.344,135.34,135.344,10146600
sh000012,2394,2012-11-14,135.357,135.358,135.355,135.358,18169200
sh000012,2395,2012-11-15,135.371,135.373,135.371,135.372,2861100
sh000012,2396,2012-11-16,135.384,135.391,135.383,135.386,7672100
sh000012,2397,2012-11-19,135.424,135.424,135.417,135.421,11996500
sh000012,2398,2012-11-20,135.434,135.438,135.433,135.438,5418700
sh000012,2399,2012-11-21,135.452,135.455,135.45,135.455,4935700
sh000012,2400,2012-11-22,135.468,135.47,135.448,135.467,2834500
sh000012,2401,2012-11-23,135.481,135.481,135.469,135.474,17307000
sh000012,2402,2012-11-26,135.511,135.513,135.51,135.51,1771100
sh000012,2403,2012-11-27,135.521,135.523,135.52,135.521,8809200
sh000012,2404,2012-11-28,135.534,135.535,135.525,135.528,2298800
sh000012,2405,2012-11-29,135.541,135.541,135.429,135.456,17983700
sh000012,2406,2012-11-30,135.468,135.708,135.467,135.476,2046500
sh000012,2407,2012-12-03,135.515,135.566,135.508,135.51,3149300
sh000012,2408,2012-12-04,135.523,135.529,135.506,135.528,9439200
sh000012,2409,2012-12-05,135.541,135.542,135.535,135.538,1437200
sh000012,2410,2012-12-06,135.551,135.552,135.549,135.552,6707700
sh000012,2411,2012-12-07,135.565,135.565,135.553,135.56,21706000
sh000012,2412,2012-12-10,135.598,135.599,135.575,135.579,1832400
sh000012,2413,2012-12-11,135.592,135.592,135.41,135.415,3204000
sh000012,2414,2012-12-12,135.428,135.604,135.428,135.598,14186900
sh000012,2415,2012-12-13,135.611,135.662,135.607,135.612,6732600
sh000012,2416,2012-12-14,135.625,135.653,135.622,135.633,7935200
sh000012,2417,2012-12-17,135.672,135.673,135.651,135.653,9270100
sh000012,2418,2012-12-18,135.666,135.674,135.659,135.659,8869400
sh000012,2419,2012-12-19,135.671,135.679,135.667,135.677,13542400
sh000012,2420,2012-12-20,135.691,135.702,135.656,135.659,18354700
sh000012,2421,2012-12-21,135.672,135.707,135.67,135.684,9169800
sh000012,2422,2012-12-24,135.704,135.72,135.688,135.713,4534300
sh000012,2423,2012-12-25,135.726,135.758,135.703,135.703,8187200
sh000012,2424,2012-12-26,135.716,135.747,135.714,135.723,1953700
sh000012,2425,2012-12-27,135.736,135.737,135.73,135.731,3403900
sh000012,2426,2012-12-28,135.744,135.746,135.742,135.745,18337300
sh000012,2427,2012-12-31,135.783,135.817,135.783,135.788,13101700
sh000012,2428,2013-01-04,135.841,135.842,135.835,135.84,7181300
sh000012,2429,2013-01-07,135.878,135.881,135.875,135.875,14101800
sh000012,2430,2013-01-08,135.888,135.889,135.878,135.879,6353400
sh000012,2431,2013-01-09,135.892,135.894,135.89,135.892,15182800
sh000012,2432,2013-01-10,135.905,135.906,135.893,135.895,13205200
sh000012,2433,2013-01-11,135.908,135.923,135.872,135.882,10713300
sh000012,2434,2013-01-14,135.921,135.925,135.92,135.925,6982200
sh000012,2435,2013-01-15,135.938,135.94,135.922,135.939,18759300
sh000012,2436,2013-01-16,135.952,135.964,135.952,135.956,40835800
sh000012,2437,2013-01-17,135.969,135.988,135.947,135.988,41395500
sh000012,2438,2013-01-18,136.001,136.002,135.973,135.983,25394800
sh000012,2439,2013-01-21,136.021,136.021,136.01,136.01,25615600
sh000012,2440,2013-01-22,136.023,136.03,136.022,136.029,14101500
sh000012,2441,2013-01-23,136.042,136.047,136.032,136.041,10111400
sh000012,2442,2013-01-24,136.054,136.057,136.05,136.056,28883300
sh000012,2443,2013-01-25,136.069,136.07,136.067,136.068,10157900
sh000012,2444,2013-01-28,136.106,136.106,136.032,136.099,11922300
sh000012,2445,2013-01-29,136.112,136.121,136.111,136.118,8376500
sh000012,2446,2013-01-30,136.131,136.139,136.125,136.126,3836300
sh000012,2447,2013-01-31,136.139,136.141,136.119,136.121,6652300
sh000012,2448,2013-02-01,136.135,136.145,136.133,136.145,5131300
sh000012,2449,2013-02-04,136.183,136.186,136.175,136.184,9811100
sh000012,2450,2013-02-05,136.196,136.199,136.195,136.199,6395400
sh000012,2451,2013-02-06,136.212,136.259,136.211,136.258,15116400
sh000012,2452,2013-02-07,136.272,136.279,136.27,136.273,8989200
sh000012,2453,2013-02-08,136.286,136.456,136.172,136.19,20754100
sh000012,2454,2013-02-18,136.318,136.548,136.312,136.468,6960800
sh000012,2455,2013-02-19,136.482,136.482,136.329,136.447,5135400
sh000012,2456,2013-02-20,136.46,136.464,136.459,136.463,12312800
sh000012,2457,2013-02-21,136.476,136.488,136.476,136.487,28133300
sh000012,2458,2013-02-22,136.5,136.501,136.483,136.498,17746500
sh000012,2459,2013-02-25,136.536,136.546,136.536,136.541,15826200
sh000012,2460,2013-02-26,136.554,136.554,136.551,136.552,18261400
sh000012,2461,2013-02-27,136.565,136.583,136.564,136.578,11718400
sh000012,2462,2013-02-28,136.591,136.597,136.582,136.586,5029900
sh000012,2463,2013-03-01,136.599,136.6,136.595,136.599,11033300
sh000012,2464,2013-03-04,136.638,136.674,136.638,136.657,31371900
sh000012,2465,2013-03-05,136.67,136.674,136.667,136.672,7952700
sh000012,2466,2013-03-06,136.685,136.685,136.681,136.683,10103000
sh000012,2467,2013-03-07,136.696,136.698,136.674,136.681,4507900
sh000012,2468,2013-03-08,136.694,136.697,136.681,136.695,9798700
sh000012,2469,2013-03-11,136.734,136.735,136.577,136.727,9373300
sh000012,2470,2013-03-12,136.74,136.74,136.737,136.74,9141800
sh000012,2471,2013-03-13,136.753,136.764,136.752,136.764,5836100
sh000012,2472,2013-03-14,136.777,136.787,136.777,136.779,8616600
sh000012,2473,2013-03-15,136.792,136.793,136.787,136.788,3734000
sh000012,2474,2013-03-18,136.828,136.828,136.818,136.82,13553700
sh000012,2475,2013-03-19,136.833,136.834,136.824,136.825,13326300
sh000012,2476,2013-03-20,136.838,136.855,136.833,136.855,4207500
sh000012,2477,2013-03-21,136.868,136.87,136.865,136.869,6375700
sh000012,2478,2013-03-22,136.882,136.888,136.882,136.883,6303300
sh000012,2479,2013-03-25,136.922,136.924,136.909,136.909,8620800
sh000012,2480,2013-03-26,136.923,137.008,136.91,136.911,21433700
sh000012,2481,2013-03-27,136.924,136.924,136.843,136.844,2984300
sh000012,2482,2013-03-28,136.856,136.944,136.853,136.944,23908700
sh000012,2483,2013-03-29,136.958,136.959,136.954,136.959,15963500
sh000012,2484,2013-04-01,136.997,137.009,136.987,137.009,15716600
sh000012,2485,2013-04-02,137.022,137.038,137.017,137.029,27984500
sh000012,2486,2013-04-03,137.042,137.046,136.983,136.983,16149700
sh000012,2487,2013-04-08,137.049,137.081,137.045,137.078,39884500
sh000012,2488,2013-04-09,137.091,137.119,137.066,137.112,31853400
sh000012,2489,2013-04-10,137.125,137.141,136.985,137.133,13806000
sh000012,2490,2013-04-11,137.146,137.158,137.141,137.157,33698800
sh000012,2491,2013-04-12,137.17,137.186,137.168,137.181,28948200
sh000012,2492,2013-04-15,137.22,137.227,137.218,137.222,36338100
sh000012,2493,2013-04-16,137.235,137.31,137.1,137.267,18785300
sh000012,2494,2013-04-17,137.28,137.287,137.271,137.286,11690800
sh000012,2495,2013-04-18,137.3,137.3,137.286,137.286,12676800
sh000012,2496,2013-04-19,137.299,137.3,137.294,137.296,13179600
sh000012,2497,2013-04-22,137.336,137.337,137.164,137.305,12533000
sh000012,2498,2013-04-23,137.318,137.334,137.318,137.334,18363800
sh000012,2499,2013-04-24,137.347,137.365,137.344,137.365,3964600
sh000012,2500,2013-04-25,137.379,137.382,137.372,137.374,3321400
sh000012,2501,2013-04-26,137.388,137.388,137.379,137.385,17388000
sh000012,2502,2013-05-02,137.464,137.469,137.453,137.454,8108600
sh000012,2503,2013-05-03,137.467,137.477,137.459,137.473,6514900
sh000012,2504,2013-05-06,137.512,137.539,137.51,137.539,5093000
sh000012,2505,2013-05-07,137.552,137.571,137.551,137.571,23690200
sh000012,2506,2013-05-08,137.585,137.586,137.581,137.584,11148600
sh000012,2507,2013-05-09,137.596,137.598,137.593,137.594,15540700
sh000012,2508,2013-05-10,137.607,138.301,137.505,138.301,16751100
sh000012,2509,2013-05-13,138.341,138.341,138.285,138.327,6462300
sh000012,2510,2013-05-14,138.34,138.469,138.085,138.246,9880500
sh000012,2511,2013-05-15,137.686,137.722,137.585,137.634,5117400
sh000012,2512,2013-05-16,137.646,137.678,137.627,137.63,6581900
sh000012,2513,2013-05-17,137.643,137.646,137.599,137.646,12382700
sh000012,2514,2013-05-20,137.686,137.686,137.633,137.638,12007000
sh000012,2515,2013-05-21,137.651,137.651,137.567,137.634,10962700
sh000012,2516,2013-05-22,137.648,137.65,137.645,137.649,7034900
sh000012,2517,2013-05-23,137.662,137.667,137.657,137.659,21831900
sh000012,2518,2013-05-24,137.672,137.687,137.484,137.485,9969400
sh000012,2519,2013-05-27,137.525,137.525,137.517,137.521,7330300
sh000012,2520,2013-05-28,137.534,137.581,137.532,137.58,20767300
sh000012,2521,2013-05-29,137.593,137.597,137.59,137.591,19187200
sh000012,2522,2013-05-30,137.604,137.614,137.6,137.602,4625700
sh000012,2523,2013-05-31,137.616,137.618,137.615,137.618,2575000
sh000012,2524,2013-06-03,137.656,137.659,137.654,137.654,4145500
sh000012,2525,2013-06-04,137.669,137.875,137.664,137.874,8219300
sh000012,2526,2013-06-05,137.887,137.888,137.864,137.874,6614100
sh000012,2527,2013-06-06,137.889,137.889,137.881,137.882,9336300
sh000012,2528,2013-06-07,137.896,137.901,137.891,137.898,13809900
sh000012,2529,2013-06-13,137.977,137.99,137.976,137.981,18887700
sh000012,2530,2013-06-14,137.997,137.997,137.919,137.988,19036400
sh000012,2531,2013-06-17,138.03,138.116,138.028,138.035,9349800
sh000012,2532,2013-06-18,138.048,138.061,138.047,138.061,10159200
sh000012,2533,2013-06-19,138.074,138.074,138.063,138.063,7197200
sh000012,2534,2013-06-20,138.077,138.077,137.923,138.053,36664100
sh000012,2535,2013-06-21,138.066,138.066,138.03,138.052,18089900
sh000012,2536,2013-06-24,138.091,138.091,138.019,138.028,40713800
sh000012,2537,2013-06-25,138.042,138.045,137.966,138.032,18057000
sh000012,2538,2013-06-26,138.046,138.104,138.046,138.067,30997700
sh000012,2539,2013-06-27,138.08,138.093,138.076,138.084,12682900
sh000012,2540,2013-06-28,138.097,138.102,138.087,138.099,10341400
sh000012,2541,2013-07-01,138.144,138.144,138.132,138.139,4697700
sh000012,2542,2013-07-02,138.152,138.167,138.151,138.167,6645300
sh000012,2543,2013-07-03,138.18,138.181,138.174,138.181,5871800
sh000012,2544,2013-07-04,138.195,138.197,138.146,138.149,1672200
sh000012,2545,2013-07-05,138.162,138.169,138.16,138.168,4785500
sh000012,2546,2013-07-08,138.207,138.207,138.191,138.199,3766900
sh000012,2547,2013-07-09,138.213,138.227,138.211,138.227,6541100
sh000012,2548,2013-07-10,138.24,138.489,138.202,138.236,15842600
sh000012,2549,2013-07-11,138.249,138.249,138.222,138.234,11274200
sh000012,2550,2013-07-12,138.247,138.258,138.244,138.244,8533400
sh000012,2551,2013-07-15,138.284,138.287,138.265,138.272,8399400
sh000012,2552,2013-07-16,138.285,138.286,138.244,138.245,4038600
sh000012,2553,2013-07-17,138.259,138.26,138.235,138.237,6754400
sh000012,2554,2013-07-18,138.251,138.263,138.25,138.263,7122100
sh000012,2555,2013-07-19,138.276,138.278,138.273,138.275,1927800
sh000012,2556,2013-07-22,138.315,138.316,138.238,138.239,7182900
sh000012,2557,2013-07-23,138.252,138.252,138.01,138.199,4238000
sh000012,2558,2013-07-24,138.213,138.213,138.167,138.167,7344700
sh000012,2559,2013-07-25,138.181,138.195,138.18,138.195,8783600
sh000012,2560,2013-07-26,138.208,138.214,138.188,138.212,2734000
sh000012,2561,2013-07-29,138.252,138.309,138.242,138.308,412200
sh000012,2562,2013-07-30,138.321,138.325,138.244,138.314,3113300
sh000012,2563,2013-07-31,138.327,138.333,138.314,138.317,4711700
sh000012,2564,2013-08-01,138.33,138.333,138.329,138.331,4249900
sh000012,2565,2013-08-02,138.345,138.351,138.341,138.344,5750800
sh000012,2566,2013-08-05,138.384,138.384,138.374,138.377,3820600
sh000012,2567,2013-08-06,138.39,138.405,138.39,138.405,3111800
sh000012,2568,2013-08-07,138.418,138.419,138.414,138.416,2283200
sh000012,2569,2013-08-08,138.429,138.43,138.394,138.395,15952900
sh000012,2570,2013-08-09,138.408,138.41,138.4,138.4,7214200
sh000012,2571,2013-08-12,138.44,138.44,138.435,138.436,2200500
sh000012,2572,2013-08-13,138.449,138.45,138.438,138.441,3304900
sh000012,2573,2013-08-14,138.455,138.466,138.445,138.459,1557100
sh000012,2574,2013-08-15,138.472,138.472,138.448,138.449,1509400
sh000012,2575,2013-08-16,138.462,138.466,138.45,138.464,3984000
sh000012,2576,2013-08-19,138.504,138.504,138.489,138.5,2594600
sh000012,2577,2013-08-20,138.514,138.514,138.498,138.5,2526900
sh000012,2578,2013-08-21,138.513,138.526,138.512,138.52,2784400
sh000012,2579,2013-08-22,138.534,138.545,138.529,138.539,619200
sh000012,2580,2013-08-23,138.553,138.556,138.348,138.465,1991600
sh000012,2581,2013-08-26,138.505,138.514,138.502,138.512,3188000
sh000012,2582,2013-08-27,138.525,138.552,138.524,138.548,1126300
sh000012,2583,2013-08-28,138.562,138.618,138.555,138.611,2316700
sh000012,2584,2013-08-29,138.625,138.631,138.622,138.622,730500
sh000012,2585,2013-08-30,138.635,138.647,138.634,138.646,1631700
sh000012,2586,2013-09-02,138.685,138.687,138.482,138.505,2228600
sh000012,2587,2013-09-03,138.518,138.518,138.477,138.478,2747700
sh000012,2588,2013-09-04,138.492,138.509,138.481,138.509,6696100
sh000012,2589,2013-09-05,138.522,138.535,138.522,138.522,3614200
sh000012,2590,2013-09-06,138.535,138.54,138.52,138.533,6605100
sh000012,2591,2013-09-09,138.573,138.573,138.559,138.567,7184000
sh000012,2592,2013-09-10,138.581,138.587,138.501,138.533,5725800
sh000012,2593,2013-09-11,138.546,138.546,138.474,138.474,3894200
sh000012,2594,2013-09-12,138.487,138.505,138.487,138.49,2322700
sh000012,2595,2013-09-13,138.503,138.504,138.489,138.49,6001100
sh000012,2596,2013-09-16,138.53,138.53,138.52,138.521,3089000
sh000012,2597,2013-09-17,138.534,138.534,138.46,138.474,8329900
sh000012,2598,2013-09-18,138.487,138.494,138.479,138.48,7520700
sh000012,2599,2013-09-23,138.546,138.557,138.536,138.545,11322300
sh000012,2600,2013-09-24,138.558,138.591,138.557,138.578,4922200
sh000012,2601,2013-09-25,138.592,138.612,138.592,138.604,5720900
sh000012,2602,2013-09-26,138.617,138.622,138.611,138.622,3478800
sh000012,2603,2013-09-27,138.635,138.636,138.61,138.615,2543500
sh000012,2604,2013-09-30,138.655,138.662,138.615,138.648,3891800
sh000012,2605,2013-10-08,138.756,138.763,138.749,138.749,1504200
sh000012,2606,2013-10-09,138.761,138.765,138.509,138.765,6921800
sh000012,2607,2013-10-10,138.778,138.781,138.73,138.73,3024800
sh000012,2608,2013-10-11,138.744,138.799,138.741,138.745,11839700
sh000012,2609,2013-10-14,138.785,138.79,138.782,138.786,4813000
sh000012,2610,2013-10-15,138.799,138.799,138.792,138.793,3982800
sh000012,2611,2013-10-16,138.808,138.871,138.799,138.871,3223000
sh000012,2612,2013-10-17,138.885,138.885,138.862,138.862,4451100
sh000012,2613,2013-10-18,138.875,138.881,138.875,138.878,1466800
sh000012,2614,2013-10-21,138.918,138.918,138.916,138.916,1831800
sh000012,2615,2013-10-22,138.93,138.934,138.93,138.934,889000
sh000012,2616,2013-10-23,138.947,138.947,138.941,138.942,1105600
sh000012,2617,2013-10-24,138.955,138.955,138.952,138.954,7571100
sh000012,2618,2013-10-25,138.966,138.97,138.963,138.968,1822300
sh000012,2619,2013-10-28,139.009,139.009,138.916,138.917,2998200
sh000012,2620,2013-10-29,138.93,138.931,138.76,138.885,4962200
sh000012,2621,2013-10-30,138.899,138.899,138.856,138.861,3759300
sh000012,2622,2013-10-31,138.875,138.88,138.857,138.869,2806200
sh000012,2623,2013-11-01,138.882,138.897,138.875,138.878,1884800
sh000012,2624,2013-11-04,138.918,138.919,138.914,138.914,1567600
sh000012,2625,2013-11-05,138.927,138.929,138.927,138.927,2029200
sh000012,2626,2013-11-06,138.941,138.969,138.902,138.969,1988500
sh000012,2627,2013-11-07,138.982,138.982,138.962,138.964,1921700
sh000012,2628,2013-11-08,138.977,138.984,138.934,138.949,2248700
sh000012,2629,2013-11-11,138.989,138.989,138.958,138.97,4325700
sh000012,2630,2013-11-12,138.984,138.989,138.955,138.959,1723100
sh000012,2631,2013-11-13,138.972,138.974,138.827,138.958,7279500
sh000012,2632,2013-11-14,138.971,138.972,138.946,138.964,7861800
sh000012,2633,2013-11-15,138.976,138.979,138.678,138.682,4333600
sh000012,2634,2013-11-18,138.721,138.786,138.529,138.783,6942400
sh000012,2635,2013-11-19,138.797,138.801,138.774,138.775,15288100
sh000012,2636,2013-11-20,138.779,138.973,138.588,138.972,12705000
sh000012,2637,2013-11-21,138.985,139.01,138.809,138.882,15072700
sh000012,2638,2013-11-22,138.896,138.9,138.895,138.898,4182700
sh000012,2639,2013-11-25,138.939,138.96,138.935,138.939,1290200
sh000012,2640,2013-11-26,138.952,139.08,138.95,139.049,4984800
sh000012,2641,2013-11-27,139.063,139.074,139.061,139.064,10020200
sh000012,2642,2013-11-28,139.077,139.077,138.065,139.061,2463600
sh000012,2643,2013-11-29,139.075,139.079,139.025,139.064,3684000
sh000012,2644,2013-12-02,139.104,139.114,139.081,139.084,3393500
sh000012,2645,2013-12-03,139.097,139.115,139.091,139.115,10847100
sh000012,2646,2013-12-04,139.129,139.136,139.082,139.082,8354000
sh000012,2647,2013-12-05,139.095,139.165,139.091,139.144,4688700
sh000012,2648,2013-12-06,139.158,139.179,139.158,139.175,8077800
sh000012,2649,2013-12-09,139.215,139.229,139.215,139.224,6233900
sh000012,2650,2013-12-10,139.238,139.239,139.211,139.215,10565900
sh000012,2651,2013-12-11,139.228,139.235,139.219,139.224,4753800
sh000012,2652,2013-12-12,139.238,139.247,139.227,139.23,1543700
sh000012,2653,2013-12-13,139.243,139.287,139.17,139.287,8639800
sh000012,2654,2013-12-16,139.328,139.339,139.291,139.315,7436500
sh000012,2655,2013-12-17,139.328,139.335,139.324,139.335,1073400
sh000012,2656,2013-12-18,139.349,139.357,139.347,139.354,12228300
sh000012,2657,2013-12-19,139.367,139.43,139.329,139.425,5365100
sh000012,2658,2013-12-20,139.439,139.565,139.439,139.493,4968300
sh000012,2659,2013-12-23,139.534,139.535,139.507,139.51,3225200
sh000012,2660,2013-12-24,139.523,139.536,139.523,139.526,2321900
sh000012,2661,2013-12-25,139.54,139.546,139.433,139.433,2657300
sh000012,2662,2013-12-26,139.446,139.458,139.443,139.449,4176700
sh000012,2663,2013-12-27,139.463,139.495,139.449,139.491,1429000
sh000012,2664,2013-12-30,139.532,139.558,139.516,139.557,2401300
sh000012,2665,2013-12-31,139.572,139.907,139.512,139.516,4076200
sh000012,2666,2014-01-02,139.544,139.623,139.544,139.622,5989200
sh000012,2667,2014-01-03,139.635,139.635,139.624,139.624,1681500
sh000012,2668,2014-01-06,139.665,139.665,139.623,139.624,3581300
sh000012,2669,2014-01-07,139.638,139.642,139.438,139.438,6535800
sh000012,2670,2014-01-08,139.451,139.46,139.423,139.442,14450800
sh000012,2671,2014-01-09,139.456,139.514,139.455,139.514,27256400
sh000012,2672,2014-01-10,139.528,139.588,139.513,139.519,7313400
sh000012,2673,2014-01-13,139.56,139.568,139.545,139.555,12121300
sh000012,2674,2014-01-14,139.572,139.574,139.557,139.559,7975100
sh000012,2675,2014-01-15,139.573,139.579,139.565,139.577,13077600
sh000012,2676,2014-01-16,139.595,139.608,139.585,139.608,22828400
sh000012,2677,2014-01-17,139.621,139.63,139.603,139.614,14867900
sh000012,2678,2014-01-20,139.655,139.819,139.605,139.807,5257500
sh000012,2679,2014-01-21,139.82,139.849,139.82,139.846,16422700
sh000012,2680,2014-01-22,139.859,139.971,139.859,139.957,6311800
sh000012,2681,2014-01-23,139.971,139.977,139.966,139.974,5618100
sh000012,2682,2014-01-24,139.988,139.989,139.79,139.828,8321100
sh000012,2683,2014-01-27,139.871,139.979,139.849,139.979,9828700
sh000012,2684,2014-01-28,139.993,139.998,139.684,139.684,5640400
sh000012,2685,2014-01-29,139.699,139.699,139.647,139.657,2449700
sh000012,2686,2014-01-30,139.67,139.67,139.528,139.577,1459200
sh000012,2687,2014-02-07,139.685,139.695,139.621,139.683,3199700
sh000012,2688,2014-02-10,139.726,139.755,139.706,139.755,15853100
sh000012,2689,2014-02-11,139.769,139.807,139.746,139.807,4977200
sh000012,2690,2014-02-12,139.82,139.824,139.805,139.824,6676900
sh000012,2691,2014-02-13,139.838,139.847,139.785,139.811,10070500
sh000012,2692,2014-02-14,139.825,139.86,139.759,139.859,11326500
sh000012,2693,2014-02-17,139.9,139.901,139.896,139.896,3830900
sh000012,2694,2014-02-18,139.909,139.919,139.78,139.78,24507400
sh000012,2695,2014-02-19,139.793,139.85,139.747,139.837,13074200
sh000012,2696,2014-02-20,139.851,139.854,139.846,139.854,5974000
sh000012,2697,2014-02-21,139.867,139.868,139.86,139.865,1429900
sh000012,2698,2014-02-24,139.905,139.928,139.902,139.918,7855500
sh000012,2699,2014-02-25,139.932,139.94,139.709,139.833,12933800
sh000012,2700,2014-02-26,139.846,139.86,139.633,139.774,3189500
sh000012,2701,2014-02-27,139.788,139.825,139.779,139.825,8613600
sh000012,2702,2014-02-28,139.839,139.928,139.833,139.901,9295900
sh000012,2703,2014-03-03,139.942,139.943,139.88,139.912,8995900
sh000012,2704,2014-03-04,139.926,139.994,139.925,139.971,4943000
sh000012,2705,2014-03-05,139.985,139.988,139.983,139.988,19859400
sh000012,2706,2014-03-06,140.002,140.003,139.994,139.997,14591300
sh000012,2707,2014-03-07,140.015,140.022,140.003,140.005,4227600
sh000012,2708,2014-03-10,140.047,140.064,140.044,140.064,8057300
sh000012,2709,2014-03-11,140.078,140.079,139.882,139.888,9661900
sh000012,2710,2014-03-12,139.902,139.911,139.9,139.911,24029900
sh000012,2711,2014-03-13,139.925,139.95,139.925,139.938,8322200
sh000012,2712,2014-03-14,139.952,139.957,139.949,139.955,23766400
sh000012,2713,2014-03-17,139.997,140.013,139.913,139.983,2096300
sh000012,2714,2014-03-18,140.073,140.074,140.063,140.073,12748700
sh000012,2715,2014-03-19,140.087,140.091,140.078,140.083,6619400
sh000012,2716,2014-03-20,140.036,140.155,140.026,140.129,3161800
sh000012,2717,2014-03-21,140.149,140.173,139.911,140.16,3719000
sh000012,2718,2014-03-24,140.202,140.253,140.194,140.253,4150100
sh000012,2719,2014-03-25,140.265,140.282,140.264,140.281,4901100
sh000012,2720,2014-03-26,140.295,140.296,140.273,140.273,841200
sh000012,2721,2014-03-27,140.287,140.444,140.247,140.444,1886300
sh000012,2722,2014-03-28,140.459,140.478,140.334,140.334,516700
sh000012,2723,2014-03-31,140.375,140.553,140.373,140.539,2049600
sh000012,2724,2014-04-01,140.553,140.561,140.478,140.559,1901100
sh000012,2725,2014-04-02,140.573,140.576,140.568,140.57,1459800
sh000012,2726,2014-04-03,140.584,140.584,140.573,140.573,8997500
sh000012,2727,2014-04-04,140.587,140.587,140.385,140.437,7212200
sh000012,2728,2014-04-08,140.495,140.552,140.432,140.551,13902100
sh000012,2729,2014-04-09,140.564,140.662,140.476,140.57,23280900
sh000012,2730,2014-04-10,140.586,140.586,140.441,140.516,14864000
sh000012,2731,2014-04-11,140.53,140.639,140.457,140.636,8975200
sh000012,2732,2014-04-14,140.678,140.697,140.274,140.639,4675300
sh000012,2733,2014-04-15,140.653,140.71,140.652,140.706,5823800
sh000012,2734,2014-04-16,140.719,140.72,140.576,140.682,5117700
sh000012,2735,2014-04-17,140.696,140.713,140.696,140.706,10673500
sh000012,2736,2014-04-18,140.721,140.725,140.719,140.723,3949200
sh000012,2737,2014-04-21,140.765,140.772,140.76,140.767,1728500
sh000012,2738,2014-04-22,140.781,140.783,140.583,140.757,1977900
sh000012,2739,2014-04-23,140.771,140.788,140.672,140.71,6699500
sh000012,2740,2014-04-24,140.723,140.723,140.64,140.717,12187800
sh000012,2741,2014-04-25,140.731,140.731,140.705,140.718,69577800
sh000012,2742,2014-04-28,140.76,140.77,140.725,140.725,3937200
sh000012,2743,2014-04-29,140.739,140.794,140.73,140.735,2037600
sh000012,2744,2014-04-30,140.749,140.82,140.748,140.801,7174100
sh000012,2745,2014-05-05,140.871,140.891,140.871,140.876,6357100
sh000012,2746,2014-05-06,140.89,141.003,140.89,140.967,9430700
sh000012,2747,2014-05-07,140.981,140.987,140.978,140.986,3142700
sh000012,2748,2014-05-08,141.001,141.033,141.001,141.008,14357000
sh000012,2749,2014-05-09,141.022,141.062,140.984,141.059,15733900
sh000012,2750,2014-05-12,141.101,141.114,141.096,141.107,6751500
sh000012,2751,2014-05-13,141.121,141.183,141.118,141.139,7900300
sh000012,2752,2014-05-14,141.153,141.168,141.137,141.137,7822200
sh000012,2753,2014-05-15,141.151,141.152,141.13,141.136,8694400
sh000012,2754,2014-05-16,141.15,141.156,141.105,141.105,5104700
sh000012,2755,2014-05-19,141.148,141.186,141.028,141.133,4340100
sh000012,2756,2014-05-20,141.147,141.16,141.146,141.155,8022100
sh000012,2757,2014-05-21,141.169,141.177,141.164,141.176,5395700
sh000012,2758,2014-05-22,141.191,141.34,141.138,141.338,5891300
sh000012,2759,2014-05-23,141.353,141.356,141.176,141.176,583000
sh000012,2760,2014-05-26,141.218,141.361,141.205,141.36,5210600
sh000012,2761,2014-05-27,141.375,141.425,141.368,141.411,7982500
sh000012,2762,2014-05-28,141.425,141.433,141.193,141.431,16963300
sh000012,2763,2014-05-29,141.445,141.504,141.397,141.504,22519600
sh000012,2764,2014-05-30,141.517,141.544,141.509,141.54,12827400
sh000012,2765,2014-06-03,141.596,141.643,141.588,141.643,10451500
sh000012,2766,2014-06-04,141.657,141.71,141.523,141.618,13327700
sh000012,2767,2014-06-05,141.632,141.632,141.618,141.62,8755600
sh000012,2768,2014-06-06,141.634,141.634,141.62,141.627,13369500
sh000012,2769,2014-06-09,141.67,141.67,141.583,141.638,7954100
sh000012,2770,2014-06-10,141.652,141.773,141.652,141.773,9681000
sh000012,2771,2014-06-11,141.787,141.816,141.785,141.816,3856300
sh000012,2772,2014-06-12,141.831,141.831,141.774,141.787,2823500
sh000012,2773,2014-06-13,141.801,141.843,141.664,141.808,9662800
sh000012,2774,2014-06-16,141.85,141.87,141.835,141.869,40322300
sh000012,2775,2014-06-17,141.884,141.904,141.861,141.903,7086400
sh000012,2776,2014-06-18,141.917,141.918,141.805,141.805,8423600
sh000012,2777,2014-06-19,141.819,141.852,141.749,141.852,4146600
sh000012,2778,2014-06-20,141.866,141.884,141.864,141.882,1831600
sh000012,2779,2014-06-23,141.925,141.976,141.664,141.877,3533500
sh000012,2780,2014-06-24,141.891,141.954,141.883,141.952,1894000
sh000012,2781,2014-06-25,141.966,141.987,141.87,141.986,13157800
sh000012,2782,2014-06-26,142.001,142.002,141.939,141.974,6844100
sh000012,2783,2014-06-27,141.988,142.009,141.958,141.978,3814300
sh000012,2784,2014-06-30,142.021,142.128,142.015,142.015,3752700
sh000012,2785,2014-07-01,142.029,142.038,142.003,142.034,11730300
sh000012,2786,2014-07-02,142.048,142.058,142.029,142.058,16936000
sh000012,2787,2014-07-03,142.072,142.073,142.066,142.066,9899300
sh000012,2788,2014-07-04,142.081,142.081,142.029,142.031,19691000
sh000012,2789,2014-07-07,142.074,142.094,142.072,142.087,3814700
sh000012,2790,2014-07-08,142.101,142.12,142.077,142.112,3044300
sh000012,2791,2014-07-09,142.127,142.135,142.11,142.123,5310300
sh000012,2792,2014-07-10,142.137,142.137,142.079,142.118,8558400
sh000012,2793,2014-07-11,142.132,142.163,142.118,142.152,8030900
sh000012,2794,2014-07-14,142.195,142.196,142.155,142.191,4508800
sh000012,2795,2014-07-15,142.205,142.214,142.174,142.212,4124100
sh000012,2796,2014-07-16,142.226,142.229,142.129,142.158,14108400
sh000012,2797,2014-07-17,142.172,142.172,142.079,142.1,6314100
sh000012,2798,2014-07-18,142.114,142.13,142.067,142.11,6764600
sh000012,2799,2014-07-21,142.153,142.171,142.148,142.159,4937400
sh000012,2800,2014-07-22,142.174,142.193,142.174,142.186,12910700
sh000012,2801,2014-07-23,142.2,142.2,142.15,142.176,11533500
sh000012,2802,2014-07-24,142.19,142.194,142.188,142.188,4400600
sh000012,2803,2014-07-25,142.202,142.229,142.202,142.229,5476700
sh000012,2804,2014-07-28,142.271,142.281,142.244,142.251,6588900
sh000012,2805,2014-07-29,142.266,142.281,142.251,142.273,10606900
sh000012,2806,2014-07-30,142.287,142.287,142.232,142.247,12438000
sh000012,2807,2014-07-31,142.262,142.297,142.259,142.297,16523100
sh000012,2808,2014-08-01,142.311,142.345,142.284,142.344,5367900
sh000012,2809,2014-08-04,142.387,142.391,142.379,142.389,6116900
sh000012,2810,2014-08-05,142.403,142.409,142.393,142.4,13708500
sh000012,2811,2014-08-06,142.416,142.421,142.401,142.416,14467600
sh000012,2812,2014-08-07,142.429,142.429,142.424,142.428,2535700
sh000012,2813,2014-08-08,142.442,142.449,142.427,142.436,8364500
sh000012,2814,2014-08-11,142.479,142.494,142.468,142.494,5685600
sh000012,2815,2014-08-12,142.509,142.517,142.501,142.514,12004700
sh000012,2816,2014-08-13,142.529,142.541,142.459,142.529,16187800
sh000012,2817,2014-08-14,142.543,142.552,142.536,142.545,18546900
sh000012,2818,2014-08-15,142.559,142.576,142.553,142.574,8058700
sh000012,2819,2014-08-18,142.618,142.622,142.59,142.619,4349200
sh000012,2820,2014-08-19,142.633,142.633,142.619,142.619,4457300
sh000012,2821,2014-08-20,142.634,142.647,142.634,142.643,7265500
sh000012,2822,2014-08-21,142.657,142.682,142.623,142.677,8734400
sh000012,2823,2014-08-22,142.691,142.717,142.674,142.714,5397900
sh000012,2824,2014-08-25,142.758,142.772,142.74,142.772,4474600
sh000012,2825,2014-08-26,142.786,142.786,142.746,142.759,10365700
sh000012,2826,2014-08-27,142.773,142.773,142.703,142.753,10753000
sh000012,2827,2014-08-28,142.767,142.768,142.762,142.763,8821500
sh000012,2828,2014-08-29,142.777,142.781,142.692,142.743,4490500
sh000012,2829,2014-09-01,142.787,142.823,142.783,142.823,2838000
sh000012,2830,2014-09-02,142.837,142.865,142.833,142.855,4076700
sh000012,2831,2014-09-03,142.87,142.874,142.826,142.851,10688600
sh000012,2832,2014-09-04,142.865,142.879,142.823,142.87,17002100
sh000012,2833,2014-09-05,142.884,142.919,142.766,142.918,8862000
sh000012,2834,2014-09-09,142.976,142.98,142.959,142.98,7204800
sh000012,2835,2014-09-10,142.994,143.036,142.988,142.988,3012600
sh000012,2836,2014-09-11,143.003,143.025,143.003,143.015,6615100
sh000012,2837,2014-09-12,143.029,143.039,143.022,143.027,7783600
sh000012,2838,2014-09-15,143.071,143.075,142.994,143.07,13330400
sh000012,2839,2014-09-16,143.083,143.105,143.068,143.104,10765700
sh000012,2840,2014-09-17,143.119,143.13,143.119,143.123,26775900
sh000012,2841,2014-09-18,143.137,143.14,143.08,143.11,30403200
sh000012,2842,2014-09-19,143.127,143.221,143.126,143.218,17569400
sh000012,2843,2014-09-22,143.261,143.466,143.232,143.32,22816400
sh000012,2844,2014-09-23,143.335,143.376,143.335,143.376,13877900
sh000012,2845,2014-09-24,143.39,143.39,143.353,143.372,16051800
sh000012,2846,2014-09-25,143.388,143.395,143.333,143.366,22090900
sh000012,2847,2014-09-26,143.38,143.398,143.339,143.398,4047000
sh000012,2848,2014-09-29,143.443,143.496,143.442,143.496,15693100
sh000012,2849,2014-09-30,143.51,143.627,143.51,143.597,17784500
sh000012,2850,2014-10-08,143.713,143.725,143.688,143.722,4422200
sh000012,2851,2014-10-09,143.737,143.754,143.722,143.745,8383400
sh000012,2852,2014-10-10,143.759,143.798,143.751,143.79,4485900
sh000012,2853,2014-10-13,143.834,143.84,143.828,143.834,6113000
sh000012,2854,2014-10-14,143.848,143.896,143.848,143.895,17805000
sh000012,2855,2014-10-15,143.91,143.939,143.897,143.938,12820800
sh000012,2856,2014-10-16,143.953,144.003,143.952,144.003,13675800
sh000012,2857,2014-10-17,144.017,144.049,143.888,143.894,5644500
sh000012,2858,2014-10-20,143.938,144.034,143.928,144.031,50374300
sh000012,2859,2014-10-21,144.046,144.055,144.046,144.054,16821600
sh000012,2860,2014-10-22,144.069,144.069,144.058,144.059,11176000
sh000012,2861,2014-10-23,144.074,144.075,144.043,144.064,27852600
sh000012,2862,2014-10-24,144.078,144.118,144.05,144.115,37611600
sh000012,2863,2014-10-27,144.159,144.425,144.158,144.412,5352500
sh000012,2864,2014-10-28,144.427,144.454,144.384,144.405,65750100
sh000012,2865,2014-10-29,144.42,144.426,144.351,144.393,10741300
sh000012,2866,2014-10-30,144.407,144.427,144.406,144.421,6466000
sh000012,2867,2014-10-31,144.436,144.485,144.391,144.485,73286300
sh000012,2868,2014-11-03,144.528,144.554,144.494,144.553,8082500
sh000012,2869,2014-11-04,144.568,144.592,144.561,144.591,9339100
sh000012,2870,2014-11-05,144.605,144.625,144.49,144.62,4377800
sh000012,2871,2014-11-06,144.634,144.649,144.579,144.648,66337500
sh000012,2872,2014-11-07,144.663,144.751,144.663,144.749,12267800
sh000012,2873,2014-11-10,144.792,144.822,144.72,144.819,16234800
sh000012,2874,2014-11-11,144.834,145.032,144.832,145.03,30165500
sh000012,2875,2014-11-12,145.045,145.101,145.029,145.094,66007800
sh000012,2876,2014-11-13,145.108,145.136,145.061,145.114,11950100
sh000012,2877,2014-11-14,145.129,145.13,145.036,145.129,13707100
sh000012,2878,2014-11-17,145.173,145.18,145.12,145.12,10374300
sh000012,2879,2014-11-18,145.134,145.135,145.093,145.134,7900500
sh000012,2880,2014-11-19,145.149,145.159,145.147,145.148,75631700
sh000012,2881,2014-11-20,145.16,145.224,145.154,145.212,5701600
sh000012,2882,2014-11-21,145.227,145.229,145.215,145.228,18154900
sh000012,2883,2014-11-24,145.272,145.309,145.173,145.248,23249300
sh000012,2884,2014-11-25,145.262,145.267,145.251,145.256,14060200
sh000012,2885,2014-11-26,145.269,145.369,145.269,145.342,14959800
sh000012,2886,2014-11-27,145.357,145.371,145.327,145.34,5257800
sh000012,2887,2014-11-28,145.356,145.372,145.316,145.372,8892600
sh000012,2888,2014-12-01,145.414,145.422,145.271,145.389,8778800
sh000012,2889,2014-12-02,145.404,145.406,145.372,145.381,13354200
sh000012,2890,2014-12-03,145.395,145.395,145.363,145.388,12836300
sh000012,2891,2014-12-04,145.403,145.405,145.382,145.386,22009500
sh000012,2892,2014-12-05,145.399,145.399,145.311,145.39,42537900
sh000012,2893,2014-12-08,145.434,145.465,145.419,145.461,18462000
sh000012,2894,2014-12-09,145.476,145.539,145.464,145.514,26163000
sh000012,2895,2014-12-10,145.529,145.555,145.459,145.46,29153900
sh000012,2896,2014-12-11,145.474,145.485,145.44,145.449,45158500
sh000012,2897,2014-12-12,145.464,145.572,145.418,145.419,61169600
sh000012,2898,2014-12-15,145.463,145.597,145.461,145.484,38217500
sh000012,2899,2014-12-16,145.499,145.516,145.496,145.516,22065100
sh000012,2900,2014-12-17,145.529,145.608,145.519,145.592,28502200
sh000012,2901,2014-12-18,145.607,145.708,145.537,145.599,4525500
sh000012,2902,2014-12-19,145.614,145.669,145.508,145.509,7830900
sh000012,2903,2014-12-22,145.553,145.687,145.327,145.466,6775000
sh000012,2904,2014-12-23,145.48,145.496,145.475,145.477,89079000
sh000012,2905,2014-12-24,145.491,145.547,145.49,145.525,18180100
sh000012,2906,2014-12-25,145.54,145.617,145.513,145.617,8040900
sh000012,2907,2014-12-26,145.631,145.668,145.628,145.666,5884900
sh000012,2908,2014-12-29,145.711,145.712,145.698,145.708,9290500
sh000012,2909,2014-12-30,145.722,145.766,145.72,145.758,11211000
sh000012,2910,2014-12-31,145.774,145.777,145.678,145.679,13864100
sh000012,2911,2015-01-05,145.753,145.813,145.751,145.798,5978700
sh000012,2912,2015-01-06,145.814,145.864,145.799,145.818,8031800
sh000012,2913,2015-01-07,145.833,145.85,145.833,145.837,6117600
sh000012,2914,2015-01-08,145.852,145.891,145.844,145.878,8432100
sh000012,2915,2015-01-09,145.892,146.056,145.889,146.028,22513400
sh000012,2916,2015-01-12,146.072,146.117,146.019,146.09,25539000
sh000012,2917,2015-01-13,146.105,146.146,146.104,146.146,18239800
sh000012,2918,2015-01-14,146.163,146.217,146.128,146.217,32622100
sh000012,2919,2015-01-15,146.231,146.38,146.231,146.38,12816900
sh000012,2920,2015-01-16,146.394,146.472,146.38,146.472,23735100
sh000012,2921,2015-01-19,146.516,146.594,146.499,146.553,9468900
sh000012,2922,2015-01-20,146.567,146.597,146.553,146.584,30706100
sh000012,2923,2015-01-21,146.596,146.626,146.596,146.622,36099400
sh000012,2924,2015-01-22,146.637,146.653,146.59,146.594,18052900
sh000012,2925,2015-01-23,146.609,146.615,146.578,146.587,30955500
sh000012,2926,2015-01-26,146.631,146.67,146.626,146.67,43081900
sh000012,2927,2015-01-27,146.685,146.735,146.68,146.734,36937400
sh000012,2928,2015-01-28,146.744,146.747,146.724,146.732,29571600
sh000012,2929,2015-01-29,146.747,146.774,146.745,146.774,21939800
sh000012,2930,2015-01-30,146.788,146.827,146.665,146.672,36190200
sh000012,2931,2015-02-02,146.716,146.847,146.714,146.847,6315900
sh000012,2932,2015-02-03,146.862,146.871,146.858,146.871,19226500
sh000012,2933,2015-02-04,146.885,146.922,146.885,146.922,45224600
sh000012,2934,2015-02-05,146.937,146.971,146.899,146.968,45410300
sh000012,2935,2015-02-06,146.983,147.002,146.976,147.002,11991900
sh000012,2936,2015-02-09,147.045,147.068,147.04,147.059,34270800
sh000012,2937,2015-02-10,147.074,147.076,147.056,147.067,10543600
sh000012,2938,2015-02-11,147.082,147.097,147.077,147.091,33026500
sh000012,2939,2015-02-12,147.105,147.262,147.105,147.262,22068500
sh000012,2940,2015-02-13,147.277,147.402,147.275,147.402,32957500
sh000012,2941,2015-02-16,147.442,147.457,147.425,147.438,23321500
sh000012,2942,2015-02-17,147.453,147.465,147.446,147.459,15599400
sh000012,2943,2015-02-25,147.569,147.622,147.569,147.622,4490400
sh000012,2944,2015-02-26,147.637,147.646,147.632,147.645,30619600
sh000012,2945,2015-02-27,147.66,147.661,147.595,147.598,17432100
sh000012,2946,2015-03-02,147.642,147.684,147.642,147.675,26725100
sh000012,2947,2015-03-03,147.69,147.69,147.681,147.686,5242100
sh000012,2948,2015-03-04,147.7,147.717,147.689,147.715,9518000
sh000012,2949,2015-03-05,147.731,147.744,147.696,147.735,16069400
sh000012,2950,2015-03-06,147.753,147.753,147.733,147.74,11042600
sh000012,2951,2015-03-09,147.779,147.787,147.751,147.752,6814700
sh000012,2952,2015-03-10,147.766,147.816,147.752,147.789,6826700
sh000012,2953,2015-03-11,147.804,147.811,147.778,147.795,12069900
sh000012,2954,2015-03-12,147.81,147.814,147.797,147.808,9461200
sh000012,2955,2015-03-13,147.823,147.866,147.76,147.866,29233900
sh000012,2956,2015-03-16,147.91,147.912,147.872,147.874,18788300
sh000012,2957,2015-03-17,147.889,147.924,147.877,147.918,30136700
sh000012,2958,2015-03-18,147.933,147.962,147.84,147.84,12244900
sh000012,2959,2015-03-19,147.854,147.945,147.854,147.944,9043300
sh000012,2960,2015-03-20,147.959,147.96,147.897,147.942,5962900
sh000012,2961,2015-03-23,147.987,148.0,147.984,148.0,10529200
sh000012,2962,2015-03-24,148.015,148.016,147.99,147.994,13716300
sh000012,2963,2015-03-25,148.009,148.011,148.004,148.007,8839300
sh000012,2964,2015-03-26,148.02,148.02,148.009,148.013,10649400
sh000012,2965,2015-03-27,148.028,148.03,147.994,148.001,5672100
sh000012,2966,2015-03-30,148.046,148.046,148.025,148.029,9593700
sh000012,2967,2015-03-31,148.044,148.045,147.946,147.966,25233900
sh000012,2968,2015-04-01,147.98,148.145,147.979,148.145,20068900
sh000012,2969,2015-04-02,148.163,148.164,148.022,148.066,51234200
sh000012,2970,2015-04-03,148.08,148.138,148.077,148.138,17558900
sh000012,2971,2015-04-07,148.196,148.2,148.177,148.179,11703500
sh000012,2972,2015-04-08,148.194,148.223,148.192,148.221,23397400
sh000012,2973,2015-04-09,148.236,148.248,148.222,148.235,32488600
sh000012,2974,2015-04-10,148.25,148.252,148.212,148.237,28961400
sh000012,2975,2015-04-13,148.282,148.284,148.26,148.264,7362200
sh000012,2976,2015-04-14,148.278,148.353,148.263,148.35,10544400
sh000012,2977,2015-04-15,148.364,148.365,148.04,148.127,16807500
sh000012,2978,2015-04-16,148.143,148.328,148.134,148.323,4927100
sh000012,2979,2015-04-17,148.338,148.449,148.241,148.32,20834500
sh000012,2980,2015-04-20,148.364,148.406,148.353,148.399,21568000
sh000012,2981,2015-04-21,148.415,148.481,148.405,148.48,32330900
sh000012,2982,2015-04-22,148.495,148.523,148.44,148.505,56215800
sh000012,2983,2015-04-23,148.521,148.541,148.429,148.43,30362000
sh000012,2984,2015-04-24,148.444,148.545,148.412,148.451,53268700
sh000012,2985,2015-04-27,148.496,148.626,148.493,148.626,22912100
sh000012,2986,2015-04-28,148.641,148.656,148.51,148.641,26342000
sh000012,2987,2015-04-29,148.655,148.655,148.362,148.533,20047300
sh000012,2988,2015-04-30,148.548,148.549,148.504,148.522,19983700
sh000012,2989,2015-05-04,148.578,148.579,148.542,148.579,5953800
sh000012,2990,2015-05-05,148.592,148.598,148.557,148.562,21212700
sh000012,2991,2015-05-06,148.577,148.589,148.571,148.571,12777700
sh000012,2992,2015-05-07,148.582,148.597,148.507,148.57,7498700
sh000012,2993,2015-05-08,148.585,148.832,148.585,148.831,10424800
sh000012,2994,2015-05-11,148.883,148.891,148.862,148.863,32915100
sh000012,2995,2015-05-12,148.878,149.021,148.877,149.021,25771200
sh000012,2996,2015-05-13,149.035,149.053,149.034,149.051,6509600
sh000012,2997,2015-05-14,149.066,149.13,148.775,148.806,71257200
sh000012,2998,2015-05-15,148.821,148.913,148.77,148.772,74230700
sh000012,2999,2015-05-18,148.817,148.908,148.808,148.907,44923200
sh000012,3000,2015-05-19,148.922,149.116,148.92,149.116,35711400
sh000012,3001,2015-05-20,149.131,149.139,148.92,148.937,22989000
sh000012,3002,2015-05-21,148.951,149.107,148.93,149.08,75345800
sh000012,3003,2015-05-22,149.095,149.101,149.091,149.093,26303300
sh000012,3004,2015-05-25,149.137,149.138,149.069,149.071,27505100
sh000012,3005,2015-05-26,149.087,149.087,149.006,149.019,14003000
sh000012,3006,2015-05-27,149.033,149.073,149.027,149.05,44384500
sh000012,3007,2015-05-28,149.065,149.065,148.976,148.984,62271000
sh000012,3008,2015-05-29,148.999,149.005,148.911,148.911,15350600
sh000012,3009,2015-06-01,148.953,149.098,148.939,149.089,22897900
sh000012,3010,2015-06-02,149.104,149.136,149.09,149.092,34772600
sh000012,3011,2015-06-03,149.107,149.118,149.055,149.116,48807200
sh000012,3012,2015-06-04,149.13,149.13,149.064,149.073,18047000
sh000012,3013,2015-06-05,149.088,149.148,149.088,149.147,25561700
sh000012,3014,2015-06-08,149.192,149.224,149.152,149.224,20885000
sh000012,3015,2015-06-09,149.238,149.259,149.178,149.225,8929300
sh000012,3016,2015-06-10,149.24,149.26,149.221,149.241,7868500
sh000012,3017,2015-06-11,149.255,149.308,149.167,149.232,20767400
sh000012,3018,2015-06-12,149.247,149.272,149.186,149.243,14770400
sh000012,3019,2015-06-15,149.288,149.352,149.283,149.347,15140300
sh000012,3020,2015-06-16,149.362,149.384,149.325,149.381,19906100
sh000012,3021,2015-06-17,149.396,149.396,149.376,149.387,25734300
sh000012,3022,2015-06-18,149.402,149.402,149.331,149.376,31989700
sh000012,3023,2015-06-19,149.391,149.405,149.37,149.372,12690400
sh000012,3024,2015-06-23,149.432,149.474,149.407,149.474,30542000
sh000012,3025,2015-06-24,149.489,149.497,149.433,149.454,12434400
sh000012,3026,2015-06-25,149.468,149.577,149.467,149.568,13071600
sh000012,3027,2015-06-26,149.583,149.596,149.581,149.595,16237600
sh000012,3028,2015-06-29,149.639,149.669,149.603,149.631,29285000
sh000012,3029,2015-06-30,149.645,149.693,149.612,149.64,14957900
sh000012,3030,2015-07-01,149.653,149.659,149.476,149.568,7961100
sh000012,3031,2015-07-02,149.583,149.625,149.576,149.625,15910100
sh000012,3032,2015-07-03,149.64,149.646,149.614,149.634,18440200
sh000012,3033,2015-07-06,149.678,149.722,149.668,149.721,33834400
sh000012,3034,2015-07-07,149.736,149.801,149.736,149.774,51747300
sh000012,3035,2015-07-08,149.789,149.813,149.713,149.777,78454500
sh000012,3036,2015-07-09,149.792,149.795,149.352,149.458,60826700
sh000012,3037,2015-07-10,149.473,149.508,149.433,149.505,69685100
sh000012,3038,2015-07-13,149.55,149.621,149.528,149.62,30970700
sh000012,3039,2015-07-14,149.635,149.663,149.628,149.642,32710600
sh000012,3040,2015-07-15,149.657,149.704,149.657,149.685,23030300
sh000012,3041,2015-07-16,149.7,149.717,149.682,149.697,30184300
sh000012,3042,2015-07-17,149.712,149.72,149.68,149.693,33089400
sh000012,3043,2015-07-20,149.737,150.013,149.735,150.013,49879900
sh000012,3044,2015-07-21,150.027,150.103,150.002,150.085,42051900
sh000012,3045,2015-07-22,150.1,150.143,150.098,150.143,32525500
sh000012,3046,2015-07-23,150.158,150.195,150.123,150.193,54365600
sh000012,3047,2015-07-24,150.208,150.217,150.175,150.209,14144400
sh000012,3048,2015-07-27,150.253,150.254,150.136,150.173,26634700
sh000012,3049,2015-07-28,150.188,150.265,150.122,150.265,50854600
sh000012,3050,2015-07-29,150.281,150.316,150.259,150.316,64663200
sh000012,3051,2015-07-30,150.33,150.432,150.327,150.379,34411200
sh000012,3052,2015-07-31,150.394,150.394,150.294,150.295,30227600
sh000012,3053,2015-08-03,150.34,150.357,150.32,150.339,78440900
sh000012,3054,2015-08-04,150.354,150.356,150.228,150.265,43309400
sh000012,3055,2015-08-05,150.28,150.342,150.276,150.342,50803500
sh000012,3056,2015-08-06,150.357,150.443,150.351,150.442,49915100
sh000012,3057,2015-08-07,150.457,150.523,150.39,150.522,48693500
sh000012,3058,2015-08-10,150.567,150.57,150.525,150.559,34711900
sh000012,3059,2015-08-11,150.574,150.578,150.537,150.537,35906800
sh000012,3060,2015-08-12,150.552,150.555,150.495,150.526,27005400
sh000012,3061,2015-08-13,150.541,150.588,150.437,150.564,11786400
sh000012,3062,2015-08-14,150.579,150.581,150.524,150.552,12965300
sh000012,3063,2015-08-17,150.597,150.597,150.58,150.589,23050200
sh000012,3064,2015-08-18,150.604,150.604,150.543,150.597,47532700
sh000012,3065,2015-08-19,150.611,150.663,150.497,150.612,35241900
sh000012,3066,2015-08-20,150.627,150.664,150.625,150.664,13998600
sh000012,3067,2015-08-21,150.679,150.717,150.641,150.717,15753100
sh000012,3068,2015-08-24,150.761,150.764,150.695,150.738,35725700
sh000012,3069,2015-08-25,150.753,150.753,150.666,150.7,49226300
sh000012,3070,2015-08-26,150.715,150.749,150.682,150.749,55546300
sh000012,3071,2015-08-27,150.764,150.784,150.737,150.774,36345000
sh000012,3072,2015-08-28,150.789,150.803,150.617,150.78,36997300
sh000012,3073,2015-08-31,150.825,150.913,150.815,150.911,52576100
sh000012,3074,2015-09-01,150.926,150.949,150.919,150.948,50741100
sh000012,3075,2015-09-02,150.963,151.037,150.961,151.032,48576600
sh000012,3076,2015-09-07,151.105,151.134,151.104,151.134,40527200
sh000012,3077,2015-09-08,151.148,151.155,151.09,151.117,33099400
sh000012,3078,2015-09-09,151.132,151.225,151.122,151.184,51926600
sh000012,3079,2015-09-10,151.199,151.22,151.194,151.22,13205900
sh000012,3080,2015-09-11,151.235,151.326,151.224,151.326,42991900
sh000012,3081,2015-09-14,151.37,151.601,151.363,151.374,23109500
sh000012,3082,2015-09-15,151.388,151.388,151.263,151.338,60744800
sh000012,3083,2015-09-16,151.353,151.371,151.316,151.324,19183800
sh000012,3084,2015-09-17,151.339,151.381,151.328,151.381,23567500
sh000012,3085,2015-09-18,151.396,151.407,151.376,151.407,11990200
sh000012,3086,2015-09-21,151.452,151.481,151.447,151.458,66268600
sh000012,3087,2015-09-22,151.473,151.475,151.457,151.469,39899800
sh000012,3088,2015-09-23,151.484,151.501,151.459,151.472,79930200
sh000012,3089,2015-09-24,151.487,151.488,151.424,151.487,29667600
sh000012,3090,2015-09-25,151.502,151.508,151.472,151.505,47820500
sh000012,3091,2015-09-28,151.548,151.55,151.528,151.547,20515800
sh000012,3092,2015-09-29,151.562,151.599,151.561,151.599,81232200
sh000012,3093,2015-09-30,151.614,151.631,151.574,151.623,29679500
sh000012,3094,2015-10-08,151.742,151.926,151.723,151.734,26300800
sh000012,3095,2015-10-09,151.749,151.803,151.749,151.801,90046900
sh000012,3096,2015-10-12,151.846,151.994,151.843,151.993,45169900
sh000012,3097,2015-10-13,152.008,152.105,151.999,152.104,32951200
sh000012,3098,2015-10-14,152.12,152.185,152.116,152.175,41987800
sh000012,3099,2015-10-15,152.19,152.29,152.185,152.261,21521100
sh000012,3100,2015-10-16,152.276,152.314,152.266,152.297,44542600
sh000012,3101,2015-10-19,152.342,152.394,152.144,152.394,49480000
sh000012,3102,2015-10-20,152.409,152.472,152.385,152.471,24880000
sh000012,3103,2015-10-21,152.487,152.519,152.469,152.519,26743700
sh000012,3104,2015-10-22,152.534,152.545,152.521,152.54,15606300
sh000012,3105,2015-10-23,152.554,152.579,152.55,152.578,8838600
sh000012,3106,2015-10-26,152.623,152.655,152.591,152.655,43146900
sh000012,3107,2015-10-27,152.67,152.761,152.67,152.752,32406900
sh000012,3108,2015-10-28,152.767,152.78,152.7,152.778,23655200
sh000012,3109,2015-10-29,152.793,152.795,152.741,152.764,43265700
sh000012,3110,2015-10-30,152.779,152.793,152.751,152.787,35678000
sh000012,3111,2015-11-02,152.833,152.864,152.804,152.843,21336300
sh000012,3112,2015-11-03,152.858,152.858,152.777,152.845,13122400
sh000012,3113,2015-11-04,152.858,152.861,152.836,152.839,59878200
sh000012,3114,2015-11-05,152.849,152.853,152.759,152.764,34332700
sh000012,3115,2015-11-06,152.779,152.788,152.754,152.777,38414900
sh000012,3116,2015-11-09,152.82,152.82,152.709,152.717,32061000
sh000012,3117,2015-11-10,152.732,152.74,152.705,152.725,29614800
sh000012,3118,2015-11-11,152.741,152.752,152.723,152.744,66774200
sh000012,3119,2015-11-12,152.759,152.763,152.74,152.753,30607000
sh000012,3120,2015-11-13,152.768,152.779,152.741,152.762,52338100
sh000012,3121,2015-11-16,152.807,152.826,152.774,152.783,31706500
sh000012,3122,2015-11-17,152.798,152.823,152.789,152.816,46264800
sh000012,3123,2015-11-18,152.832,152.856,152.83,152.852,23525800
sh000012,3124,2015-11-19,152.867,152.909,152.749,152.905,17822700
sh000012,3125,2015-11-20,152.92,152.946,152.902,152.946,31264700
sh000012,3126,2015-11-23,152.991,152.992,152.983,152.987,29206300
sh000012,3127,2015-11-24,153.002,153.012,152.98,153.002,39493400
sh000012,3128,2015-11-25,153.016,153.026,152.988,152.997,81651500
sh000012,3129,2015-11-26,153.013,153.127,152.991,153.127,45754100
sh000012,3130,2015-11-27,153.142,153.152,153.002,153.011,50935700
sh000012,3131,2015-11-30,153.056,153.114,153.04,153.091,8725600
sh000012,3132,2015-12-01,153.106,153.132,153.088,153.131,7787200
sh000012,3133,2015-12-02,153.146,153.18,153.14,153.179,7112300
sh000012,3134,2015-12-03,153.194,153.216,153.133,153.211,14129300
sh000012,3135,2015-12-04,153.226,153.276,153.222,153.275,15978900
sh000012,3136,2015-12-07,153.32,153.373,153.267,153.269,22484500
sh000012,3137,2015-12-08,153.284,153.344,153.283,153.342,51607900
sh000012,3138,2015-12-09,153.358,153.395,153.352,153.395,20728200
sh000012,3139,2015-12-10,153.411,153.427,153.41,153.426,16458700
sh000012,3140,2015-12-11,153.441,153.511,153.44,153.51,11630900
sh000012,3141,2015-12-14,153.555,153.555,153.497,153.497,16352300
sh000012,3142,2015-12-15,153.512,153.658,153.51,153.658,35656100
sh000012,3143,2015-12-16,153.673,153.684,153.608,153.613,23120900
sh000012,3144,2015-12-17,153.628,153.669,153.62,153.667,19758000
sh000012,3145,2015-12-18,153.682,153.826,153.682,153.805,38580400
sh000012,3146,2015-12-21,153.85,154.057,153.848,154.05,52447700
sh000012,3147,2015-12-22,154.065,154.162,154.053,154.161,144335900
sh000012,3148,2015-12-23,154.176,154.239,154.173,154.237,26188700
sh000012,3149,2015-12-24,154.253,154.311,154.237,154.311,63222700
sh000012,3150,2015-12-25,154.326,154.368,154.325,154.362,53923900
sh000012,3151,2015-12-28,154.407,154.533,154.395,154.531,38650100
sh000012,3152,2015-12-29,154.546,154.614,154.543,154.614,66900800
sh000012,3153,2015-12-30,154.629,154.634,154.586,154.632,59171100
sh000012,3154,2015-12-31,154.647,154.674,154.511,154.544,39661700
sh000012,3155,2016-01-04,154.605,154.665,154.584,154.663,43023700
sh000012,3156,2016-01-05,154.677,154.702,154.664,154.701,131130700
sh000012,3157,2016-01-06,154.716,154.73,154.705,154.729,33904800
sh000012,3158,2016-01-07,154.744,154.777,154.704,154.712,42195800
sh000012,3159,2016-01-08,154.727,154.75,154.721,154.736,37771900
sh000012,3160,2016-01-11,154.781,154.923,154.768,154.885,55523800
sh000012,3161,2016-01-12,154.9,155.01,154.898,155.01,18315200
sh000012,3162,2016-01-13,155.025,155.12,155.022,155.12,27436100
sh000012,3163,2016-01-14,155.135,155.179,155.133,155.175,92613600
sh000012,3164,2016-01-15,155.19,155.221,155.187,155.205,30189800
sh000012,3165,2016-01-18,155.251,155.254,155.2,155.204,24176500
sh000012,3166,2016-01-19,155.219,155.219,155.166,155.193,96934800
sh000012,3167,2016-01-20,155.209,155.216,155.089,155.13,62749100
sh000012,3168,2016-01-21,155.145,155.233,155.139,155.227,39153000
sh000012,3169,2016-01-22,155.244,155.292,155.23,155.291,29910600
sh000012,3170,2016-01-25,155.337,155.337,155.248,155.254,31926700
sh000012,3171,2016-01-26,155.269,155.278,155.215,155.245,37671600
sh000012,3172,2016-01-27,155.26,155.261,155.191,155.191,101013700
sh000012,3173,2016-01-28,155.206,155.223,155.187,155.222,34108300
sh000012,3174,2016-01-29,155.237,155.251,155.178,155.201,32722400
sh000012,3175,2016-02-01,155.246,155.303,155.242,155.302,36870100
sh000012,3176,2016-02-02,155.317,155.32,155.229,155.265,177623400
sh000012,3177,2016-02-03,155.279,155.28,155.245,155.263,31920200
sh000012,3178,2016-02-04,155.278,155.314,155.204,155.314,12564100
sh000012,3179,2016-02-05,155.329,155.389,155.248,155.329,24163200
sh000012,3180,2016-02-15,155.479,155.536,155.267,155.536,10253100
sh000012,3181,2016-02-16,155.551,155.554,155.523,155.537,19360900
sh000012,3182,2016-02-17,155.552,155.552,155.521,155.537,24004400
sh000012,3183,2016-02-18,155.552,155.583,155.508,155.524,51053000
sh000012,3184,2016-02-19,155.539,155.591,155.529,155.59,16514100
sh000012,3185,2016-02-22,155.635,155.654,155.58,155.652,41348400
sh000012,3186,2016-02-23,155.667,155.714,155.571,155.679,21078100
sh000012,3187,2016-02-24,155.694,155.746,155.661,155.746,43065800
sh000012,3188,2016-02-25,155.761,155.782,155.702,155.704,48075900
sh000012,3189,2016-02-26,155.719,155.763,155.7,155.761,34802600
sh000012,3190,2016-02-29,155.792,155.799,155.693,155.721,110710400
sh000012,3191,2016-03-01,155.736,155.773,155.699,155.699,112419600
sh000012,3192,2016-03-02,155.714,155.778,155.714,155.771,33322900
sh000012,3193,2016-03-03,155.786,155.798,155.756,155.76,55134000
sh000012,3194,2016-03-04,155.775,155.789,155.772,155.774,11452400
sh000012,3195,2016-03-07,155.819,155.826,155.791,155.802,31613400
sh000012,3196,2016-03-08,155.817,155.829,155.807,155.822,19665600
sh000012,3197,2016-03-09,155.837,155.88,155.835,155.879,40711300
sh000012,3198,2016-03-10,155.894,155.924,155.893,155.899,27668600
sh000012,3199,2016-03-11,155.914,155.953,155.913,155.953,38231700
sh000012,3200,2016-03-14,155.998,156.052,155.984,156.047,21349100
sh000012,3201,2016-03-15,156.062,156.062,156.023,156.046,46420400
sh000012,3202,2016-03-16,156.061,156.092,156.053,156.091,22550300
sh000012,3203,2016-03-17,156.106,156.193,156.084,156.192,35968800
sh000012,3204,2016-03-18,156.207,156.211,156.175,156.202,42226200
sh000012,3205,2016-03-21,156.247,156.248,156.199,156.224,19581300
sh000012,3206,2016-03-22,156.238,156.293,156.237,156.292,25790400
sh000012,3207,2016-03-23,156.307,156.397,156.293,156.395,15886200
sh000012,3208,2016-03-24,156.41,156.43,156.402,156.43,32763900
sh000012,3209,2016-03-25,156.445,156.48,156.423,156.48,14691400
sh000012,3210,2016-03-28,156.524,156.571,156.513,156.56,25004800
sh000012,3211,2016-03-29,156.574,156.594,156.574,156.59,20281500
sh000012,3212,2016-03-30,156.605,156.605,156.581,156.591,27926700
sh000012,3213,2016-03-31,156.605,156.632,156.604,156.625,12822800
sh000012,3214,2016-04-01,156.639,156.66,156.613,156.648,9161700
sh000012,3215,2016-04-05,156.708,156.721,156.698,156.716,9549400
sh000012,3216,2016-04-06,156.731,156.748,156.704,156.724,17011200
sh000012,3217,2016-04-07,156.739,156.743,156.685,156.714,17099300
sh000012,3218,2016-04-08,156.729,156.749,156.721,156.721,30629600
sh000012,3219,2016-04-11,156.766,156.784,156.747,156.749,15137700
sh000012,3220,2016-04-12,156.764,156.791,156.737,156.787,27089100
sh000012,3221,2016-04-13,156.802,156.806,156.737,156.744,61837300
sh000012,3222,2016-04-14,156.76,156.762,156.738,156.747,18280300
sh000012,3223,2016-04-15,156.761,156.762,156.734,156.756,28178300
sh000012,3224,2016-04-18,156.801,156.805,156.725,156.804,19467100
sh000012,3225,2016-04-19,156.82,156.82,156.78,156.808,28182800
sh000012,3226,2016-04-20,156.823,156.826,156.787,156.796,23479200
sh000012,3227,2016-04-21,156.81,156.811,156.693,156.717,81455300
sh000012,3228,2016-04-22,156.732,156.733,156.695,156.7,36073100
sh000012,3229,2016-04-25,156.745,156.745,156.559,156.584,26323500
sh000012,3230,2016-04-26,156.599,156.608,156.541,156.595,37392800
sh000012,3231,2016-04-27,156.61,156.618,156.592,156.616,18602700
sh000012,3232,2016-04-28,156.631,156.671,156.628,156.671,34038200
sh000012,3233,2016-04-29,156.687,156.69,156.676,156.684,16857700
sh000012,3234,2016-05-03,156.744,156.747,156.738,156.745,15913400
sh000012,3235,2016-05-04,156.76,156.781,156.743,156.781,18890100
sh000012,3236,2016-05-05,156.796,156.796,156.751,156.774,20322600
sh000012,3237,2016-05-06,156.789,156.832,156.78,156.823,16462300
sh000012,3238,2016-05-09,156.869,156.885,156.865,156.878,28804200
sh000012,3239,2016-05-10,156.893,156.91,156.892,156.907,16646100
sh000012,3240,2016-05-11,156.922,156.944,156.904,156.938,11262600
sh000012,3241,2016-05-12,156.953,157.046,156.933,157.045,11421800
sh000012,3242,2016-05-13,157.06,157.152,156.985,157.139,18028600
sh000012,3243,2016-05-16,157.184,157.207,157.151,157.156,43194700
sh000012,3244,2016-05-17,157.171,157.172,157.161,157.167,22655000
sh000012,3245,2016-05-18,157.182,157.182,157.156,157.163,19241500
sh000012,3246,2016-05-19,157.178,157.179,157.133,157.164,25435700
sh000012,3247,2016-05-20,157.179,157.191,157.155,157.176,13717300
sh000012,3248,2016-05-23,157.221,157.229,157.16,157.162,20232200
sh000012,3249,2016-05-24,157.177,157.257,157.154,157.177,29667800
sh000012,3250,2016-05-25,157.192,157.193,157.141,157.159,35623400
sh000012,3251,2016-05-26,157.174,157.184,157.17,157.176,13428100
sh000012,3252,2016-05-27,157.191,157.212,157.147,157.148,13268000
sh000012,3253,2016-05-30,157.192,157.238,157.19,157.233,19553600
sh000012,3254,2016-05-31,157.249,157.253,157.154,157.183,25684400
sh000012,3255,2016-06-01,157.198,157.203,157.167,157.202,28774700
sh000012,3256,2016-06-02,157.217,157.219,157.194,157.209,33436600
sh000012,3257,2016-06-03,157.223,157.223,157.156,157.205,24795600
sh000012,3258,2016-06-06,157.25,157.25,157.215,157.216,11625600
sh000012,3259,2016-06-07,157.231,157.237,157.106,157.226,27845400
sh000012,3260,2016-06-08,157.241,157.245,157.215,157.227,24890500
sh000012,3261,2016-06-13,157.302,157.306,157.263,157.266,31592500
sh000012,3262,2016-06-14,157.281,157.289,157.252,157.262,52143200
sh000012,3263,2016-06-15,157.277,157.308,157.227,157.306,23103400
sh000012,3264,2016-06-16,157.321,157.337,157.315,157.326,34901300
sh000012,3265,2016-06-17,157.337,157.364,157.336,157.363,25912900
sh000012,3266,2016-06-20,157.408,157.519,157.396,157.518,22428200
sh000012,3267,2016-06-21,157.533,157.534,157.519,157.52,26045100
sh000012,3268,2016-06-22,157.535,157.54,157.498,157.533,36466600
sh000012,3269,2016-06-23,157.547,157.556,157.516,157.556,37288900
sh000012,3270,2016-06-24,157.571,157.589,157.5,157.534,57779700
sh000012,3271,2016-06-27,157.579,157.663,157.574,157.66,50398800
sh000012,3272,2016-06-28,157.675,157.677,157.589,157.591,47890600
sh000012,3273,2016-06-29,157.606,157.651,157.589,157.65,43466000
sh000012,3274,2016-06-30,157.667,157.673,157.645,157.67,40748400
sh000012,3275,2016-07-01,157.685,157.768,157.677,157.767,48253900
sh000012,3276,2016-07-04,157.808,157.854,157.808,157.811,40913200
sh000012,3277,2016-07-05,157.826,157.84,157.663,157.794,20058700
sh000012,3278,2016-07-06,157.808,157.843,157.794,157.841,25671800
sh000012,3279,2016-07-07,157.856,157.947,157.852,157.947,53431600
sh000012,3280,2016-07-08,157.962,157.964,157.949,157.955,22363100
sh000012,3281,2016-07-11,157.996,158.008,157.981,158.003,44353100
sh000012,3282,2016-07-12,158.018,158.027,157.966,158.026,50085800
sh000012,3283,2016-07-13,158.041,158.041,158.01,158.013,33542800
sh000012,3284,2016-07-14,158.028,158.028,158.018,158.022,28997400
sh000012,3285,2016-07-15,158.037,158.056,158.024,158.029,38323200
sh000012,3286,2016-07-18,158.074,158.085,158.071,158.075,10696500
sh000012,3287,2016-07-19,158.09,158.112,158.085,158.112,41413500
sh000012,3288,2016-07-20,158.127,158.187,158.126,158.182,52134300
sh000012,3289,2016-07-21,158.201,158.29,158.198,158.283,39559500
sh000012,3290,2016-07-22,158.298,158.303,158.261,158.295,28221200
sh000012,3291,2016-07-25,158.34,158.34,158.316,158.331,30635800
sh000012,3292,2016-07-26,158.346,158.347,158.332,158.338,14491400
sh000012,3293,2016-07-27,158.355,158.362,158.346,158.35,25170000
sh000012,3294,2016-07-28,158.365,158.391,158.359,158.388,21904000
sh000012,3295,2016-07-29,158.403,158.448,158.387,158.444,35419800
sh000012,3296,2016-08-01,158.489,158.514,158.451,158.51,34565000
sh000012,3297,2016-08-02,158.525,158.545,158.515,158.545,10953900
sh000012,3298,2016-08-03,158.56,158.573,158.55,158.573,13896200
sh000012,3299,2016-08-04,158.589,158.622,158.512,158.617,18525700
sh000012,3300,2016-08-05,158.632,158.658,158.587,158.591,12461700
sh000012,3301,2016-08-08,158.636,158.701,158.634,158.701,20033900
sh000012,3302,2016-08-09,158.716,158.836,158.713,158.835,47599600
sh000012,3303,2016-08-10,158.85,158.928,158.844,158.925,59798200
sh000012,3304,2016-08-11,158.94,158.974,158.922,158.972,26759700
sh000012,3305,2016-08-12,158.987,159.065,158.982,159.065,28157400
sh000012,3306,2016-08-15,159.109,159.181,159.057,159.156,29355600
sh000012,3307,2016-08-16,159.17,159.206,159.146,159.199,32332000
sh000012,3308,2016-08-17,159.215,159.216,159.16,159.192,24835700
sh000012,3309,2016-08-18,159.207,159.218,159.169,159.213,68604600
sh000012,3310,2016-08-19,159.228,159.228,159.195,159.208,20659800
sh000012,3311,2016-08-22,159.253,159.256,159.146,159.175,20126800
sh000012,3312,2016-08-23,159.19,159.219,159.18,159.202,28945600
sh000012,3313,2016-08-24,159.217,159.217,159.136,159.152,20963600
sh000012,3314,2016-08-25,159.166,159.237,159.148,159.184,51585000
sh000012,3315,2016-08-26,159.199,159.214,159.175,159.213,17035500
sh000012,3316,2016-08-29,159.255,159.255,159.226,159.23,10031400
sh000012,3317,2016-08-30,159.245,159.246,159.191,159.195,45380200
sh000012,3318,2016-08-31,159.21,159.22,159.186,159.219,39280000
sh000012,3319,2016-09-01,159.233,159.234,159.197,159.22,23870000
sh000012,3320,2016-09-02,159.235,159.238,159.203,159.236,27171900
sh000012,3321,2016-09-05,159.281,159.285,159.242,159.263,14442000
sh000012,3322,2016-09-06,159.278,159.287,159.254,159.256,11128400
sh000012,3323,2016-09-07,159.271,159.295,159.196,159.232,21697000
sh000012,3324,2016-09-08,159.247,159.293,159.237,159.276,15221100
sh000012,3325,2016-09-09,159.291,159.334,159.277,159.332,16554200
sh000012,3326,2016-09-12,159.377,159.377,159.311,159.359,13432600
sh000012,3327,2016-09-13,159.374,159.396,159.36,159.395,34596200
sh000012,3328,2016-09-14,159.408,159.428,159.403,159.428,11592900
sh000012,3329,2016-09-19,159.502,159.502,159.368,159.394,10135300
sh000012,3330,2016-09-20,159.409,159.457,159.405,159.449,33122100
sh000012,3331,2016-09-21,159.464,159.501,159.464,159.5,18209500
sh000012,3332,2016-09-22,159.515,159.534,159.514,159.528,18482000
sh000012,3333,2016-09-23,159.543,159.589,159.529,159.565,29674200
sh000012,3334,2016-09-26,159.609,159.619,159.567,159.614,22970300
sh000012,3335,2016-09-27,159.63,159.643,159.623,159.623,14550300
sh000012,3336,2016-09-28,159.638,159.643,159.601,159.613,23496700
sh000012,3337,2016-09-29,159.628,159.68,159.619,159.676,21390200
sh000012,3338,2016-09-30,159.691,159.754,159.689,159.728,10694600
sh000012,3339,2016-10-10,159.876,159.932,159.864,159.93,48413600
sh000012,3340,2016-10-11,159.945,159.966,159.932,159.966,40192200
sh000012,3341,2016-10-12,159.981,159.984,159.94,159.97,36916700
sh000012,3342,2016-10-13,159.985,160.006,159.948,159.989,17861300
sh000012,3343,2016-10-14,160.003,160.03,159.96,160.03,31595400
sh000012,3344,2016-10-17,160.074,160.091,160.061,160.085,12634500
sh000012,3345,2016-10-18,160.1,160.138,160.092,160.131,15824700
sh000012,3346,2016-10-19,160.146,160.393,160.138,160.382,59159800
sh000012,3347,2016-10-20,160.397,160.566,160.396,160.565,38142500
sh000012,3348,2016-10-21,160.58,160.67,160.579,160.666,39064900
sh000012,3349,2016-10-24,160.711,160.726,160.607,160.661,18850700
sh000012,3350,2016-10-25,160.676,160.68,160.663,160.67,15416700
sh000012,3351,2016-10-26,160.685,160.691,160.648,160.653,36664600
sh000012,3352,2016-10-27,160.668,160.678,160.591,160.671,52853800
sh000012,3353,2016-10-28,160.686,160.717,160.685,160.714,16610700
sh000012,3354,2016-10-31,160.759,160.759,160.716,160.722,43268700
sh000012,3355,2016-11-01,160.737,160.737,160.691,160.715,14504100
sh000012,3356,2016-11-02,160.73,160.753,160.719,160.72,16689600
sh000012,3357,2016-11-03,160.735,160.793,160.719,160.787,65429300
sh000012,3358,2016-11-04,160.802,160.821,160.778,160.818,22704400
sh000012,3359,2016-11-07,160.862,160.862,160.764,160.772,32379800
sh000012,3360,2016-11-08,160.792,160.828,160.75,160.787,26599800
sh000012,3361,2016-11-09,160.805,160.833,160.803,160.821,20146800
sh000012,3362,2016-11-10,160.835,160.835,160.779,160.792,31932800
sh000012,3363,2016-11-11,160.807,160.81,160.762,160.766,20146800
sh000012,3364,2016-11-14,160.811,160.821,160.771,160.779,30746300
sh000012,3365,2016-11-15,160.794,160.813,160.696,160.709,46864600
sh000012,3366,2016-11-16,160.724,160.764,160.71,160.751,15267200
sh000012,3367,2016-11-17,160.766,160.766,160.604,160.63,49219100
sh000012,3368,2016-11-18,160.649,160.682,160.619,160.635,40226800
sh000012,3369,2016-11-21,160.679,160.681,160.656,160.678,4817700
sh000012,3370,2016-11-22,160.692,160.708,160.651,160.667,21422900
sh000012,3371,2016-11-23,160.682,160.75,160.676,160.727,22967200
sh000012,3372,2016-11-24,160.75,160.75,160.705,160.725,23746900
sh000012,3373,2016-11-25,160.74,160.74,160.65,160.65,28384900
sh000012,3374,2016-11-28,160.694,160.726,160.633,160.639,20704700
sh000012,3375,2016-11-29,160.654,160.657,160.561,160.562,23344600
sh000012,3376,2016-11-30,160.577,160.581,160.352,160.362,177712200
sh000012,3377,2016-12-01,160.377,160.389,160.297,160.359,38881000
sh000012,3378,2016-12-02,160.375,160.416,160.369,160.395,33933900
sh000012,3379,2016-12-05,160.439,160.45,160.412,160.412,12814700
sh000012,3380,2016-12-06,160.427,160.427,160.268,160.295,38780300
sh000012,3381,2016-12-07,160.31,160.332,160.278,160.278,20333800
sh000012,3382,2016-12-08,160.3,160.339,160.295,160.319,35345400
sh000012,3383,2016-12-09,160.334,160.334,160.204,160.256,14090600
sh000012,3384,2016-12-12,160.303,160.303,160.064,160.104,36793500
sh000012,3385,2016-12-13,160.119,160.119,159.964,160.011,59524900
sh000012,3386,2016-12-14,160.026,160.046,159.923,159.945,32338800
sh000012,3387,2016-12-15,159.96,159.96,159.577,159.62,103318900
sh000012,3388,2016-12-16,159.635,159.655,159.504,159.586,79365700
sh000012,3389,2016-12-19,159.626,159.656,159.542,159.574,72421700
sh000012,3390,2016-12-20,159.587,159.627,159.374,159.49,72692500
sh000012,3391,2016-12-21,159.505,159.582,159.502,159.533,81011400
sh000012,3392,2016-12-22,159.546,159.717,159.546,159.716,70527100
sh000012,3393,2016-12-23,159.73,159.792,159.693,159.784,89971000
sh000012,3394,2016-12-26,159.829,159.886,159.746,159.852,63498600
sh000012,3395,2016-12-27,159.867,159.902,159.638,159.741,73148600
sh000012,3396,2016-12-28,159.756,159.757,159.495,159.511,56271800
sh000012,3397,2016-12-29,159.525,159.683,159.525,159.672,35093600
sh000012,3398,2016-12-30,159.688,159.822,159.654,159.785,36977300
sh000012,3399,2017-01-03,159.85,159.881,159.677,159.712,27072500
sh000012,3400,2017-01-04,159.726,159.748,159.699,159.727,23803200
sh000012,3401,2017-01-05,159.741,159.76,159.651,159.674,34637400
sh000012,3402,2017-01-06,159.689,159.737,159.648,159.661,33784900
sh000012,3403,2017-01-09,159.705,159.764,159.705,159.731,59013700
sh000012,3404,2017-01-10,159.746,159.801,159.707,159.717,34905000
sh000012,3405,2017-01-11,159.732,159.736,159.623,159.657,14481100
sh000012,3406,2017-01-12,159.672,159.701,159.661,159.699,9724800
sh000012,3407,2017-01-13,159.714,159.718,159.668,159.671,23195200
sh000012,3408,2017-01-16,159.715,159.719,159.679,159.718,21964500
sh000012,3409,2017-01-17,159.725,159.725,159.591,159.619,30914400
sh000012,3410,2017-01-18,159.634,159.642,159.629,159.634,12084200
sh000012,3411,2017-01-19,159.649,159.649,159.625,159.63,18140800
sh000012,3412,2017-01-20,159.644,159.681,159.637,159.681,13941600
sh000012,3413,2017-01-23,159.726,159.728,159.665,159.665,8778200
sh000012,3414,2017-01-24,159.709,159.761,159.701,159.761,22978000
sh000012,3415,2017-01-25,159.776,159.776,159.657,159.66,23338300
sh000012,3416,2017-01-26,159.674,159.708,159.622,159.706,4087800
sh000012,3417,2017-02-03,159.824,159.849,159.785,159.803,21993800
sh000012,3418,2017-02-06,159.848,159.848,159.714,159.755,28265000
sh000012,3419,2017-02-07,159.769,159.8,159.621,159.659,23027400
sh000012,3420,2017-02-08,159.673,159.694,159.623,159.681,29085300
sh000012,3421,2017-02-09,159.695,159.743,159.661,159.725,28491600
sh000012,3422,2017-02-10,159.74,159.74,159.634,159.721,12128100
sh000012,3423,2017-02-13,159.764,159.778,159.711,159.761,19915300
sh000012,3424,2017-02-14,159.775,159.781,159.749,159.756,20958200
sh000012,3425,2017-02-15,159.771,159.789,159.712,159.712,45826000
sh000012,3426,2017-02-16,159.726,159.731,159.677,159.711,12829600
sh000012,3427,2017-02-17,159.725,159.835,159.708,159.733,58751300
sh000012,3428,2017-02-20,159.778,159.874,159.704,159.874,44315600
sh000012,3429,2017-02-21,159.889,159.901,159.837,159.88,38506400
sh000012,3430,2017-02-22,159.894,159.959,159.886,159.943,43709700
sh000012,3431,2017-02-23,159.958,159.979,159.917,159.932,20004100
sh000012,3432,2017-02-24,159.946,159.957,159.875,159.928,17192900
sh000012,3433,2017-02-27,159.972,160.037,159.96,160.023,14467700
sh000012,3434,2017-02-28,160.038,160.038,160.005,160.022,21028300
sh000012,3435,2017-03-01,160.037,160.056,160.012,160.013,22823800
sh000012,3436,2017-03-02,160.027,160.032,159.994,159.994,16503600
sh000012,3437,2017-03-03,160.009,160.018,159.985,160.007,11105000
sh000012,3438,2017-03-06,160.052,160.052,159.998,160.026,16360000
sh000012,3439,2017-03-07,160.041,160.072,160.036,160.047,29259600
sh000012,3440,2017-03-08,160.062,160.076,160.062,160.066,11551600
sh000012,3441,2017-03-09,160.081,160.081,160.03,160.032,23072100
sh000012,3442,2017-03-10,160.047,160.052,160.025,160.027,14905500
sh000012,3443,2017-03-13,160.071,160.073,160.001,160.072,19941000
sh000012,3444,2017-03-14,160.087,160.093,160.08,160.09,23240600
sh000012,3445,2017-03-15,160.105,160.106,160.04,160.076,6068700
sh000012,3446,2017-03-16,160.091,160.109,160.072,160.083,37202300
sh000012,3447,2017-03-17,160.098,160.1,159.983,159.993,7349800
sh000012,3448,2017-03-20,160.037,160.065,159.971,160.027,14669200
sh000012,3449,2017-03-21,160.042,160.061,160.022,160.034,11154200
sh000012,3450,2017-03-22,160.049,160.054,159.991,160.009,27838100
sh000012,3451,2017-03-23,160.024,160.039,159.97,160.037,14622200
sh000012,3452,2017-03-24,160.051,160.093,160.001,160.091,27131600
sh000012,3453,2017-03-27,160.136,160.167,160.077,160.163,39497900
sh000012,3454,2017-03-28,160.178,160.185,160.045,160.098,27870700
sh000012,3455,2017-03-29,160.112,160.167,160.101,160.164,32901200
sh000012,3456,2017-03-30,160.179,160.188,160.161,160.167,5354300
sh000012,3457,2017-03-31,160.18,160.193,160.138,160.18,7500400
sh000012,3458,2017-04-05,160.254,160.297,160.249,160.266,16704800
sh000012,3459,2017-04-06,160.281,160.309,160.178,160.307,8590900
sh000012,3460,2017-04-07,160.322,160.387,160.319,160.374,19357600
sh000012,3461,2017-04-10,160.418,160.463,160.389,160.461,11180700
sh000012,3462,2017-04-11,160.476,160.476,160.406,160.437,16384500
sh000012,3463,2017-04-12,160.451,160.46,160.422,160.437,12133500
sh000012,3464,2017-04-13,160.452,160.497,160.441,160.497,15106700
sh000012,3465,2017-04-14,160.512,160.522,160.48,160.515,10412700
sh000012,3466,2017-04-17,160.56,160.562,160.496,160.506,19261400
sh000012,3467,2017-04-18,160.521,160.527,160.45,160.527,19592800
sh000012,3468,2017-04-19,160.542,160.546,160.494,160.508,9787000
sh000012,3469,2017-04-20,160.523,160.535,160.434,160.49,7756200
sh000012,3470,2017-04-21,160.505,160.525,160.444,160.522,15022800
sh000012,3471,2017-04-24,160.569,160.576,160.535,160.554,12998900
sh000012,3472,2017-04-25,160.569,160.6,160.553,160.599,16363600
sh000012,3473,2017-04-26,160.614,160.614,160.555,160.581,26973500
sh000012,3474,2017-04-27,160.596,160.614,160.576,160.606,10779200
sh000012,3475,2017-04-28,160.621,160.626,160.59,160.614,4582700
sh000012,3476,2017-05-02,160.674,160.675,160.656,160.657,15518300
sh000012,3477,2017-05-03,160.672,160.672,160.649,160.661,5846100
sh000012,3478,2017-05-04,160.676,160.676,160.624,160.64,23892800
sh000012,3479,2017-05-05,160.654,160.691,160.623,160.639,9515700
sh000012,3480,2017-05-08,160.684,160.694,160.607,160.636,9809800
sh000012,3481,2017-05-09,160.651,160.673,160.615,160.636,17134300
sh000012,3482,2017-05-10,160.651,160.669,160.472,160.494,8177700
sh000012,3483,2017-05-11,160.507,160.523,160.322,160.411,23402800
sh000012,3484,2017-05-12,160.426,160.436,160.297,160.328,21693300
sh000012,3485,2017-05-15,160.373,160.385,160.091,160.091,16053300
sh000012,3486,2017-05-16,160.106,160.377,160.096,160.299,12243300
sh000012,3487,2017-05-17,160.314,160.322,160.189,160.21,15313100
sh000012,3488,2017-05-18,160.225,160.235,160.2,160.216,14349800
sh000012,3489,2017-05-19,160.231,160.233,160.16,160.182,11908900
sh000012,3490,2017-05-22,160.227,160.248,160.105,160.105,26655900
sh000012,3491,2017-05-23,160.12,160.15,160.095,160.139,8385000
sh000012,3492,2017-05-24,160.154,160.156,160.046,160.084,7863500
sh000012,3493,2017-05-25,160.099,160.106,160.02,160.069,16963400
sh000012,3494,2017-05-26,160.084,160.093,159.859,159.907,7907700
sh000012,3495,2017-05-31,159.981,160.155,159.981,160.154,9799300
sh000012,3496,2017-06-01,160.169,160.172,160.15,160.151,13429100
sh000012,3497,2017-06-02,160.166,160.187,160.166,160.187,14757200
sh000012,3498,2017-06-05,160.232,160.309,160.213,160.23,11015800
sh000012,3499,2017-06-06,160.245,160.25,160.147,160.147,9846400
sh000012,3500,2017-06-07,160.162,160.261,160.124,160.22,7299700
sh000012,3501,2017-06-08,160.236,160.411,160.142,160.189,9662900
sh000012,3502,2017-06-09,160.204,160.249,160.187,160.212,5648300
sh000012,3503,2017-06-12,160.257,160.369,160.244,160.285,44188400
sh000012,3504,2017-06-13,160.3,160.352,160.105,160.309,17508100
sh000012,3505,2017-06-14,160.325,160.371,160.291,160.353,25266400
sh000012,3506,2017-06-15,160.368,160.394,160.325,160.332,56449200
sh000012,3507,2017-06-16,160.347,160.413,160.346,160.411,17288400
sh000012,3508,2017-06-19,160.456,160.51,160.456,160.487,34465800
sh000012,3509,2017-06-20,160.502,160.579,160.483,160.485,30844000
sh000012,3510,2017-06-21,160.5,160.514,160.484,160.502,9653800
sh000012,3511,2017-06-22,160.517,160.517,160.487,160.492,15706800
sh000012,3512,2017-06-23,160.507,160.517,160.464,160.47,11538900
sh000012,3513,2017-06-26,160.515,160.537,160.369,160.382,14567700
sh000012,3514,2017-06-27,160.397,160.439,160.225,160.385,15350900
sh000012,3515,2017-06-28,160.4,160.438,160.394,160.438,15909000
sh000012,3516,2017-06-29,160.453,160.467,160.412,160.418,16114100
sh000012,3517,2017-06-30,160.433,160.433,160.407,160.411,10438600
sh000012,3518,2017-07-03,160.456,160.546,160.398,160.471,9800600
sh000012,3519,2017-07-04,160.486,160.507,160.316,160.373,12346400
sh000012,3520,2017-07-05,160.388,160.395,160.329,160.365,14187600
sh000012,3521,2017-07-06,160.38,160.418,160.378,160.418,19095000
sh000012,3522,2017-07-07,160.433,160.449,160.428,160.446,12943300
sh000012,3523,2017-07-10,160.491,160.493,160.406,160.418,15009600
sh000012,3524,2017-07-11,160.433,160.434,160.349,160.381,18766300
sh000012,3525,2017-07-12,160.396,160.406,160.36,160.393,23515100
sh000012,3526,2017-07-13,160.408,160.427,160.392,160.393,24055600
sh000012,3527,2017-07-14,160.409,160.411,160.371,160.409,15381300
sh000012,3528,2017-07-17,160.454,160.462,160.428,160.429,32500500
sh000012,3529,2017-07-18,160.443,160.443,160.407,160.421,27342900
sh000012,3530,2017-07-19,160.436,160.456,160.411,160.431,29058900
sh000012,3531,2017-07-20,160.447,160.45,160.408,160.421,20698900
sh000012,3532,2017-07-21,160.453,160.462,160.404,160.404,31305100
sh000012,3533,2017-07-24,160.449,160.467,160.421,160.464,31075000
sh000012,3534,2017-07-25,160.479,160.482,160.424,160.427,24371800
sh000012,3535,2017-07-26,160.442,160.442,160.398,160.407,14151700
sh000012,3536,2017-07-27,160.422,160.438,160.317,160.328,21668900
sh000012,3537,2017-07-28,160.343,160.351,160.337,160.344,26235800
sh000012,3538,2017-07-31,160.389,160.391,160.339,160.363,16842400
sh000012,3539,2017-08-01,160.378,160.379,160.234,160.253,28178800
sh000012,3540,2017-08-02,160.268,160.475,160.262,160.473,14753400
sh000012,3541,2017-08-03,160.488,160.491,160.271,160.355,20769700
sh000012,3542,2017-08-04,160.369,160.376,160.279,160.295,16339100
sh000012,3543,2017-08-07,160.34,160.344,160.33,160.344,26879700
sh000012,3544,2017-08-08,160.36,160.36,160.286,160.293,17320100
sh000012,3545,2017-08-09,160.308,160.311,160.301,160.305,10441300
sh000012,3546,2017-08-10,160.32,160.326,160.25,160.257,11996100
sh000012,3547,2017-08-11,160.27,160.333,160.241,160.333,23467100
sh000012,3548,2017-08-14,160.378,160.418,160.342,160.342,21558700
sh000012,3549,2017-08-15,160.358,160.541,160.353,160.541,14647700
sh000012,3550,2017-08-16,160.555,160.578,160.512,160.577,5879500
sh000012,3551,2017-08-17,160.593,160.597,160.566,160.572,14434100
sh000012,3552,2017-08-18,160.587,160.594,160.583,160.583,8156100
sh000012,3553,2017-08-21,160.631,160.631,160.556,160.56,7628000
sh000012,3554,2017-08-22,160.577,160.608,160.535,160.572,14555800
sh000012,3555,2017-08-23,160.587,160.624,160.543,160.557,6019800
sh000012,3556,2017-08-24,160.573,160.577,160.531,160.544,11041600
sh000012,3557,2017-08-25,160.56,160.589,160.501,160.517,9201700
sh000012,3558,2017-08-28,160.563,160.576,160.538,160.571,11030000
sh000012,3559,2017-08-29,160.587,160.613,160.57,160.573,7662200
sh000012,3560,2017-08-30,160.588,160.702,160.587,160.695,7773200
sh000012,3561,2017-08-31,160.71,160.741,160.706,160.712,8656700
sh000012,3562,2017-09-01,160.727,160.794,160.699,160.756,9445400
sh000012,3563,2017-09-04,160.802,160.809,160.751,160.772,7387000
sh000012,3564,2017-09-05,160.787,160.788,160.7,160.722,11018900
sh000012,3565,2017-09-06,160.752,160.752,160.532,160.534,11308500
sh000012,3566,2017-09-07,160.55,160.591,160.533,160.591,16844200
sh000012,3567,2017-09-08,160.606,160.616,160.544,160.574,26865900
sh000012,3568,2017-09-11,160.619,160.627,160.57,160.597,12621200
sh000012,3569,2017-09-12,160.615,160.615,160.551,160.578,9798300
sh000012,3570,2017-09-13,160.593,160.643,160.573,160.578,7158000
sh000012,3571,2017-09-14,160.592,160.621,160.585,160.587,29626100
sh000012,3572,2017-09-15,160.602,160.611,160.595,160.602,10612400
sh000012,3573,2017-09-18,160.647,160.656,160.613,160.623,17599700
sh000012,3574,2017-09-19,160.638,160.678,160.609,160.625,13023500
sh000012,3575,2017-09-20,160.64,160.644,160.623,160.629,20026400
sh000012,3576,2017-09-21,160.644,160.655,160.613,160.617,10263200
sh000012,3577,2017-09-22,160.632,160.636,160.573,160.581,18629700
sh000012,3578,2017-09-25,160.626,160.642,160.507,160.62,20718700
sh000012,3579,2017-09-26,160.636,160.648,160.603,160.623,9697900
sh000012,3580,2017-09-27,160.638,160.639,160.614,160.629,14269300
sh000012,3581,2017-09-28,160.644,160.663,160.641,160.661,13815500
sh000012,3582,2017-09-29,160.678,160.695,160.653,160.694,26325100
sh000012,3583,2017-10-09,160.847,160.849,160.788,160.793,6424600
sh000012,3584,2017-10-10,160.805,160.808,160.774,160.789,31976500
sh000012,3585,2017-10-11,160.805,160.811,160.797,160.806,15329100
sh000012,3586,2017-10-12,160.822,160.854,160.812,160.846,10946200
sh000012,3587,2017-10-13,160.861,160.889,160.845,160.873,11232400
sh000012,3588,2017-10-16,160.919,160.962,160.88,160.954,15282400
sh000012,3589,2017-10-17,160.971,160.985,160.947,160.972,11848800
sh000012,3590,2017-10-18,160.988,160.995,160.898,160.898,17792300
sh000012,3591,2017-10-19,160.914,160.924,160.891,160.916,13908900
sh000012,3592,2017-10-20,160.931,160.938,160.896,160.905,8503500
sh000012,3593,2017-10-23,160.951,160.966,160.935,160.937,9194700
sh000012,3594,2017-10-24,160.952,161.059,160.847,161.026,34722000
sh000012,3595,2017-10-25,161.041,161.048,160.907,161.046,10232400
sh000012,3596,2017-10-26,161.062,161.063,160.903,160.921,28951400
sh000012,3597,2017-10-27,160.936,160.942,160.863,160.867,17613500
sh000012,3598,2017-10-30,160.913,160.925,160.796,160.796,25904700
sh000012,3599,2017-10-31,160.812,160.9,160.81,160.813,11769500
sh000012,3600,2017-11-01,160.828,160.849,160.824,160.839,18498800
sh000012,3601,2017-11-02,160.854,160.857,160.817,160.828,17753200
sh000012,3602,2017-11-03,160.843,160.89,160.841,160.848,15140200
sh000012,3603,2017-11-06,160.894,160.897,160.845,160.896,10202500
sh000012,3604,2017-11-07,160.912,160.922,160.849,160.855,19633900
sh000012,3605,2017-11-08,160.87,160.87,160.831,160.832,23086500
sh000012,3606,2017-11-09,160.847,160.853,160.801,160.843,11891000
sh000012,3607,2017-11-10,160.865,160.89,160.864,160.885,8196100
sh000012,3608,2017-11-13,160.932,160.937,160.817,160.819,12306000
sh000012,3609,2017-11-14,160.834,160.846,160.735,160.739,26488200
sh000012,3610,2017-11-15,160.754,160.774,160.637,160.647,31122300
sh000012,3611,2017-11-16,160.661,160.68,160.635,160.674,17370900
sh000012,3612,2017-11-17,160.69,160.704,160.667,160.668,8598800
sh000012,3613,2017-11-20,160.714,160.728,160.691,160.697,13431600
sh000012,3614,2017-11-21,160.712,160.719,160.677,160.685,23633000
sh000012,3615,2017-11-22,160.7,160.728,160.673,160.674,17413200
sh000012,3616,2017-11-23,160.693,160.697,160.662,160.664,16561100
sh000012,3617,2017-11-24,160.679,160.715,160.676,160.715,18367900
sh000012,3618,2017-11-27,160.762,160.798,160.752,160.76,13864000
sh000012,3619,2017-11-28,160.778,160.788,160.766,160.783,24919900
sh000012,3620,2017-11-29,160.799,160.814,160.759,160.784,14793500
sh000012,3621,2017-11-30,160.799,160.836,160.798,160.806,17025000
sh000012,3622,2017-12-01,160.822,160.837,160.704,160.801,18102400
sh000012,3623,2017-12-04,160.847,160.85,160.797,160.834,22941600
sh000012,3624,2017-12-05,160.85,160.884,160.846,160.87,21963800
sh000012,3625,2017-12-06,160.886,160.891,160.85,160.869,21231300
sh000012,3626,2017-12-07,160.884,160.926,160.874,160.92,25090800
sh000012,3627,2017-12-08,160.935,160.936,160.909,160.918,26432700
sh000012,3628,2017-12-11,160.965,160.968,160.915,160.924,18264100
sh000012,3629,2017-12-12,160.939,160.953,160.871,160.878,21258400
sh000012,3630,2017-12-13,160.894,160.905,160.878,160.892,16526100
sh000012,3631,2017-12-14,160.907,160.928,160.906,160.921,24173700
sh000012,3632,2017-12-15,160.937,160.939,160.92,160.928,18999400
sh000012,3633,2017-12-18,160.974,160.999,160.969,160.987,23341400
sh000012,3634,2017-12-19,161.003,161.004,160.963,160.969,21081800
sh000012,3635,2017-12-20,160.984,160.993,160.973,160.983,20781600
sh000012,3636,2017-12-21,160.999,161.003,160.987,160.988,11586500
sh000012,3637,2017-12-22,161.003,161.02,160.984,161.02,15147100
sh000012,3638,2017-12-25,161.065,161.069,160.935,160.935,8777200
sh000012,3639,2017-12-26,160.951,160.989,160.945,160.964,13854100
sh000012,3640,2017-12-27,160.979,160.989,160.891,160.902,8889300
sh000012,3641,2017-12-28,160.918,160.937,160.855,160.865,19072300
sh000012,3642,2017-12-29,160.883,160.948,160.83,160.848,22582600
sh000012,3643,2018-01-02,160.911,160.976,160.911,160.97,26705600
sh000012,3644,2018-01-03,160.985,160.985,160.936,160.938,23866200
sh000012,3645,2018-01-04,160.953,160.96,160.89,160.914,24253700
sh000012,3646,2018-01-05,160.924,160.994,160.924,160.988,11387800
sh000012,3647,2018-01-08,161.034,161.091,161.034,161.091,19312000
sh000012,3648,2018-01-09,161.106,161.116,161.068,161.095,21289100
sh000012,3649,2018-01-10,161.11,161.127,161.099,161.122,14234800
sh000012,3650,2018-01-11,161.138,161.138,161.089,161.092,18778700
sh000012,3651,2018-01-12,161.108,161.11,161.022,161.032,5816800
sh000012,3652,2018-01-15,161.078,161.078,161.037,161.044,10957400
sh000012,3653,2018-01-16,161.059,161.062,161.044,161.057,5196300
sh000012,3654,2018-01-17,161.072,161.074,161.057,161.069,9235100
sh000012,3655,2018-01-18,161.084,161.106,161.079,161.087,7147700
sh000012,3656,2018-01-19,161.102,161.102,161.076,161.08,9735400
sh000012,3657,2018-01-22,161.126,161.128,161.066,161.115,9783900
sh000012,3658,2018-01-23,161.13,161.142,161.125,161.139,7864400
sh000012,3659,2018-01-24,161.155,161.179,161.138,161.178,8724100
sh000012,3660,2018-01-25,161.194,161.198,161.165,161.194,10361300
sh000012,3661,2018-01-26,161.21,161.237,161.204,161.237,12097100
sh000012,3662,2018-01-29,161.283,161.303,161.243,161.243,11174300
sh000012,3663,2018-01-30,161.258,161.269,161.252,161.266,14357200
sh000012,3664,2018-01-31,161.281,161.284,161.245,161.273,17277200
sh000012,3665,2018-02-01,161.289,161.291,161.26,161.27,13758500
sh000012,3666,2018-02-02,161.286,161.293,161.259,161.292,7595000
sh000012,3667,2018-02-05,161.339,161.375,161.304,161.32,11993400
sh000012,3668,2018-02-06,161.335,161.367,161.331,161.34,23809900
sh000012,3669,2018-02-07,161.355,161.356,161.343,161.352,7278600
sh000012,3670,2018-02-08,161.368,161.368,161.327,161.361,17307000
sh000012,3671,2018-02-09,161.376,161.387,161.347,161.384,28042700
sh000012,3672,2018-02-12,161.43,161.453,161.424,161.434,15828600
sh000012,3673,2018-02-13,161.449,161.489,161.446,161.471,9411200
sh000012,3674,2018-02-14,161.487,161.518,161.483,161.518,5927500
sh000012,3675,2018-02-22,161.642,161.664,161.623,161.646,9602800
sh000012,3676,2018-02-23,161.662,161.722,161.657,161.722,5592300
sh000012,3677,2018-02-26,161.769,161.835,161.767,161.832,8973200
sh000012,3678,2018-02-27,161.846,161.956,161.845,161.954,27038200
sh000012,3679,2018-02-28,161.968,162.05,161.959,162.047,16325000
sh000012,3680,2018-03-01,162.062,162.119,162.062,162.103,14637400
sh000012,3681,2018-03-02,162.118,162.135,162.116,162.123,15273100
sh000012,3682,2018-03-05,162.17,162.174,162.094,162.127,16809000
sh000012,3683,2018-03-06,162.145,162.209,162.142,162.208,8610800
sh000012,3684,2018-03-07,162.224,162.233,162.197,162.215,12019200
sh000012,3685,2018-03-08,162.231,162.285,162.214,162.284,12617300
sh000012,3686,2018-03-09,162.3,162.312,162.279,162.303,10236300
sh000012,3687,2018-03-12,162.349,162.363,162.331,162.346,14708900
sh000012,3688,2018-03-13,162.362,162.362,162.343,162.357,17724400
sh000012,3689,2018-03-14,162.373,162.373,162.331,162.351,15594500
sh000012,3690,2018-03-15,162.366,162.372,162.359,162.362,14777600
sh000012,3691,2018-03-16,162.377,162.39,162.362,162.386,8462100
sh000012,3692,2018-03-19,162.433,162.457,162.403,162.441,6263000
sh000012,3693,2018-03-20,162.457,162.517,162.455,162.516,6781300
sh000012,3694,2018-03-21,162.532,162.575,162.514,162.571,11434400
sh000012,3695,2018-03-22,162.587,162.618,162.578,162.616,12376800
sh000012,3696,2018-03-23,162.636,162.768,162.636,162.765,20769200
sh000012,3697,2018-03-26,162.817,162.838,162.778,162.82,12644200
sh000012,3698,2018-03-27,162.835,162.836,162.731,162.806,9365300
sh000012,3699,2018-03-28,162.822,162.888,162.811,162.871,20985500
sh000012,3700,2018-03-29,162.887,162.893,162.879,162.889,8007300
sh000012,3701,2018-03-30,162.905,162.964,162.897,162.963,12086400
sh000012,3702,2018-04-02,163.01,163.074,163.001,163.073,11802000
sh000012,3703,2018-04-03,163.089,163.178,163.088,163.146,15478500
sh000012,3704,2018-04-04,163.161,163.186,163.151,163.185,16539100
sh000012,3705,2018-04-09,163.264,163.366,163.262,163.365,15433400
sh000012,3706,2018-04-10,163.381,163.399,163.347,163.347,11120100
sh000012,3707,2018-04-11,163.361,163.363,163.314,163.328,12047600
sh000012,3708,2018-04-12,163.343,163.36,163.337,163.36,8130600
sh000012,3709,2018-04-13,163.375,163.388,163.36,163.381,11876400
sh000012,3710,2018-04-16,163.428,163.494,163.425,163.492,28591700
sh000012,3711,2018-04-17,163.508,163.56,163.498,163.558,14639000
sh000012,3712,2018-04-18,163.585,163.873,163.585,163.857,52134700
sh000012,3713,2018-04-19,163.869,163.917,163.851,163.915,28156600
sh000012,3714,2018-04-20,163.931,163.962,163.917,163.962,16577400
sh000012,3715,2018-04-23,164.009,164.009,163.934,163.934,17247600
sh000012,3716,2018-04-24,163.95,163.966,163.897,163.915,17695700
sh000012,3717,2018-04-25,163.931,163.932,163.885,163.925,11351200
sh000012,3718,2018-04-26,163.94,163.996,163.922,163.937,6537500
sh000012,3719,2018-04-27,163.953,163.963,163.909,163.922,11119900
sh000012,3720,2018-05-02,164.001,164.007,163.974,163.984,6583600
sh000012,3721,2018-05-03,164.0,164.127,163.999,164.116,15523000
sh000012,3722,2018-05-04,164.132,164.179,164.091,164.164,15716000
sh000012,3723,2018-05-07,164.212,164.233,164.192,164.23,12877100
sh000012,3724,2018-05-08,164.246,164.247,164.215,164.221,12361800
sh000012,3725,2018-05-09,164.236,164.238,164.167,164.176,12325200
sh000012,3726,2018-05-10,164.192,164.209,164.172,164.205,7822600
sh000012,3727,2018-05-11,164.22,164.254,164.211,164.251,5776700
sh000012,3728,2018-05-14,164.298,164.298,164.252,164.254,7418100
sh000012,3729,2018-05-15,164.27,164.284,164.246,164.284,11222000
sh000012,3730,2018-05-16,164.3,164.322,164.267,164.32,7464100
sh000012,3731,2018-05-17,164.336,164.352,164.249,164.31,4698800
sh000012,3732,2018-05-18,164.325,164.35,164.322,164.35,7231600
sh000012,3733,2018-05-21,164.397,164.46,164.374,164.458,9881100
sh000012,3734,2018-05-22,164.474,164.511,164.474,164.508,12544100
sh000012,3735,2018-05-23,164.523,164.535,164.52,164.535,10653600
sh000012,3736,2018-05-24,164.55,164.555,164.525,164.545,10259200
sh000012,3737,2018-05-25,164.558,164.573,164.551,164.571,16499800
sh000012,3738,2018-05-28,164.619,164.65,164.61,164.65,5944400
sh000012,3739,2018-05-29,164.666,164.684,164.63,164.643,10281600
sh000012,3740,2018-05-30,164.662,164.69,164.662,164.676,14720700
sh000012,3741,2018-05-31,164.692,164.709,164.675,164.699,12966500
sh000012,3742,2018-06-01,164.715,164.73,164.7,164.728,7757800
sh000012,3743,2018-06-04,164.775,164.777,164.688,164.689,11721900
sh000012,3744,2018-06-05,164.705,164.713,164.675,164.676,12199600
sh000012,3745,2018-06-06,164.692,164.71,164.682,164.709,23625100
sh000012,3746,2018-06-07,164.725,164.725,164.703,164.709,14752000
sh000012,3747,2018-06-08,164.725,164.736,164.721,164.736,11575100
sh000012,3748,2018-06-11,164.784,164.792,164.764,164.791,16484800
sh000012,3749,2018-06-12,164.807,164.811,164.782,164.783,4823500
sh000012,3750,2018-06-13,164.792,164.801,164.776,164.786,6746500
sh000012,3751,2018-06-14,164.802,164.844,164.801,164.842,13844100
sh000012,3752,2018-06-15,164.858,164.89,164.827,164.833,9268100
sh000012,3753,2018-06-19,164.894,164.926,164.848,164.922,22090700
sh000012,3754,2018-06-20,164.942,164.987,164.939,164.979,10433400
sh000012,3755,2018-06-21,164.995,165.079,164.992,165.073,19181700
sh000012,3756,2018-06-22,165.089,165.094,165.063,165.082,15815300
sh000012,3757,2018-06-25,165.13,165.17,165.105,165.167,20041400
sh000012,3758,2018-06-26,165.183,165.199,165.179,165.182,15503900
sh000012,3759,2018-06-27,165.198,165.216,165.187,165.206,15651800
sh000012,3760,2018-06-28,165.222,165.28,165.221,165.26,16320200
sh000012,3761,2018-06-29,165.276,165.446,165.276,165.444,24708400
sh000012,3762,2018-07-02,165.492,165.545,165.461,165.53,16926100
sh000012,3763,2018-07-03,165.545,165.63,165.531,165.629,24345300
sh000012,3764,2018-07-04,165.643,165.649,165.612,165.623,14351500
sh000012,3765,2018-07-05,165.639,165.746,165.622,165.746,35725500
sh000012,3766,2018-07-06,165.761,165.767,165.715,165.754,22274100
sh000012,3767,2018-07-09,165.802,165.894,165.76,165.793,28060900
sh000012,3768,2018-07-10,165.807,165.844,165.794,165.841,15027400
sh000012,3769,2018-07-11,165.857,165.892,165.857,165.888,25530200
sh000012,3770,2018-07-12,165.904,165.913,165.891,165.905,11488100
sh000012,3771,2018-07-13,165.921,165.927,165.905,165.927,18554100
sh000012,3772,2018-07-16,165.974,166.006,165.974,166.002,11965800
sh000012,3773,2018-07-17,166.018,166.057,166.01,166.057,15169900
sh000012,3774,2018-07-18,166.072,166.1,166.072,166.094,28834000
sh000012,3775,2018-07-19,166.11,166.151,166.087,166.147,20400400
sh000012,3776,2018-07-20,166.164,166.255,166.162,166.209,21898600
sh000012,3777,2018-07-23,166.258,166.285,166.258,166.283,17496700
sh000012,3778,2018-07-24,166.299,166.299,166.225,166.23,25642100
sh000012,3779,2018-07-25,166.239,166.276,166.148,166.241,17769000
sh000012,3780,2018-07-26,166.257,166.274,166.214,166.27,22369300
sh000012,3781,2018-07-27,166.286,166.31,166.264,166.31,30188100
sh000012,3782,2018-07-30,166.358,166.365,166.321,166.339,28722900
sh000012,3783,2018-07-31,166.355,166.416,166.336,166.415,34754200
sh000012,3784,2018-08-01,166.431,166.487,166.407,166.459,22019800
sh000012,3785,2018-08-02,166.476,166.51,166.382,166.482,29285900
sh000012,3786,2018-08-03,166.498,166.555,166.49,166.554,31606300
sh000012,3787,2018-08-06,166.603,166.62,166.577,166.618,19911200
sh000012,3788,2018-08-07,166.636,166.649,166.631,166.646,34545900
sh000012,3789,2018-08-08,166.662,166.664,166.614,166.628,31532400
sh000012,3790,2018-08-09,166.642,166.648,166.465,166.602,20425500
sh000012,3791,2018-08-10,166.618,166.622,166.467,166.547,24784400
sh000012,3792,2018-08-13,166.595,166.597,166.518,166.527,26050400
sh000012,3793,2018-08-14,166.542,166.582,166.538,166.582,18096800
sh000012,3794,2018-08-15,166.598,166.606,166.545,166.576,13568100
sh000012,3795,2018-08-16,166.592,166.595,166.512,166.55,18105600
sh000012,3796,2018-08-17,166.566,166.578,166.417,166.425,23777400
sh000012,3797,2018-08-20,166.473,166.492,166.388,166.441,9928400
sh000012,3798,2018-08-21,166.457,166.474,166.43,166.472,21112500
sh000012,3799,2018-08-22,166.488,166.502,166.462,166.482,16798700
sh000012,3800,2018-08-23,166.498,166.506,166.472,166.479,10221700
sh000012,3801,2018-08-24,166.495,166.531,166.491,166.531,14225900
sh000012,3802,2018-08-27,166.579,166.579,166.527,166.54,8036100
sh000012,3803,2018-08-28,166.556,166.556,166.535,166.543,6702800
sh000012,3804,2018-08-29,166.559,166.566,166.556,166.562,12740800
sh000012,3805,2018-08-30,166.578,166.597,166.578,166.591,14180400
sh000012,3806,2018-08-31,166.607,166.643,166.593,166.595,13684700
sh000012,3807,2018-09-03,166.645,166.645,166.615,166.617,7935200
sh000012,3808,2018-09-04,166.633,166.635,166.533,166.536,17416700
sh000012,3809,2018-09-05,166.552,166.587,166.546,166.587,18252900
sh000012,3810,2018-09-06,166.603,166.613,166.58,166.581,7139900
sh000012,3811,2018-09-07,166.597,166.599,166.585,166.593,11847400
sh000012,3812,2018-09-10,166.641,166.65,166.594,166.607,14205300
sh000012,3813,2018-09-11,166.623,166.629,166.615,166.62,8783100
sh000012,3814,2018-09-12,166.637,166.637,166.566,166.571,11072400
sh000012,3815,2018-09-13,166.587,166.592,166.57,166.58,10570900
sh000012,3816,2018-09-14,166.632,166.681,166.614,166.681,18565700
sh000012,3817,2018-09-17,166.729,166.749,166.729,166.735,7838500
sh000012,3818,2018-09-18,166.751,166.755,166.739,166.752,15866500
sh000012,3819,2018-09-19,166.768,166.768,166.704,166.708,10521400
sh000012,3820,2018-09-20,166.724,166.738,166.703,166.729,19243500
sh000012,3821,2018-09-21,166.746,166.756,166.742,166.748,11605400
sh000012,3822,2018-09-25,166.812,166.814,166.805,166.806,12340700
sh000012,3823,2018-09-26,166.822,166.881,166.821,166.876,14183900
sh000012,3824,2018-09-27,166.891,166.895,166.866,166.882,22099800
sh000012,3825,2018-09-28,166.898,166.921,166.897,166.917,16281600
sh000012,3826,2018-10-08,167.078,167.079,167.054,167.064,12832600
sh000012,3827,2018-10-09,167.08,167.101,167.051,167.101,12103000
sh000012,3828,2018-10-10,167.117,167.123,167.067,167.069,15250200
sh000012,3829,2018-10-11,167.085,167.162,167.081,167.162,27412700
sh000012,3830,2018-10-12,167.178,167.186,167.127,167.177,38935600
sh000012,3831,2018-10-15,167.225,167.226,167.14,167.146,8707700
sh000012,3832,2018-10-16,167.162,167.165,167.129,167.136,16799400
sh000012,3833,2018-10-17,167.153,167.174,167.146,167.169,30376600
sh000012,3834,2018-10-18,167.185,167.248,167.182,167.248,28058900
sh000012,3835,2018-10-19,167.264,167.285,167.261,167.272,21075000
sh000012,3836,2018-10-22,167.317,167.322,167.285,167.293,28575100
sh000012,3837,2018-10-23,167.31,167.35,167.3,167.325,25195700
sh000012,3838,2018-10-24,167.341,167.38,167.336,167.379,12129500
sh000012,3839,2018-10-25,167.395,167.409,167.383,167.406,23164500
sh000012,3840,2018-10-26,167.422,167.481,167.422,167.469,12282500
sh000012,3841,2018-10-29,167.518,167.576,167.517,167.574,20737000
sh000012,3842,2018-10-30,167.59,167.596,167.569,167.592,32113700
sh000012,3843,2018-10-31,167.608,167.638,167.591,167.638,17891200
sh000012,3844,2018-11-01,167.654,167.67,167.62,167.668,18927900
sh000012,3845,2018-11-02,167.677,167.677,167.652,167.653,22423000
sh000012,3846,2018-11-05,167.702,167.703,167.672,167.688,32348300
sh000012,3847,2018-11-06,167.704,167.751,167.694,167.75,39967900
sh000012,3848,2018-11-07,167.766,167.833,167.758,167.832,23189600
sh000012,3849,2018-11-08,167.848,167.882,167.843,167.881,21949500
sh000012,3850,2018-11-09,167.897,167.931,167.896,167.929,21988900
sh000012,3851,2018-11-12,167.977,168.0,167.959,167.991,15616400
sh000012,3852,2018-11-13,168.008,168.018,167.99,168.005,19516100
sh000012,3853,2018-11-14,168.022,168.117,168.022,168.111,34087300
sh000012,3854,2018-11-15,168.128,168.197,168.126,168.193,19320200
sh000012,3855,2018-11-16,168.21,168.277,168.205,168.277,27546300
sh000012,3856,2018-11-19,168.325,168.379,168.32,168.37,40344700
sh000012,3857,2018-11-20,168.388,168.415,168.368,168.398,25408600
sh000012,3858,2018-11-21,168.415,168.424,168.385,168.388,21373400
sh000012,3859,2018-11-22,168.404,168.425,168.374,168.39,13787900
sh000012,3860,2018-11-23,168.405,168.474,168.382,168.46,15658900
sh000012,3861,2018-11-26,168.509,168.581,168.497,168.534,17991400
sh000012,3862,2018-11-27,168.551,168.625,168.543,168.621,21019700
sh000012,3863,2018-11-28,168.637,168.646,168.622,168.629,10484600
sh000012,3864,2018-11-29,168.645,168.686,168.645,168.672,20236800
sh000012,3865,2018-11-30,168.689,168.701,168.685,168.694,25055200
sh000012,3866,2018-12-03,168.738,168.835,168.709,168.832,24561300
sh000012,3867,2018-12-04,168.849,168.937,168.849,168.929,41449000
sh000012,3868,2018-12-05,168.946,169.052,168.945,169.05,27998100
sh000012,3869,2018-12-06,169.066,169.107,169.059,169.107,19849500
sh000012,3870,2018-12-07,169.123,169.293,169.12,169.292,12977000
sh000012,3871,2018-12-10,169.341,169.371,169.334,169.369,29717500
sh000012,3872,2018-12-11,169.385,169.42,169.381,169.419,17296400
sh000012,3873,2018-12-12,169.433,169.448,169.416,169.435,26524500
sh000012,3874,2018-12-13,169.45,169.45,169.387,169.397,41217100
sh000012,3875,2018-12-14,169.413,169.437,169.391,169.429,27153200
sh000012,3876,2018-12-17,169.477,169.535,169.474,169.492,18935900
sh000012,3877,2018-12-18,169.508,169.511,169.476,169.496,29299600
sh000012,3878,2018-12-19,169.512,169.522,169.504,169.522,26382800
sh000012,3879,2018-12-20,169.538,169.571,169.538,169.551,36011900
sh000012,3880,2018-12-21,169.568,169.575,169.539,169.548,62345000
sh000012,3881,2018-12-24,169.596,169.596,169.554,169.574,20979200
sh000012,3882,2018-12-25,169.591,169.63,169.588,169.628,47151700
sh000012,3883,2018-12-26,169.644,169.673,169.64,169.673,42819400
sh000012,3884,2018-12-27,169.69,169.709,169.677,169.689,29404300
sh000012,3885,2018-12-28,169.706,169.883,169.706,169.882,29661700
sh000012,3886,2019-01-02,169.965,170.017,169.959,170.011,26796400
sh000012,3887,2019-01-03,170.028,170.106,170.027,170.106,32591200
sh000012,3888,2019-01-04,170.122,170.159,170.104,170.14,44274600
sh000012,3889,2019-01-07,170.188,170.204,170.164,170.196,37602300
sh000012,3890,2019-01-08,170.213,170.277,170.206,170.275,43176700
sh000012,3891,2019-01-09,170.291,170.291,170.255,170.275,36516700
sh000012,3892,2019-01-10,170.291,170.297,170.241,170.246,23082200
sh000012,3893,2019-01-11,170.263,170.277,170.243,170.247,21285600
sh000012,3894,2019-01-14,170.296,170.296,170.266,170.275,21130400
sh000012,3895,2019-01-15,170.292,170.295,170.27,170.284,27971700
sh000012,3896,2019-01-16,170.304,170.468,170.304,170.467,20250400
sh000012,3897,2019-01-17,170.483,170.506,170.479,170.506,25106300
sh000012,3898,2019-01-18,170.522,170.526,170.497,170.509,21917500
sh000012,3899,2019-01-21,170.556,170.556,170.522,170.541,13412200
sh000012,3900,2019-01-22,170.558,170.628,170.515,170.628,14795300
sh000012,3901,2019-01-23,170.644,170.65,170.621,170.627,19473900
sh000012,3902,2019-01-24,170.642,170.692,170.639,170.662,24503900
sh000012,3903,2019-01-25,170.678,170.69,170.668,170.69,15739200
sh000012,3904,2019-01-28,170.737,170.739,170.675,170.738,34791000
sh000012,3905,2019-01-29,170.755,170.788,170.737,170.779,20234500
sh000012,3906,2019-01-30,170.796,170.893,170.787,170.887,16591100
sh000012,3907,2019-01-31,170.904,170.966,170.897,170.964,18464600
sh000012,3908,2019-02-01,170.981,170.989,170.973,170.982,13592100
sh000012,3909,2019-02-11,171.139,171.148,171.131,171.132,25576500
sh000012,3910,2019-02-12,171.148,171.182,171.108,171.179,25063900
sh000012,3911,2019-02-13,171.195,171.198,171.142,171.196,24150500
sh000012,3912,2019-02-14,171.212,171.219,171.18,171.195,32782500
sh000012,3913,2019-02-15,171.212,171.226,171.208,171.223,22986300
sh000012,3914,2019-02-18,171.272,171.316,171.221,171.222,24829500
sh000012,3915,2019-02-19,171.237,171.249,171.21,171.242,23835500
sh000012,3916,2019-02-20,171.259,171.286,171.248,171.285,12103600
sh000012,3917,2019-02-21,171.301,171.315,171.298,171.314,28379700
sh000012,3918,2019-02-22,171.331,171.352,171.328,171.339,18604000
sh000012,3919,2019-02-25,171.388,171.444,171.321,171.444,34773700
sh000012,3920,2019-02-26,171.459,171.459,171.351,171.36,58684500
sh000012,3921,2019-02-27,171.375,171.393,171.365,171.388,26363800
sh000012,3922,2019-02-28,171.401,171.429,171.401,171.418,22727800
sh000012,3923,2019-03-01,171.436,171.436,171.404,171.42,19706300
sh000012,3924,2019-03-04,171.469,171.469,171.432,171.436,40936900
sh000012,3925,2019-03-05,171.453,171.453,171.424,171.433,29972200
sh000012,3926,2019-03-06,171.449,171.449,171.359,171.44,27235400
sh000012,3927,2019-03-07,171.456,171.5,171.453,171.5,19792200
sh000012,3928,2019-03-08,171.519,171.53,171.505,171.515,27080700
sh000012,3929,2019-03-11,171.565,171.576,171.55,171.572,19317000
sh000012,3930,2019-03-12,171.588,171.59,171.567,171.573,25260400
sh000012,3931,2019-03-13,171.589,171.608,171.574,171.608,17305000
sh000012,3932,2019-03-14,171.624,171.641,171.611,171.64,23353000
sh000012,3933,2019-03-15,171.657,171.657,171.623,171.627,9068300
sh000012,3934,2019-03-18,171.675,171.681,171.663,171.665,21465300
sh000012,3935,2019-03-19,171.682,171.708,171.679,171.701,12527700
sh000012,3936,2019-03-20,171.717,171.717,171.707,171.709,17037300
sh000012,3937,2019-03-21,171.728,171.742,171.727,171.733,25141100
sh000012,3938,2019-03-22,171.749,171.756,171.744,171.754,21817700
sh000012,3939,2019-03-25,171.804,171.86,171.803,171.855,21576000
sh000012,3940,2019-03-26,171.871,171.927,171.869,171.925,22226000
sh000012,3941,2019-03-27,171.942,171.971,171.937,171.967,25421400
sh000012,3942,2019-03-28,171.983,172.158,171.983,172.035,13505900
sh000012,3943,2019-03-29,172.05,172.059,172.015,172.023,19528800
sh000012,3944,2019-04-01,172.07,172.092,172.046,172.046,32172300
sh000012,3945,2019-04-02,172.062,172.086,172.052,172.081,31555400
sh000012,3946,2019-04-03,172.097,172.105,172.034,172.05,22890800
sh000012,3947,2019-04-04,172.067,172.067,172.018,172.023,32190700
sh000012,3948,2019-04-08,172.088,172.088,172.012,172.033,25236900
sh000012,3949,2019-04-09,172.048,172.059,172.022,172.026,29267100
sh000012,3950,2019-04-10,172.042,172.205,172.009,172.186,37384200
sh000012,3951,2019-04-11,172.202,172.331,172.009,172.235,19633400
sh000012,3952,2019-04-12,172.251,172.262,172.005,172.012,17615100
sh000012,3953,2019-04-15,172.052,172.052,171.994,172.0,29085000
sh000012,3954,2019-04-16,172.016,172.016,171.984,172.008,22997500
sh000012,3955,2019-04-17,172.024,172.026,171.934,171.96,23508500
sh000012,3956,2019-04-18,171.976,171.977,171.946,171.961,18816900
sh000012,3957,2019-04-19,171.978,171.995,171.962,171.991,25323200
sh000012,3958,2019-04-22,172.04,172.049,172.022,172.042,14277700
sh000012,3959,2019-04-23,172.058,172.061,172.024,172.031,7283500
sh000012,3960,2019-04-24,172.047,172.049,171.985,171.988,15825600
sh000012,3961,2019-04-25,172.004,172.05,171.991,171.993,16471000
sh000012,3962,2019-04-26,172.009,172.016,171.957,171.963,13178300
sh000012,3963,2019-04-29,172.011,172.015,171.996,172.002,11316000
sh000012,3964,2019-04-30,172.019,172.021,172.01,172.018,12426000
sh000012,3965,2019-05-06,172.12,172.181,172.12,172.145,18300700
sh000012,3966,2019-05-07,172.161,172.212,172.142,172.142,17727800
sh000012,3967,2019-05-08,172.163,172.192,172.146,172.191,20478700
sh000012,3968,2019-05-09,172.207,172.259,172.201,172.241,29386800
sh000012,3969,2019-05-10,172.256,172.262,172.214,172.244,21627400
sh000012,3970,2019-05-13,172.294,172.31,172.19,172.207,16491300
sh000012,3971,2019-05-14,172.226,172.235,172.187,172.19,32153900
sh000012,3972,2019-05-15,172.204,172.314,172.201,172.314,14713900
sh000012,3973,2019-05-16,172.331,172.368,172.327,172.344,18119000
sh000012,3974,2019-05-17,172.358,172.361,172.344,172.358,13720200
sh000012,3975,2019-05-20,172.412,172.42,172.409,172.41,16446500
sh000012,3976,2019-05-21,172.426,172.426,172.358,172.39,19990000
sh000012,3977,2019-05-22,172.406,172.407,172.371,172.371,17836000
sh000012,3978,2019-05-23,172.387,172.412,172.38,172.411,19678700
sh000012,3979,2019-05-24,172.427,172.464,172.423,172.464,19398100
sh000012,3980,2019-05-27,172.512,172.512,172.497,172.502,15550900
sh000012,3981,2019-05-28,172.518,172.518,172.504,172.512,32836900
sh000012,3982,2019-05-29,172.53,172.543,172.53,172.533,18588700
sh000012,3983,2019-05-30,172.55,172.557,172.545,172.556,15585800
sh000012,3984,2019-05-31,172.573,172.578,172.545,172.555,11584200
sh000012,3985,2019-06-03,172.605,172.639,172.587,172.633,18395800
sh000012,3986,2019-06-04,172.648,172.711,172.648,172.674,15604200
sh000012,3987,2019-06-05,172.686,172.722,172.686,172.721,24357400
sh000012,3988,2019-06-06,172.734,172.762,172.733,172.756,24598800
sh000012,3989,2019-06-10,172.82,172.86,172.818,172.844,13578600
sh000012,3990,2019-06-11,172.86,172.86,172.829,172.839,25407600
sh000012,3991,2019-06-12,172.856,172.868,172.833,172.834,17983500
sh000012,3992,2019-06-13,172.85,172.875,172.845,172.874,12377600
sh000012,3993,2019-06-14,172.891,173.053,172.889,172.974,22318500
sh000012,3994,2019-06-17,173.022,173.026,173.011,173.024,17024600
sh000012,3995,2019-06-18,173.04,173.043,172.752,172.752,20596900
sh000012,3996,2019-06-19,172.766,173.053,172.757,173.052,15263700
sh000012,3997,2019-06-20,173.072,173.212,173.068,173.196,33065300
sh000012,3998,2019-06-21,173.212,173.251,173.209,173.241,23638200
sh000012,3999,2019-06-24,173.29,173.29,173.284,173.29,14874500
sh000012,4000,2019-06-25,173.306,173.318,173.228,173.23,52776900
sh000012,4001,2019-06-26,173.246,173.295,173.239,173.295,19752400
sh000012,4002,2019-06-27,173.311,173.319,173.302,173.304,12420600
sh000012,4003,2019-06-28,173.32,173.338,173.296,173.313,15881800
sh000012,4004,2019-07-01,173.362,173.364,173.348,173.362,27218700
sh000012,4005,2019-07-02,173.379,173.408,173.32,173.407,23832800
sh000012,4006,2019-07-03,173.43,173.452,173.403,173.435,44275400
sh000012,4007,2019-07-04,173.447,173.462,173.427,173.46,15918800
sh000012,4008,2019-07-05,173.477,173.521,173.471,173.512,18491200
sh000012,4009,2019-07-08,173.56,173.574,173.533,173.535,23039200
sh000012,4010,2019-07-09,173.551,173.563,173.532,173.535,9719400
sh000012,4011,2019-07-10,173.551,173.562,173.534,173.536,10880900
sh000012,4012,2019-07-11,173.554,173.592,173.546,173.59,13532000
sh000012,4013,2019-07-12,173.607,173.651,173.6,173.648,10006000
sh000012,4014,2019-07-15,173.698,173.766,173.691,173.763,22114900
sh000012,4015,2019-07-16,173.78,173.788,173.776,173.778,11347900
sh000012,4016,2019-07-17,173.795,173.795,173.72,173.722,25602900
sh000012,4017,2019-07-18,173.738,173.747,173.738,173.747,17744700
sh000012,4018,2019-07-19,173.764,173.765,173.734,173.745,19288100
sh000012,4019,2019-07-22,173.794,173.85,173.782,173.85,12615600
sh000012,4020,2019-07-23,173.868,173.888,173.862,173.865,14021500
sh000012,4021,2019-07-24,173.881,173.901,173.873,173.883,10848600
sh000012,4022,2019-07-25,173.9,173.902,173.896,173.899,11000400
sh000012,4023,2019-07-26,173.916,173.916,173.906,173.914,17530800
sh000012,4024,2019-07-29,173.964,173.967,173.952,173.954,14284600
sh000012,4025,2019-07-30,173.97,173.971,173.956,173.97,8866200
sh000012,4026,2019-07-31,173.987,174.024,173.987,174.022,24011000
sh000012,4027,2019-08-01,174.036,174.063,174.027,174.063,36378300
sh000012,4028,2019-08-02,174.086,174.108,174.08,174.107,40164300
sh000012,4029,2019-08-05,174.155,174.22,174.153,174.215,36894900
sh000012,4030,2019-08-06,174.232,174.255,174.232,174.243,46072800
sh000012,4031,2019-08-07,174.259,174.277,174.253,174.276,37233600
sh000012,4032,2019-08-08,174.292,174.347,174.146,174.345,15643700
sh000012,4033,2019-08-09,174.361,174.42,174.36,174.419,21175600
sh000012,4034,2019-08-12,174.468,174.474,174.431,174.446,25921400
sh000012,4035,2019-08-13,174.466,174.536,174.466,174.512,23482900
sh000012,4036,2019-08-14,174.529,174.6,174.525,174.598,21391600
sh000012,4037,2019-08-15,174.619,174.667,174.619,174.639,22453300
sh000012,4038,2019-08-16,174.656,174.66,174.621,174.645,13585400
sh000012,4039,2019-08-19,174.694,174.711,174.682,174.709,18908500
sh000012,4040,2019-08-20,174.725,174.773,174.72,174.766,11169800
sh000012,4041,2019-08-21,174.782,174.788,174.728,174.729,14866900
sh000012,4042,2019-08-22,174.748,174.831,174.746,174.828,13382700
sh000012,4043,2019-08-23,174.844,174.844,174.773,174.805,15914400
sh000012,4044,2019-08-26,174.858,174.904,174.858,174.904,19327700
sh000012,4045,2019-08-27,174.92,174.921,174.903,174.914,30203300
sh000012,4046,2019-08-28,174.931,174.98,174.925,174.98,18764600
sh000012,4047,2019-08-29,174.996,175.01,174.961,175.0,28605700
sh000012,4048,2019-08-30,175.015,175.015,174.979,174.98,17123600
sh000012,4049,2019-09-02,175.029,175.029,175.004,175.016,21736800
sh000012,4050,2019-09-03,175.033,175.033,175.018,175.023,15010800
sh000012,4051,2019-09-04,175.04,175.062,175.023,175.06,18933900
sh000012,4052,2019-09-05,175.079,175.119,175.079,175.107,32200000
sh000012,4053,2019-09-06,175.123,175.229,175.113,175.226,18184900
sh000012,4054,2019-09-09,175.274,175.293,175.267,175.276,16792000
sh000012,4055,2019-09-10,175.292,175.293,175.267,175.278,22401700
sh000012,4056,2019-09-11,175.293,175.314,175.284,175.301,24285600
sh000012,4057,2019-09-12,175.314,175.316,175.285,175.293,29726100
sh000012,4058,2019-09-16,175.358,175.369,175.334,175.341,25628500
sh000012,4059,2019-09-17,175.358,175.405,175.358,175.366,30490100
sh000012,4060,2019-09-18,175.383,175.383,175.333,175.349,34702500
sh000012,4061,2019-09-19,175.365,175.377,175.337,175.344,45878300
sh000012,4062,2019-09-20,175.36,175.367,175.352,175.362,24042200
sh000012,4063,2019-09-23,175.412,175.415,175.398,175.399,15360500
sh000012,4064,2019-09-24,175.415,175.42,175.398,175.41,19183100
sh000012,4065,2019-09-25,175.426,175.456,175.404,175.455,14426800
sh000012,4066,2019-09-26,175.47,175.473,175.461,175.465,19303900
sh000012,4067,2019-09-27,175.481,175.488,175.468,175.472,20108300
sh000012,4068,2019-09-30,175.524,175.534,175.514,175.532,23921400
sh000012,4069,2019-10-08,175.664,175.763,175.656,175.758,16988500
sh000012,4070,2019-10-09,175.774,175.844,175.772,175.81,41270900
sh000012,4071,2019-10-10,175.828,175.897,175.817,175.858,14122900
sh000012,4072,2019-10-11,175.873,175.883,175.861,175.872,15235700
sh000012,4073,2019-10-14,175.921,175.921,175.618,175.681,25941500
sh000012,4074,2019-10-15,175.697,175.719,175.496,175.497,25478600
sh000012,4075,2019-10-16,175.513,175.566,175.497,175.553,23034000
sh000012,4076,2019-10-17,175.57,175.619,175.568,175.619,20584200
sh000012,4077,2019-10-18,175.631,175.633,175.582,175.585,17344900
sh000012,4078,2019-10-21,175.634,175.637,175.62,175.621,14715900
sh000012,4079,2019-10-22,175.638,175.639,175.54,175.584,18187500
sh000012,4080,2019-10-23,175.6,175.67,175.598,175.661,14608400
sh000012,4081,2019-10-24,175.678,175.68,175.645,175.648,13021000
sh000012,4082,2019-10-25,175.664,175.904,175.647,175.903,11823400
sh000012,4083,2019-10-28,175.952,175.952,175.86,175.862,30804000
sh000012,4084,2019-10-29,175.878,175.878,175.808,175.808,12934500
sh000012,4085,2019-10-30,175.825,175.828,175.749,175.753,16594800
sh000012,4086,2019-10-31,175.77,175.776,175.762,175.764,17815100
sh000012,4087,2019-11-01,175.781,175.803,175.781,175.803,19754600
sh000012,4088,2019-11-04,175.853,175.856,175.799,175.8,20577100
sh000012,4089,2019-11-05,175.816,175.847,175.779,175.84,37986200
sh000012,4090,2019-11-06,175.856,175.889,175.825,175.863,28276100
sh000012,4091,2019-11-07,175.879,175.92,175.877,175.902,15316800
sh000012,4092,2019-11-08,175.918,175.92,175.881,175.901,18913700
sh000012,4093,2019-11-11,175.951,175.967,175.948,175.956,12441900
sh000012,4094,2019-11-12,175.973,175.994,175.935,175.937,22207100
sh000012,4095,2019-11-13,175.954,175.997,175.951,175.979,14170100
sh000012,4096,2019-11-14,175.996,176.002,175.985,175.985,14262100
sh000012,4097,2019-11-15,176.001,176.008,175.995,175.998,16078700
sh000012,4098,2019-11-18,176.048,176.133,176.044,176.132,24193600
sh000012,4099,2019-11-19,176.151,176.199,176.149,176.198,12253800
sh000012,4100,2019-11-20,176.215,176.24,176.193,176.235,9807100
sh000012,4101,2019-11-21,176.252,176.322,176.251,176.301,17112200
sh000012,4102,2019-11-22,176.317,176.37,176.31,176.369,16388900
sh000012,4103,2019-11-25,176.418,176.418,176.332,176.353,12598100
sh000012,4104,2019-11-26,176.369,176.39,176.366,176.38,12864300
sh000012,4105,2019-11-27,176.397,176.403,176.39,176.398,12601800
sh000012,4106,2019-11-28,176.414,176.421,176.411,176.419,10210900
sh000012,4107,2019-11-29,176.436,176.45,176.435,176.45,14027300
sh000012,4108,2019-12-02,176.496,176.496,176.437,176.438,19738600
sh000012,4109,2019-12-03,176.455,176.468,176.447,176.457,14011700
sh000012,4110,2019-12-04,176.473,176.495,176.459,176.46,14557500
sh000012,4111,2019-12-05,176.477,176.493,176.464,176.492,23103000
sh000012,4112,2019-12-06,176.508,176.508,176.492,176.504,15083500
sh000012,4113,2019-12-09,176.553,176.555,176.523,176.555,17716400
sh000012,4114,2019-12-10,176.571,176.59,176.563,176.587,14971700
sh000012,4115,2019-12-11,176.604,176.606,176.584,176.598,14496700
sh000012,4116,2019-12-12,176.615,176.621,176.605,176.618,20636100
sh000012,4117,2019-12-13,176.632,176.632,176.601,176.602,16286300
sh000012,4118,2019-12-16,176.651,176.658,176.641,176.654,14648000
sh000012,4119,2019-12-17,176.67,176.693,176.653,176.666,27888900
sh000012,4120,2019-12-18,176.683,176.684,176.663,176.671,26691200
sh000012,4121,2019-12-19,176.688,176.711,176.684,176.71,21099100
sh000012,4122,2019-12-20,176.727,176.775,176.724,176.774,31254300
sh000012,4123,2019-12-23,176.818,176.842,176.813,176.837,25782700
sh000012,4124,2019-12-24,176.854,176.939,176.848,176.934,58149000
sh000012,4125,2019-12-25,176.951,176.969,176.949,176.962,39084000
sh000012,4126,2019-12-26,176.979,177.072,176.979,177.071,38861600
sh000012,4127,2019-12-27,177.088,177.155,177.071,177.152,36440300
sh000012,4128,2019-12-30,177.202,177.227,177.173,177.212,20236500
sh000012,4129,2019-12-31,177.229,177.276,177.21,177.274,45738800
sh000012,4130,2020-01-02,177.305,177.326,177.258,177.326,30699500
sh000012,4131,2020-01-03,177.342,177.342,177.323,177.331,30703700
sh000012,4132,2020-01-06,177.381,177.393,177.374,177.393,36420000
sh000012,4133,2020-01-07,177.408,177.417,177.388,177.406,27120400
sh000012,4134,2020-01-08,177.423,177.447,177.416,177.439,24423600
sh000012,4135,2020-01-09,177.453,177.466,177.446,177.459,21477000
sh000012,4136,2020-01-10,177.475,177.544,177.474,177.54,20240300
sh000012,4137,2020-01-13,177.589,177.642,177.588,177.639,22048900
sh000012,4138,2020-01-14,177.655,177.677,177.567,177.669,16493300
sh000012,4139,2020-01-15,177.685,177.694,177.678,177.694,11927800
sh000012,4140,2020-01-16,177.711,177.728,177.622,177.727,10486100
sh000012,4141,2020-01-17,177.744,177.779,177.738,177.778,42353700
sh000012,4142,2020-01-20,177.829,177.858,177.821,177.846,42295400
sh000012,4143,2020-01-21,177.863,177.955,177.863,177.953,25759300
sh000012,4144,2020-01-22,177.97,178.06,177.97,178.058,29864200
sh000012,4145,2020-01-23,178.075,178.169,178.061,178.151,29361100
sh000012,4146,2020-02-03,178.354,178.63,178.354,178.583,81160800
sh000012,4147,2020-02-04,178.6,178.757,178.555,178.756,49022000
sh000012,4148,2020-02-05,178.771,178.795,178.725,178.784,56650900
sh000012,4149,2020-02-06,178.799,178.884,178.798,178.873,46009100
sh000012,4150,2020-02-07,178.89,179.117,178.62,179.115,52095400
sh000012,4151,2020-02-10,179.165,179.218,178.812,179.204,52467600
sh000012,4152,2020-02-11,179.221,179.266,178.771,179.14,36897500
sh000012,4153,2020-02-12,179.154,179.207,178.947,179.139,49013500
sh000012,4154,2020-02-13,179.156,179.226,179.027,179.16,32314800
sh000012,4155,2020-02-14,179.177,179.192,179.169,179.175,32677600
sh000012,4156,2020-02-17,179.223,179.25,179.163,179.178,44067400
sh000012,4157,2020-02-18,179.196,179.201,178.767,178.768,50283300
sh000012,4158,2020-02-19,178.785,178.799,178.739,178.763,25911000
sh000012,4159,2020-02-20,178.779,178.804,178.655,178.658,34374900
sh000012,4160,2020-02-21,178.676,178.81,178.626,178.81,20636400
sh000012,4161,2020-02-24,178.861,178.862,178.784,178.821,27686400
sh000012,4162,2020-02-25,178.836,178.862,178.833,178.845,31867800
sh000012,4163,2020-02-26,178.865,179.284,178.82,179.264,27364600
sh000012,4164,2020-02-27,179.283,179.375,179.283,179.374,44052400
sh000012,4165,2020-02-28,179.394,179.442,179.394,179.437,52695500
sh000012,4166,2020-03-02,179.468,179.5,179.415,179.5,26128400
sh000012,4167,2020-03-03,179.514,179.553,179.505,179.544,40118500
sh000012,4168,2020-03-04,179.565,179.68,179.562,179.65,52047700
sh000012,4169,2020-03-05,179.665,179.741,179.652,179.728,54197600
sh000012,4170,2020-03-06,179.746,179.879,179.741,179.878,44166900
sh000012,4171,2020-03-09,179.961,180.599,179.961,180.593,66273000
sh000012,4172,2020-03-10,180.593,180.593,180.478,180.502,59942600
sh000012,4173,2020-03-11,180.518,180.846,180.516,180.843,52992500
sh000012,4174,2020-03-12,180.86,180.873,180.848,180.848,64450800
sh000012,4175,2020-03-13,180.861,180.87,180.716,180.733,85656200
sh000012,4176,2020-03-16,180.784,180.806,180.722,180.751,40277700
sh000012,4177,2020-03-17,180.762,180.766,180.675,180.711,45395100
sh000012,4178,2020-03-18,180.727,180.727,180.639,180.716,71017500
sh000012,4179,2020-03-19,180.733,180.863,180.715,180.805,50916900
sh000012,4180,2020-03-20,180.821,180.852,180.811,180.851,40097300
sh000012,4181,2020-03-23,180.911,181.08,180.911,181.078,72204400
sh000012,4182,2020-03-24,181.086,181.184,181.086,181.178,77314500
sh000012,4183,2020-03-25,181.189,181.216,181.167,181.207,57276300
sh000012,4184,2020-03-26,181.224,181.252,181.224,181.25,63050500
sh000012,4185,2020-03-27,181.265,181.294,181.264,181.29,54288800
sh000012,4186,2020-03-30,181.339,181.348,181.291,181.293,78711800
sh000012,4187,2020-03-31,181.312,181.343,181.312,181.343,96220000
sh000012,4188,2020-04-01,181.36,181.518,181.36,181.497,69349700
sh000012,4189,2020-04-02,181.515,181.575,181.464,181.561,56432300
sh000012,4190,2020-04-03,181.574,181.699,181.561,181.561,65530700
sh000012,4191,2020-04-07,181.632,181.753,181.632,181.747,86500400
sh000012,4192,2020-04-08,181.762,181.863,181.754,181.818,37707900
sh000012,4193,2020-04-09,181.835,181.94,181.829,181.937,65467900
sh000012,4194,2020-04-10,181.953,181.977,181.938,181.975,61771300
sh000012,4195,2020-04-13,182.024,182.104,181.987,182.054,40908100
sh000012,4196,2020-04-14,182.071,182.078,182.034,182.034,36080100
sh000012,4197,2020-04-15,182.05,182.112,182.044,182.109,45673300
sh000012,4198,2020-04-16,182.125,182.192,182.125,182.149,59754500
sh000012,4199,2020-04-17,182.165,182.183,182.154,182.182,75516700
sh000012,4200,2020-04-20,182.233,182.234,182.158,182.192,73945600
sh000012,4201,2020-04-21,182.209,182.291,182.209,182.279,42260800
sh000012,4202,2020-04-22,182.297,182.383,182.276,182.382,41259000
sh000012,4203,2020-04-23,182.398,182.509,182.392,182.507,113457100
sh000012,4204,2020-04-24,182.525,182.536,182.463,182.497,63304800
sh000012,4205,2020-04-27,182.545,182.618,182.531,182.617,56608500
sh000012,4206,2020-04-28,182.634,182.648,182.627,182.639,46020400
sh000012,4207,2020-04-29,182.655,182.77,182.639,182.763,42654700
sh000012,4208,2020-04-30,182.779,182.779,182.657,182.705,45754700
sh000012,4209,2020-05-06,182.804,182.804,182.764,182.773,53904200
sh000012,4210,2020-05-07,182.789,182.864,182.739,182.777,92303100
sh000012,4211,2020-05-08,182.793,182.975,182.775,182.974,97979100
sh000012,4212,2020-05-11,183.023,183.023,182.78,182.913,73289300
sh000012,4213,2020-05-12,182.93,182.942,182.898,182.907,98437600
sh000012,4214,2020-05-13,182.923,182.941,182.907,182.908,44557400
sh000012,4215,2020-05-14,182.924,182.953,182.8,182.91,54950500
sh000012,4216,2020-05-15,182.928,182.939,182.754,182.861,32285000
sh000012,4217,2020-05-18,182.91,182.91,182.879,182.892,47532100
sh000012,4218,2020-05-19,182.906,182.906,182.702,182.795,53984900
sh000012,4219,2020-05-20,182.811,182.852,182.776,182.785,26990900
sh000012,4220,2020-05-21,182.799,182.809,182.769,182.773,26216900
sh000012,4221,2020-05-22,182.793,182.813,182.774,182.782,40314300
sh000012,4222,2020-05-25,182.829,182.871,182.754,182.755,16580100
sh000012,4223,2020-05-26,182.772,182.831,182.681,182.69,25216500
sh000012,4224,2020-05-27,182.706,182.719,182.638,182.641,15164400
sh000012,4225,2020-05-28,182.658,182.709,182.646,182.682,24603900
sh000012,4226,2020-05-29,182.699,182.705,182.683,182.686,21048100
sh000012,4227,2020-06-01,182.737,182.789,182.734,182.761,30658300
sh000012,4228,2020-06-02,182.776,182.993,182.565,182.696,47584900
sh000012,4229,2020-06-03,182.711,182.772,182.581,182.652,49673000
sh000012,4230,2020-06-04,182.668,182.686,182.581,182.66,21542500
sh000012,4231,2020-06-05,182.676,182.677,182.601,182.623,57226400
sh000012,4232,2020-06-08,182.671,182.721,182.579,182.609,26847100
sh000012,4233,2020-06-09,182.625,182.786,182.552,182.609,23529200
sh000012,4234,2020-06-10,182.625,182.645,182.625,182.629,17831800
sh000012,4235,2020-06-11,182.646,182.671,182.639,182.647,32542700
sh000012,4236,2020-06-12,182.674,182.7,182.639,182.694,47096900
sh000012,4237,2020-06-15,182.745,182.867,182.659,182.692,27964600
sh000012,4238,2020-06-16,182.697,182.697,182.596,182.596,49703700
sh000012,4239,2020-06-17,182.613,182.622,182.568,182.594,21122700
sh000012,4240,2020-06-18,182.617,182.631,182.557,182.562,23643600
sh000012,4241,2020-06-19,182.579,182.67,182.578,182.578,28246800
sh000012,4242,2020-06-22,182.627,182.731,182.537,182.608,27492100
sh000012,4243,2020-06-23,182.625,182.633,182.425,182.451,106773100
sh000012,4244,2020-06-24,182.469,182.524,182.376,182.387,57525200
sh000012,4245,2020-06-29,182.468,182.517,182.443,182.462,47807900
sh000012,4246,2020-06-30,182.478,182.497,182.332,182.429,22568400
sh000012,4247,2020-07-01,182.447,182.498,182.439,182.477,20808700
sh000012,4248,2020-07-02,182.493,182.512,182.485,182.494,15483300
sh000012,4249,2020-07-03,182.509,182.515,182.468,182.472,23107200
sh000012,4250,2020-07-06,182.517,182.551,182.318,182.32,52703700
sh000012,4251,2020-07-07,182.324,182.365,182.163,182.202,73745100
sh000012,4252,2020-07-08,182.217,182.22,182.11,182.217,55794000
sh000012,4253,2020-07-09,182.233,182.234,182.147,182.148,56589500
sh000012,4254,2020-07-10,182.166,182.191,182.108,182.117,46561000
sh000012,4255,2020-07-13,182.164,182.244,182.114,182.188,34146600
sh000012,4256,2020-07-14,182.206,182.211,182.149,182.169,34510200
sh000012,4257,2020-07-15,182.184,182.184,182.138,182.154,50200100
sh000012,4258,2020-07-16,182.17,182.242,182.09,182.172,106104900
sh000012,4259,2020-07-17,182.185,182.195,182.178,182.193,39089600
sh000012,4260,2020-07-20,182.241,182.327,182.158,182.213,33301700
sh000012,4261,2020-07-21,182.231,182.545,182.029,182.314,36291000
sh000012,4262,2020-07-22,182.331,182.37,182.291,182.34,46743800
sh000012,4263,2020-07-23,182.359,182.395,182.333,182.347,31564200
sh000012,4264,2020-07-24,182.364,182.521,182.312,182.435,41400500
sh000012,4265,2020-07-27,182.484,182.512,182.474,182.509,28199900
sh000012,4266,2020-07-28,182.525,182.575,182.491,182.571,40327200
sh000012,4267,2020-07-29,182.587,182.718,182.486,182.55,27544900
sh000012,4268,2020-07-30,182.565,182.638,182.552,182.592,23655500
sh000012,4269,2020-07-31,182.609,182.64,182.526,182.548,39335700
sh000012,4270,2020-08-03,182.593,182.67,182.592,182.622,25874000
sh000012,4271,2020-08-04,182.639,182.694,182.638,182.677,22214200
sh000012,4272,2020-08-05,182.694,182.723,182.649,182.658,24874000
sh000012,4273,2020-08-06,182.674,182.677,182.578,182.582,19681700
sh000012,4274,2020-08-07,182.598,182.653,182.572,182.598,36341000
sh000012,4275,2020-08-10,182.645,182.658,182.632,182.658,18490500
sh000012,4276,2020-08-11,182.675,182.741,182.671,182.687,17574800
sh000012,4277,2020-08-12,182.702,182.764,182.702,182.754,22359500
sh000012,4278,2020-08-13,182.77,182.793,182.76,182.775,15132000
sh000012,4279,2020-08-14,182.792,182.837,182.783,182.837,21367400
sh000012,4280,2020-08-17,182.885,182.903,182.799,182.799,17456300
sh000012,4281,2020-08-18,182.814,182.887,182.789,182.793,13471200
sh000012,4282,2020-08-19,182.809,182.81,182.679,182.686,19058200
sh000012,4283,2020-08-20,182.702,182.763,182.636,182.676,22911700
sh000012,4284,2020-08-21,182.692,182.763,182.692,182.74,12286700
sh000012,4285,2020-08-24,182.788,182.788,182.74,182.756,14787500
sh000012,4286,2020-08-25,182.773,182.825,182.76,182.761,18582100
sh000012,4287,2020-08-26,182.777,182.84,182.657,182.664,12546600
sh000012,4288,2020-08-27,182.68,182.684,182.634,182.666,12004200
sh000012,4289,2020-08-28,182.682,182.686,182.544,182.55,17948700
sh000012,4290,2020-08-31,182.598,182.626,182.58,182.626,17889600
sh000012,4291,2020-09-01,182.643,182.664,182.623,182.631,11388100
sh000012,4292,2020-09-02,182.647,182.689,182.614,182.614,13919900
sh000012,4293,2020-09-03,182.631,182.631,182.596,182.619,11839300
sh000012,4294,2020-09-04,182.639,182.666,182.635,182.655,7931100
sh000012,4295,2020-09-07,182.704,182.711,182.627,182.644,11686600
sh000012,4296,2020-09-08,182.659,182.664,182.644,182.652,23366400
sh000012,4297,2020-09-09,182.669,182.719,182.595,182.633,18352500
sh000012,4298,2020-09-10,182.647,182.762,182.625,182.731,27259700
sh000012,4299,2020-09-11,182.747,182.803,182.663,182.734,25667200
sh000012,4300,2020-09-14,182.782,182.848,182.707,182.803,18850100
sh000012,4301,2020-09-15,182.819,182.908,182.783,182.822,16772700
sh000012,4302,2020-09-16,182.838,182.918,182.75,182.829,17371300
sh000012,4303,2020-09-17,182.845,182.871,182.789,182.867,15044100
sh000012,4304,2020-09-18,182.883,182.889,182.805,182.821,15824000
sh000012,4305,2020-09-21,182.869,182.97,182.768,182.956,57778300
sh000012,4306,2020-09-22,182.973,183.038,182.861,183.038,18826900
sh000012,4307,2020-09-23,183.054,183.061,182.987,183.037,12766600
sh000012,4308,2020-09-24,183.053,183.059,182.983,183.041,18725200
sh000012,4309,2020-09-25,183.058,183.064,182.904,182.961,13208000
sh000012,4310,2020-09-28,183.014,183.014,182.993,183.002,10786100
sh000012,4311,2020-09-29,183.018,183.022,182.909,183.022,14705800
sh000012,4312,2020-09-30,183.039,183.071,183.024,183.044,16491300
sh000012,4313,2020-10-09,183.187,183.21,183.134,183.175,13029900
sh000012,4314,2020-10-12,183.223,183.233,183.144,183.162,23261400
sh000012,4315,2020-10-13,183.178,183.215,183.138,183.187,7537700
sh000012,4316,2020-10-14,183.203,183.206,183.176,183.185,18136700
sh000012,4317,2020-10-15,183.201,183.245,183.078,183.119,14174200
sh000012,4318,2020-10-16,183.136,183.136,183.09,183.113,12919200
sh000012,4319,2020-10-19,183.16,183.231,183.158,183.167,11906200
sh000012,4320,2020-10-20,183.184,183.226,183.184,183.224,8319900
sh000012,4321,2020-10-21,183.237,183.237,183.098,183.1,15009300
sh000012,4322,2020-10-22,183.115,183.221,183.115,183.196,13528500
sh000012,4323,2020-10-23,183.212,183.216,183.11,183.164,7106500
sh000012,4324,2020-10-26,183.212,183.251,183.16,183.18,14308200
sh000012,4325,2020-10-27,183.196,183.207,183.182,183.207,5395600
sh000012,4326,2020-10-28,183.223,183.228,183.143,183.165,20430700
sh000012,4327,2020-10-29,183.182,183.184,183.016,183.038,14840800
sh000012,4328,2020-10-30,183.054,183.167,182.892,182.999,7253100
sh000012,4329,2020-11-02,183.046,183.069,182.986,183.047,8728300
sh000012,4330,2020-11-03,183.061,183.075,183.035,183.041,13034700
sh000012,4331,2020-11-04,183.058,183.124,183.052,183.109,15433500
sh000012,4332,2020-11-05,183.122,183.129,183.111,183.113,14732500
sh000012,4333,2020-11-06,183.129,183.135,183.091,183.106,16369600
sh000012,4334,2020-11-09,183.155,183.155,183.073,183.082,13907300
sh000012,4335,2020-11-10,183.096,183.129,183.074,183.116,21791100
sh000012,4336,2020-11-11,183.135,183.147,183.134,183.137,3699200
sh000012,4337,2020-11-12,183.154,183.165,183.11,183.117,12433500
sh000012,4338,2020-11-13,183.133,183.143,183.086,183.11,12658600
sh000012,4339,2020-11-16,183.158,183.182,183.086,183.134,8031300
sh000012,4340,2020-11-17,183.15,183.154,183.03,183.034,12077800
sh000012,4341,2020-11-18,183.051,183.135,182.983,183.038,19000600
sh000012,4342,2020-11-19,183.054,183.054,182.938,182.979,7948900
sh000012,4343,2020-11-20,182.995,182.999,182.877,182.929,16314400
sh000012,4344,2020-11-23,182.978,183.013,182.938,182.975,16423200
sh000012,4345,2020-11-24,182.995,183.025,182.963,182.987,12230900
sh000012,4346,2020-11-25,183.003,183.022,182.986,182.999,23992100
sh000012,4347,2020-11-26,183.015,183.052,182.977,183.02,16785200
sh000012,4348,2020-11-27,183.036,183.068,182.991,183.068,8010700
sh000012,4349,2020-11-30,183.116,183.137,183.062,183.114,24608800
sh000012,4350,2020-12-01,183.131,183.171,183.128,183.146,12119700
sh000012,4351,2020-12-02,183.164,183.229,183.158,183.181,17361800
sh000012,4352,2020-12-03,183.197,183.264,183.197,183.226,11411300
sh000012,4353,2020-12-04,183.242,183.256,183.19,183.202,40481000
sh000012,4354,2020-12-07,183.25,183.3,183.211,183.24,78766500
sh000012,4355,2020-12-08,183.256,183.284,183.213,183.216,34947100
sh000012,4356,2020-12-09,183.231,183.309,183.228,183.306,13647600
sh000012,4357,2020-12-10,183.322,183.364,183.315,183.357,34482900
sh000012,4358,2020-12-11,183.373,183.375,183.36,183.365,20332400
sh000012,4359,2020-12-14,183.413,183.413,183.339,183.394,7456400
sh000012,4360,2020-12-15,183.41,183.48,183.409,183.46,17417600
sh000012,4361,2020-12-16,183.477,183.488,183.423,183.424,26535100
sh000012,4362,2020-12-17,183.44,183.442,183.391,183.4,12716100
sh000012,4363,2020-12-18,183.416,183.418,183.391,183.397,12789500
sh000012,4364,2020-12-21,183.446,183.485,183.446,183.458,18566500
sh000012,4365,2020-12-22,183.474,183.526,183.445,183.466,21222900
sh000012,4366,2020-12-23,183.482,183.536,183.472,183.507,22878500
sh000012,4367,2020-12-24,183.524,183.535,183.504,183.513,13939400
sh000012,4368,2020-12-25,183.529,183.562,183.502,183.561,15985700
sh000012,4369,2020-12-28,183.611,183.646,183.587,183.616,15915200
sh000012,4370,2020-12-29,183.632,183.695,183.632,183.694,18826900
sh000012,4371,2020-12-30,183.711,183.737,183.69,183.728,23585600
sh000012,4372,2020-12-31,183.744,183.788,183.74,183.778,32184000
sh000012,4373,2021-01-04,183.843,183.855,183.785,183.855,17120900
sh000012,4374,2021-01-05,183.871,183.89,183.824,183.888,21675800
sh000012,4375,2021-01-06,183.904,183.989,183.902,183.949,27498700
sh000012,4376,2021-01-07,183.965,184.073,183.953,183.991,29121000
sh000012,4377,2021-01-08,184.008,184.029,183.987,184.026,22837200
sh000012,4378,2021-01-11,184.074,184.15,184.026,184.056,27350700
sh000012,4379,2021-01-12,184.072,184.177,184.058,184.176,14936600
sh000012,4380,2021-01-13,184.192,184.246,184.16,184.243,20834100
sh000012,4381,2021-01-14,184.259,184.298,184.208,184.225,27752800
sh000012,4382,2021-01-15,184.241,184.267,184.223,184.24,12776000
sh000012,4383,2021-01-18,184.287,184.287,184.204,184.242,29507800
sh000012,4384,2021-01-19,184.258,184.266,184.226,184.248,23349200
sh000012,4385,2021-01-20,184.264,184.292,184.251,184.292,39819600
sh000012,4386,2021-01-21,184.302,184.314,184.296,184.308,17492400
sh000012,4387,2021-01-22,184.324,184.37,184.297,184.369,13101400
sh000012,4388,2021-01-25,184.417,184.472,184.374,184.462,13732900
sh000012,4389,2021-01-26,184.478,184.478,184.379,184.426,29973600
sh000012,4390,2021-01-27,184.44,184.443,184.398,184.405,14142600
sh000012,4391,2021-01-28,184.42,184.426,184.375,184.384,18498500
sh000012,4392,2021-01-29,184.401,184.401,184.266,184.393,21215000
sh000012,4393,2021-02-01,184.442,184.498,184.437,184.463,22693000
sh000012,4394,2021-02-02,184.478,184.515,184.422,184.463,12585100
sh000012,4395,2021-02-03,184.479,184.479,184.438,184.456,19966800
sh000012,4396,2021-02-04,184.473,184.48,184.415,184.434,8034100
sh000012,4397,2021-02-05,184.45,184.464,184.426,184.437,13593200
sh000012,4398,2021-02-08,184.486,184.528,184.456,184.469,16061000
sh000012,4399,2021-02-09,184.486,184.489,184.425,184.458,26832400
sh000012,4400,2021-02-10,184.474,184.511,184.459,184.506,32981000
sh000012,4401,2021-02-18,184.635,184.635,184.554,184.583,30336300
sh000012,4402,2021-02-19,184.6,184.62,184.558,184.62,15435700
sh000012,4403,2021-02-22,184.669,184.669,184.575,184.576,22007400
sh000012,4404,2021-02-23,184.592,184.624,184.542,184.571,15719900
sh000012,4405,2021-02-24,184.588,184.629,184.497,184.512,28261600
sh000012,4406,2021-02-25,184.526,184.526,184.466,184.466,16609000
sh000012,4407,2021-02-26,184.482,184.521,184.47,184.485,18891000
sh000012,4408,2021-03-01,184.535,184.536,184.481,184.516,17131100
sh000012,4409,2021-03-02,184.531,184.553,184.531,184.549,25564400
sh000012,4410,2021-03-03,184.565,184.659,184.559,184.63,19450100
sh000012,4411,2021-03-04,184.647,184.697,184.599,184.612,7944500
sh000012,4412,2021-03-05,184.628,184.649,184.612,184.639,17347200
sh000012,4413,2021-03-08,184.687,184.731,184.655,184.691,10056200
sh000012,4414,2021-03-09,184.707,184.715,184.685,184.713,16839600
sh000012,4415,2021-03-10,184.729,184.805,184.722,184.795,17494700
sh000012,4416,2021-03-11,184.812,184.813,184.654,184.771,24030300
sh000012,4417,2021-03-12,184.783,184.786,184.744,184.752,8958300
sh000012,4418,2021-03-15,184.8,184.844,184.776,184.844,20943900
sh000012,4419,2021-03-16,184.86,184.865,184.762,184.842,14376200
sh000012,4420,2021-03-17,184.858,184.876,184.826,184.85,11986900
sh000012,4421,2021-03-18,184.872,184.872,184.834,184.868,17594800
sh000012,4422,2021-03-19,184.885,185.01,184.881,184.999,32112200
sh000012,4423,2021-03-22,185.048,185.057,184.986,185.032,22874900
sh000012,4424,2021-03-23,185.049,185.127,185.032,185.097,14629100
sh000012,4425,2021-03-24,185.115,185.165,185.101,185.113,46453100
sh000012,4426,2021-03-25,185.13,185.234,185.121,185.143,21758800
sh000012,4427,2021-03-26,185.16,185.167,185.092,185.135,13808100
sh000012,4428,2021-03-29,185.184,185.223,185.13,185.206,15123200
sh000012,4429,2021-03-30,185.223,185.262,185.175,185.251,32034900
sh000012,4430,2021-03-31,185.269,185.285,185.255,185.26,20117500
sh000012,4431,2021-04-01,185.258,185.345,185.244,185.328,13932300
sh000012,4432,2021-04-02,185.344,185.36,185.232,185.249,17428800
sh000012,4433,2021-04-06,185.315,185.579,185.306,185.398,12695900
sh000012,4434,2021-04-07,185.415,185.578,185.253,185.365,12344100
sh000012,4435,2021-04-08,185.381,185.615,185.321,185.347,20672100
sh000012,4436,2021-04-09,185.363,185.587,185.288,185.375,12925500
sh000012,4437,2021-04-12,185.424,185.794,185.417,185.654,21595000
sh000012,4438,2021-04-13,185.671,185.833,185.521,185.766,42399300
sh000012,4439,2021-04-14,185.782,185.875,185.611,185.777,26202300
sh000012,4440,2021-04-15,185.793,186.051,185.472,185.659,12492900
sh000012,4441,2021-04-16,185.675,185.729,185.672,185.707,16167100
sh000012,4442,2021-04-19,185.756,185.78,185.702,185.779,25980300
sh000012,4443,2021-04-20,185.796,185.834,185.676,185.681,15896100
sh000012,4444,2021-04-21,185.697,185.778,185.653,185.777,13498600
sh000012,4445,2021-04-22,185.794,185.797,185.755,185.794,23796800
sh000012,4446,2021-04-23,185.811,185.828,185.776,185.821,21980500
sh000012,4447,2021-04-26,185.868,185.902,185.73,185.767,20855200
sh000012,4448,2021-04-27,185.783,185.846,185.782,185.783,13191300
sh000012,4449,2021-04-28,185.799,185.837,185.79,185.837,9837300
sh000012,4450,2021-04-29,185.854,185.881,185.841,185.852,6475900
sh000012,4451,2021-04-30,185.869,185.916,185.862,185.916,15039700
sh000012,4452,2021-05-06,186.014,186.024,185.982,185.995,12130200
sh000012,4453,2021-05-07,186.012,186.052,186.009,186.01,15435600
sh000012,4454,2021-05-10,186.059,186.084,186.032,186.084,9702400
sh000012,4455,2021-05-11,186.101,186.249,186.051,186.098,15344700
sh000012,4456,2021-05-12,186.116,186.155,186.111,186.154,16509100
sh000012,4457,2021-05-13,186.17,186.27,186.134,186.265,19760800
sh000012,4458,2021-05-14,186.281,186.298,186.218,186.245,30464700
sh000012,4459,2021-05-17,186.294,186.302,186.253,186.276,15399800
sh000012,4460,2021-05-18,186.293,186.326,186.274,186.326,6459300
sh000012,4461,2021-05-19,186.342,186.368,186.342,186.368,14299300
sh000012,4462,2021-05-20,186.385,186.435,186.38,186.428,28310300
sh000012,4463,2021-05-21,186.445,186.5,186.441,186.499,28683900
sh000012,4464,2021-05-24,186.548,186.559,186.521,186.538,13541000
sh000012,4465,2021-05-25,186.555,186.569,186.469,186.502,23025700
sh000012,4466,2021-05-26,186.518,186.547,186.514,186.544,25677700
sh000012,4467,2021-05-27,186.56,186.58,186.54,186.547,11642400
sh000012,4468,2021-05-28,186.563,186.603,186.55,186.601,21498400
sh000012,4469,2021-05-31,186.65,186.673,186.562,186.621,15841500
sh000012,4470,2021-06-01,186.638,186.686,186.632,186.686,13769500
sh000012,4471,2021-06-02,186.702,186.717,186.699,186.716,13623700
sh000012,4472,2021-06-03,186.732,186.733,186.653,186.664,9987700
sh000012,4473,2021-06-04,186.68,186.69,186.603,186.612,20831600
sh000012,4474,2021-06-07,186.661,186.661,186.54,186.572,29353900
sh000012,4475,2021-06-08,186.589,186.589,186.523,186.549,20826400
sh000012,4476,2021-06-09,186.565,186.587,186.299,186.432,17561300
sh000012,4477,2021-06-10,186.449,186.529,186.335,186.522,20360100
sh000012,4478,2021-06-11,186.538,186.539,186.486,186.513,13971100
sh000012,4479,2021-06-15,186.578,186.585,186.461,186.504,36453100
sh000012,4480,2021-06-16,186.52,186.583,186.513,186.582,10631600
sh000012,4481,2021-06-17,186.599,186.68,186.585,186.661,9784100
sh000012,4482,2021-06-18,186.678,186.698,186.644,186.673,16094600
sh000012,4483,2021-06-21,186.723,186.733,186.581,186.733,16539900
sh000012,4484,2021-06-22,186.693,186.796,186.693,186.785,13268000
sh000012,4485,2021-06-23,186.801,186.808,186.787,186.808,6036100
sh000012,4486,2021-06-24,186.824,186.825,186.793,186.819,15759400
sh000012,4487,2021-06-25,186.836,186.91,186.825,186.909,9088400
sh000012,4488,2021-06-28,186.959,186.96,186.916,186.933,13090300
sh000012,4489,2021-06-29,186.95,186.977,186.748,186.754,7407100
sh000012,4490,2021-06-30,186.77,186.93,186.607,186.856,10238100
sh000012,4491,2021-07-01,186.873,186.886,186.739,186.811,11451200
sh000012,4492,2021-07-02,186.827,186.828,186.788,186.795,6869100
sh000012,4493,2021-07-05,186.846,186.848,186.8,186.801,20012100
sh000012,4494,2021-07-06,186.82,186.842,186.818,186.841,12483000
sh000012,4495,2021-07-07,186.858,186.893,186.854,186.893,15952800
sh000012,4496,2021-07-08,186.915,187.025,186.915,187.025,49222900
sh000012,4497,2021-07-09,187.042,187.059,187.035,187.052,33096700
sh000012,4498,2021-07-12,187.102,187.186,187.1,187.184,22575000
sh000012,4499,2021-07-13,187.201,187.333,187.193,187.327,20627300
sh000012,4500,2021-07-14,187.344,187.502,187.336,187.499,19987600
sh000012,4501,2021-07-15,187.514,187.532,187.478,187.532,26088100
sh000012,4502,2021-07-16,187.548,187.647,187.546,187.637,22862000
sh000012,4503,2021-07-19,187.686,187.727,187.619,187.726,9753200
sh000012,4504,2021-07-20,187.743,187.791,187.742,187.779,33942700
sh000012,4505,2021-07-21,187.796,187.847,187.733,187.847,14655000
sh000012,4506,2021-07-22,187.863,187.949,187.861,187.942,32642000
sh000012,4507,2021-07-23,187.956,187.972,187.942,187.972,12809000
sh000012,4508,2021-07-26,188.022,188.097,187.933,187.951,25326100
sh000012,4509,2021-07-27,187.967,188.09,187.956,188.04,19134000
sh000012,4510,2021-07-28,188.055,188.073,188.027,188.066,28716900
sh000012,4511,2021-07-29,188.082,188.105,188.048,188.102,15322000
sh000012,4512,2021-07-30,188.119,188.216,187.997,188.211,14467900
sh000012,4513,2021-08-02,188.261,188.54,188.261,188.448,35206500
sh000012,4514,2021-08-03,188.465,188.466,188.397,188.409,34556500
sh000012,4515,2021-08-04,188.424,188.475,188.408,188.475,34543300
sh000012,4516,2021-08-05,188.492,188.607,188.476,188.607,44854500
sh000012,4517,2021-08-06,188.622,188.674,188.56,188.665,20452500
sh000012,4518,2021-08-09,188.713,188.721,188.584,188.586,25394000
sh000012,4519,2021-08-10,188.603,188.626,188.576,188.614,64704300
sh000012,4520,2021-08-11,188.63,188.64,188.607,188.62,23038700
sh000012,4521,2021-08-12,188.636,188.666,188.636,188.662,18505500
sh000012,4522,2021-08-13,188.678,188.696,188.654,188.663,18055100
sh000012,4523,2021-08-16,188.711,188.734,188.651,188.666,11160400
sh000012,4524,2021-08-17,188.683,188.739,188.682,188.739,27302600
sh000012,4525,2021-08-18,188.755,188.85,188.74,188.826,29290900
sh000012,4526,2021-08-19,188.845,188.88,188.835,188.845,18477200
sh000012,4527,2021-08-20,188.862,188.95,188.844,188.932,55417200
sh000012,4528,2021-08-23,188.981,189.006,188.962,188.964,37236000
sh000012,4529,2021-08-24,188.982,188.982,188.936,188.968,72309900
sh000012,4530,2021-08-25,188.985,189.024,188.984,189.005,32257000
sh000012,4531,2021-08-26,189.021,189.021,188.973,188.992,22968800
sh000012,4532,2021-08-27,189.009,189.056,188.991,189.056,18608400
sh000012,4533,2021-08-30,189.105,189.114,189.093,189.114,13053700
sh000012,4534,2021-08-31,189.131,189.152,189.084,189.112,16172900
sh000012,4535,2021-09-01,189.129,189.212,189.128,189.175,31242800
sh000012,4536,2021-09-02,189.191,189.192,189.138,189.14,7776800
sh000012,4537,2021-09-03,189.157,189.177,189.142,189.174,21700100
sh000012,4538,2021-09-06,189.223,189.231,189.159,189.229,11623700
sh000012,4539,2021-09-07,189.246,189.247,189.201,189.208,20829800
sh000012,4540,2021-09-08,189.225,189.226,189.195,189.2,24260800
sh000012,4541,2021-09-09,189.216,189.231,189.21,189.212,15112900
sh000012,4542,2021-09-10,189.228,189.252,189.225,189.239,14325200
sh000012,4543,2021-09-13,189.289,189.37,189.279,189.354,10567200
sh000012,4544,2021-09-14,189.376,189.384,189.357,189.363,17663300
sh000012,4545,2021-09-15,189.379,189.4,189.372,189.379,14022100
sh000012,4546,2021-09-16,189.395,189.395,189.356,189.381,21880500
sh000012,4547,2021-09-17,189.383,189.416,189.382,189.396,26029600
sh000012,4548,2021-09-22,189.479,189.489,189.462,189.485,14615100
sh000012,4549,2021-09-23,189.503,189.53,189.495,189.53,24126100
sh000012,4550,2021-09-24,189.545,189.545,189.521,189.535,14086400
sh000012,4551,2021-09-27,189.584,189.585,189.47,189.557,24590200
sh000012,4552,2021-09-28,189.574,189.579,189.532,189.555,27125500
sh000012,4553,2021-09-29,189.571,189.599,189.518,189.583,73380600
sh000012,4554,2021-09-30,189.599,189.613,189.585,189.61,22518200
sh000012,4555,2021-10-08,189.732,189.788,189.723,189.778,16179600
sh000012,4556,2021-10-11,189.828,189.829,189.697,189.714,39190300
sh000012,4557,2021-10-12,189.731,189.731,189.656,189.715,41060400
sh000012,4558,2021-10-13,189.731,189.769,189.719,189.732,14911900
sh000012,4559,2021-10-14,189.749,189.756,189.708,189.728,9005200
sh000012,4560,2021-10-15,189.743,189.765,189.707,189.749,23231200
sh000012,4561,2021-10-18,189.797,189.819,189.47,189.607,30885900
sh000012,4562,2021-10-19,189.622,189.626,189.6,189.611,24318600
sh000012,4563,2021-10-20,189.628,189.707,189.628,189.676,26440300
sh000012,4564,2021-10-21,189.692,189.714,189.656,189.713,20130700
sh000012,4565,2021-10-22,189.73,189.742,189.704,189.739,16141000
sh000012,4566,2021-10-25,189.787,189.795,189.732,189.742,10234000
sh000012,4567,2021-10-26,189.758,189.814,189.681,189.737,12879000
sh000012,4568,2021-10-27,189.754,189.757,189.739,189.755,15599500
sh000012,4569,2021-10-28,189.771,189.776,189.73,189.732,19489000
sh000012,4570,2021-10-29,189.749,189.788,189.741,189.787,8270500
sh000012,4571,2021-11-01,189.836,189.877,189.772,189.87,28451700
sh000012,4572,2021-11-02,189.885,189.932,189.885,189.922,23801900
sh000012,4573,2021-11-03,189.939,189.954,189.895,189.895,17412400
sh000012,4574,2021-11-04,189.911,190.036,189.909,190.016,10746300
sh000012,4575,2021-11-05,190.034,190.084,190.026,190.052,19626800
sh000012,4576,2021-11-08,190.102,190.186,190.102,190.186,16718000
sh000012,4577,2021-11-09,190.202,190.205,190.182,190.197,23529600
sh000012,4578,2021-11-10,190.214,190.219,190.121,190.124,17635800
sh000012,4579,2021-11-11,190.141,190.248,190.125,190.244,20031100
sh000012,4580,2021-11-12,190.259,190.272,190.248,190.255,8191900
sh000012,4581,2021-11-15,190.305,190.305,190.222,190.29,13460700
sh000012,4582,2021-11-16,190.306,190.307,190.285,190.287,14976200
sh000012,4583,2021-11-17,190.304,190.406,190.303,190.39,15708100
sh000012,4584,2021-11-18,190.406,190.423,190.364,190.384,5972600
sh000012,4585,2021-11-19,190.4,190.457,190.4,190.436,21859300
sh000012,4586,2021-11-22,190.485,190.614,190.464,190.566,19716200
sh000012,4587,2021-11-23,190.583,190.678,190.576,190.591,23051500
sh000012,4588,2021-11-24,190.608,190.688,190.566,190.666,15410900
sh000012,4589,2021-11-25,190.683,190.702,190.662,190.7,15434900
sh000012,4590,2021-11-26,190.717,190.748,190.717,190.748,17261100
sh000012,4591,2021-11-29,190.799,190.799,190.765,190.774,12502900
sh000012,4592,2021-11-30,190.791,190.791,190.748,190.783,10128300
sh000012,4593,2021-12-01,190.799,190.839,190.798,190.806,15672300
sh000012,4594,2021-12-02,190.824,190.86,190.812,190.854,5781900
sh000012,4595,2021-12-03,190.87,190.877,190.833,190.851,15884000
sh000012,4596,2021-12-06,190.904,190.94,190.904,190.929,34700400
sh000012,4597,2021-12-07,190.946,190.948,190.775,190.817,37624700
sh000012,4598,2021-12-08,190.833,190.834,190.792,190.804,11112600
sh000012,4599,2021-12-09,190.821,190.833,190.805,190.833,15306200
sh000012,4600,2021-12-10,190.85,190.867,190.844,190.867,16620000
sh000012,4601,2021-12-13,190.916,190.916,190.886,190.89,23796200
sh000012,4602,2021-12-14,190.906,190.916,190.875,190.9,30618100
sh000012,4603,2021-12-15,190.916,190.944,190.895,190.942,7943800
sh000012,4604,2021-12-16,190.959,190.97,190.951,190.97,11207400
sh000012,4605,2021-12-17,190.977,190.987,190.948,190.982,56042700
sh000012,4606,2021-12-20,191.032,191.057,190.999,191.002,12868400
sh000012,4607,2021-12-21,191.018,191.167,191.017,191.167,9232400
sh000012,4608,2021-12-22,191.183,191.211,191.123,191.148,19400200
sh000012,4609,2021-12-23,191.164,191.216,191.163,191.21,17913700
sh000012,4610,2021-12-24,191.227,191.259,191.207,191.258,13353500
sh000012,4611,2021-12-27,191.308,191.373,191.291,191.338,27379100
sh000012,4612,2021-12-28,191.354,191.373,191.307,191.372,21637300
sh000012,4613,2021-12-29,191.389,191.436,191.375,191.43,19073200
sh000012,4614,2021-12-30,191.447,191.57,191.447,191.57,30799700
sh000012,4615,2021-12-31,191.586,191.628,191.549,191.567,27431100
sh000012,4616,2022-01-04,191.632,191.67,191.586,191.66,22354300
sh000012,4617,2022-01-05,191.673,191.691,191.647,191.688,16730300
sh000012,4618,2022-01-06,191.705,191.712,191.64,191.658,31058900
sh000012,4619,2022-01-07,191.675,191.698,191.64,191.651,25490300
sh000012,4620,2022-01-10,191.701,191.769,191.7,191.747,34136400
sh000012,4621,2022-01-11,191.764,191.783,191.757,191.775,29130300
sh000012,4622,2022-01-12,191.792,191.814,191.78,191.814,26340900
sh000012,4623,2022-01-13,191.831,191.841,191.82,191.82,31552500
sh000012,4624,2022-01-14,191.837,191.949,191.837,191.948,23567400
sh000012,4625,2022-01-17,191.998,192.052,191.981,192.047,34123000
sh000012,4626,2022-01-18,192.064,192.105,192.056,192.089,26413500
sh000012,4627,2022-01-19,192.107,192.235,192.1,192.233,43106200
sh000012,4628,2022-01-20,192.25,192.263,192.113,192.262,15070600
sh000012,4629,2022-01-21,192.279,192.348,192.278,192.328,23363000
sh000012,4630,2022-01-24,192.378,192.567,192.364,192.563,33339700
sh000012,4631,2022-01-25,192.58,192.593,192.559,192.593,23082100
sh000012,4632,2022-01-26,192.61,192.844,192.582,192.583,31068300
sh000012,4633,2022-01-27,192.6,192.702,192.592,192.686,15285400
sh000012,4634,2022-01-28,192.703,192.703,192.49,192.659,23893200
sh000012,4635,2022-02-07,192.818,192.848,192.687,192.831,25966900
sh000012,4636,2022-02-08,192.848,192.855,192.842,192.853,27559000
sh000012,4637,2022-02-09,192.87,192.875,192.804,192.841,33368200
sh000012,4638,2022-02-10,192.857,192.897,192.852,192.876,22159200
sh000012,4639,2022-02-11,192.891,192.891,192.8,192.822,52138200
sh000012,4640,2022-02-14,192.873,192.881,192.827,192.827,27087400
sh000012,4641,2022-02-15,192.843,192.868,192.829,192.866,36373500
sh000012,4642,2022-02-16,192.883,192.945,192.863,192.901,14914500
sh000012,4643,2022-02-17,192.918,192.933,192.91,192.911,23550700
sh000012,4644,2022-02-18,192.929,192.953,192.924,192.925,43206900
sh000012,4645,2022-02-21,192.975,193.026,192.904,193.022,33310700
sh000012,4646,2022-02-22,193.04,193.063,192.964,192.967,32488900
sh000012,4647,2022-02-23,192.984,193.02,192.941,192.996,24478400
sh000012,4648,2022-02-24,193.013,193.046,192.793,193.045,27442300
sh000012,4649,2022-02-25,193.06,193.081,193.056,193.08,14555200
sh000012,4650,2022-02-28,193.13,193.13,193.023,193.033,10977900
sh000012,4651,2022-03-01,193.049,193.049,193.017,193.036,25629200
sh000012,4652,2022-03-02,193.052,193.052,193.014,193.021,25728700
sh000012,4653,2022-03-03,193.037,193.133,193.032,193.104,28951300
sh000012,4654,2022-03-04,193.121,193.166,193.075,193.101,32053800
sh000012,4655,2022-03-07,193.152,193.152,193.087,193.109,69424300
sh000012,4656,2022-03-08,193.125,193.173,193.119,193.151,59073000
sh000012,4657,2022-03-09,193.167,193.167,193.065,193.085,20786300
sh000012,4658,2022-03-10,193.102,193.12,193.029,193.104,50455900
sh000012,4659,2022-03-11,193.12,193.188,193.028,193.107,45148000
sh000012,4660,2022-03-14,193.16,193.222,193.149,193.221,40128900
sh000012,4661,2022-03-15,193.238,193.24,193.157,193.16,29475700
sh000012,4662,2022-03-16,193.178,193.195,193.147,193.165,35972000
sh000012,4663,2022-03-17,193.181,193.182,193.113,193.144,20187600
sh000012,4664,2022-03-18,193.161,193.219,193.158,193.215,23553800
sh000012,4665,2022-03-21,193.265,193.302,193.223,193.283,13985200
sh000012,4666,2022-03-22,193.3,193.3,193.203,193.238,15665900
sh000012,4667,2022-03-23,193.253,193.271,193.153,193.162,18540500
sh000012,4668,2022-03-24,193.166,193.203,193.166,193.181,20301200
sh000012,4669,2022-03-25,193.197,193.246,193.175,193.234,15384700
sh000012,4670,2022-03-28,193.284,193.3,193.239,193.299,26544900
sh000012,4671,2022-03-29,193.315,193.331,193.295,193.326,35383500
sh000012,4672,2022-03-30,193.342,193.367,193.338,193.358,24382700
sh000012,4673,2022-03-31,193.374,193.382,193.312,193.373,21916800
sh000012,4674,2022-04-01,193.389,193.481,193.387,193.478,32216500
sh000012,4675,2022-04-06,193.561,193.625,193.527,193.625,17668700
sh000012,4676,2022-04-07,193.642,193.699,193.641,193.683,25856400
sh000012,4677,2022-04-08,193.7,193.806,193.7,193.801,15648600
sh000012,4678,2022-04-11,193.852,193.852,193.755,193.762,21547900
sh000012,4679,2022-04-12,193.778,193.857,193.764,193.856,21012000
sh000012,4680,2022-04-13,193.873,193.873,193.809,193.821,15509300
sh000012,4681,2022-04-14,193.772,193.902,193.772,193.878,26387800
sh000012,4682,2022-04-15,193.895,193.906,193.87,193.905,17213200
sh000012,4683,2022-04-18,193.953,193.953,193.923,193.929,28965300
sh000012,4684,2022-04-19,193.946,193.973,193.942,193.95,44237300
sh000012,4685,2022-04-20,193.967,193.967,193.807,193.868,26398200
sh000012,4686,2022-04-21,193.885,193.97,193.885,193.967,30990800
sh000012,4687,2022-04-22,193.983,194.025,193.97,194.001,27654700
sh000012,4688,2022-04-25,194.051,194.079,194.044,194.051,26333300
sh000012,4689,2022-04-26,194.068,194.079,194.034,194.071,23954600
sh000012,4690,2022-04-27,194.088,194.164,194.046,194.164,20725100
sh000012,4691,2022-04-28,194.18,194.18,194.117,194.125,17373300
sh000012,4692,2022-04-29,194.142,194.247,194.142,194.213,25585800
sh000012,4693,2022-05-05,194.312,194.312,194.244,194.272,7862600
sh000012,4694,2022-05-06,194.289,194.388,194.289,194.387,9608100
sh000012,4695,2022-05-09,194.437,194.452,194.384,194.384,17376700
sh000012,4696,2022-05-10,194.401,194.473,194.365,194.473,20026100
sh000012,4697,2022-05-11,194.489,194.513,194.465,194.497,11924700
sh000012,4698,2022-05-12,194.513,194.522,194.509,194.519,22304400
sh000012,4699,2022-05-13,194.536,194.536,194.438,194.484,37455200
sh000012,4700,2022-05-16,194.533,194.533,194.39,194.489,11014100
sh000012,4701,2022-05-17,194.506,194.533,194.492,194.529,8132400
sh000012,4702,2022-05-18,194.546,194.583,194.545,194.582,10748100
sh000012,4703,2022-05-19,194.599,194.628,194.557,194.579,15627900
sh000012,4704,2022-05-20,194.596,194.63,194.576,194.629,18339400
sh000012,4705,2022-05-23,194.678,194.752,194.665,194.751,20445200
sh000012,4706,2022-05-24,194.768,194.799,194.642,194.684,47649100
sh000012,4707,2022-05-25,194.7,194.933,194.7,194.92,19546000
sh000012,4708,2022-05-26,194.939,194.997,194.918,194.997,44304800
sh000012,4709,2022-05-27,195.014,195.099,195.002,195.091,30392700
sh000012,4710,2022-05-30,195.141,195.141,195.047,195.103,26648400
sh000012,4711,2022-05-31,195.12,195.12,195.076,195.083,27298800
sh000012,4712,2022-06-01,195.099,195.131,195.099,195.105,13145200
sh000012,4713,2022-06-02,195.122,195.127,195.1,195.125,13056600
sh000012,4714,2022-06-06,195.191,195.192,195.133,195.137,23061700
sh000012,4715,2022-06-07,195.154,195.215,195.152,195.178,35660600
sh000012,4716,2022-06-08,195.195,195.195,195.162,195.18,19336500
sh000012,4717,2022-06-09,195.196,195.228,195.195,195.226,18760300
sh000012,4718,2022-06-10,195.243,195.257,195.224,195.226,17558500
sh000012,4719,2022-06-13,195.276,195.276,195.235,195.247,8790000
sh000012,4720,2022-06-14,195.264,195.282,195.201,195.234,13210200
sh000012,4721,2022-06-15,195.251,195.29,195.232,195.234,15289500
sh000012,4722,2022-06-16,195.251,195.259,195.197,195.207,6088600
sh000012,4723,2022-06-17,195.224,195.332,195.22,195.33,13966700
sh000012,4724,2022-06-20,195.381,195.389,195.351,195.388,13302000
sh000012,4725,2022-06-21,195.405,195.449,195.404,195.446,9023600
sh000012,4726,2022-06-22,195.463,195.479,195.437,195.451,10938800
sh000012,4727,2022-06-23,195.468,195.489,195.354,195.354,17536400
sh000012,4728,2022-06-24,195.37,195.506,195.369,195.47,12350300
sh000012,4729,2022-06-27,195.519,195.519,195.472,195.497,42763200
sh000012,4730,2022-06-28,195.514,195.531,195.35,195.354,15043300
sh000012,4731,2022-06-29,195.37,195.435,195.33,195.431,23601800
sh000012,4732,2022-06-30,195.448,195.486,195.429,195.482,11836700
sh000012,4733,2022-07-01,195.499,195.545,195.494,195.521,20180300
sh000012,4734,2022-07-04,195.571,195.571,195.494,195.526,17840200
sh000012,4735,2022-07-05,195.542,195.542,195.511,195.513,23995000
sh000012,4736,2022-07-06,195.529,195.545,195.321,195.439,47991100
sh000012,4737,2022-07-07,195.448,195.451,195.422,195.441,27761000
sh000012,4738,2022-07-08,195.457,195.493,195.443,195.473,12522000
sh000012,4739,2022-07-11,195.523,195.631,195.522,195.63,34894700
sh000012,4740,2022-07-12,195.646,195.69,195.646,195.684,28461200
sh000012,4741,2022-07-13,195.694,195.723,195.694,195.712,28016900
sh000012,4742,2022-07-14,195.729,195.743,195.724,195.737,27095900
sh000012,4743,2022-07-15,195.753,195.812,195.727,195.808,45019700
sh000012,4744,2022-07-18,195.858,195.858,195.781,195.812,82363700
sh000012,4745,2022-07-19,195.828,195.836,195.82,195.835,26604700
sh000012,4746,2022-07-20,195.851,195.862,195.834,195.839,37986400
sh000012,4747,2022-07-21,195.852,195.889,195.852,195.888,57700500
sh000012,4748,2022-07-22,195.905,195.914,195.882,195.891,208962700
sh000012,4749,2022-07-25,195.941,196.023,195.937,196.023,99810000
sh000012,4750,2022-07-26,196.04,196.068,196.013,196.067,73900100
sh000012,4751,2022-07-27,196.083,196.101,196.072,196.088,103320700
sh000012,4752,2022-07-28,196.105,196.118,196.039,196.07,79479500
sh000012,4753,2022-07-29,196.088,196.17,196.088,196.158,30739600
sh000012,4754,2022-08-01,196.209,196.344,196.181,196.343,27932400
sh000012,4755,2022-08-02,196.359,196.393,196.358,196.38,22368700
sh000012,4756,2022-08-03,196.396,196.413,196.349,196.393,22328500
sh000012,4757,2022-08-04,196.41,196.448,196.409,196.442,28261000
sh000012,4758,2022-08-05,196.458,196.475,196.45,196.47,26670700
sh000012,4759,2022-08-08,196.52,196.52,196.472,196.472,12703400
sh000012,4760,2022-08-09,196.489,196.49,196.442,196.464,18370200
sh000012,4761,2022-08-10,196.481,196.505,196.468,196.5,15824500
sh000012,4762,2022-08-11,196.517,196.534,196.483,196.528,14337400
sh000012,4763,2022-08-12,196.544,196.557,196.534,196.555,12717200
sh000012,4764,2022-08-15,196.605,196.777,196.605,196.771,28227500
sh000012,4765,2022-08-16,196.787,196.93,196.787,196.93,27298500
sh000012,4766,2022-08-17,196.945,197.294,196.914,197.11,20939700
sh000012,4767,2022-08-18,197.127,197.367,196.974,197.093,20225700
sh000012,4768,2022-08-19,197.107,197.182,197.107,197.168,25739900
sh000012,4769,2022-08-22,197.218,197.25,197.218,197.242,18049600
sh000012,4770,2022-08-23,197.259,197.293,197.247,197.293,18607600
sh000012,4771,2022-08-24,197.309,197.394,197.305,197.365,18755900
sh000012,4772,2022-08-25,197.382,197.382,197.35,197.35,23322600
sh000012,4773,2022-08-26,197.367,197.369,197.343,197.352,17175500
sh000012,4774,2022-08-29,197.402,197.402,197.359,197.359,15664900
sh000012,4775,2022-08-30,197.376,197.452,197.376,197.449,15253000
sh000012,4776,2022-08-31,197.466,197.466,197.437,197.442,16979600
sh000012,4777,2022-09-01,197.459,197.488,197.452,197.479,13554700
sh000012,4778,2022-09-02,197.496,197.544,197.496,197.537,14283700
sh000012,4779,2022-09-05,197.587,197.61,197.562,197.61,11634800
sh000012,4780,2022-09-06,197.619,197.686,197.615,197.63,12156000
sh000012,4781,2022-09-07,197.646,197.703,197.632,197.702,17128500
sh000012,4782,2022-09-08,197.718,197.722,197.672,197.673,16584100
sh000012,4783,2022-09-09,197.689,197.74,197.689,197.735,22935500
sh000012,4784,2022-09-13,197.801,197.807,197.748,197.774,21476400
sh000012,4785,2022-09-14,197.793,197.793,197.711,197.712,36499600
sh000012,4786,2022-09-15,197.728,197.765,197.714,197.754,16920000
sh000012,4787,2022-09-16,197.77,197.778,197.74,197.755,13415800
sh000012,4788,2022-09-19,197.804,197.831,197.792,197.829,9984700
sh000012,4789,2022-09-20,197.846,197.868,197.844,197.868,12416200
sh000012,4790,2022-09-21,197.885,197.892,197.816,197.818,22480100
sh000012,4791,2022-09-22,197.835,197.864,197.827,197.861,17286700
sh000012,4792,2022-09-23,197.878,197.879,197.857,197.865,20602700
sh000012,4793,2022-09-26,197.914,197.914,197.841,197.848,17575700
sh000012,4794,2022-09-27,197.864,197.879,197.839,197.839,9807200
sh000012,4795,2022-09-28,197.856,197.863,197.846,197.855,13207300
sh000012,4796,2022-09-29,197.872,197.881,197.604,197.709,14257300
sh000012,4797,2022-09-30,197.725,197.868,197.712,197.84,17492500
sh000012,4798,2022-10-10,198.006,198.019,197.979,198.005,24584300
sh000012,4799,2022-10-11,198.017,198.05,198.015,198.033,20075900
sh000012,4800,2022-10-12,198.05,198.056,198.007,198.037,17888100
sh000012,4801,2022-10-13,198.053,198.057,198.022,198.04,10230200
sh000012,4802,2022-10-14,198.057,198.118,198.057,198.109,18424400
sh000012,4803,2022-10-17,198.159,198.211,198.14,198.199,19200400
sh000012,4804,2022-10-18,198.215,198.305,198.207,198.269,11421900
sh000012,4805,2022-10-19,198.286,198.314,198.286,198.299,15794900
sh000012,4806,2022-10-20,198.315,198.333,198.186,198.189,16680500
sh000012,4807,2022-10-21,198.206,198.222,198.193,198.221,13027600
sh000012,4808,2022-10-24,198.271,198.271,198.226,198.229,23982000
sh000012,4809,2022-10-25,198.246,198.385,198.213,198.379,17239300
sh000012,4810,2022-10-26,198.396,198.421,198.39,198.397,55865800
sh000012,4811,2022-10-27,198.413,198.464,198.413,198.463,22249700
sh000012,4812,2022-10-28,198.48,198.512,198.429,198.482,211991400
sh000012,4813,2022-10-31,198.535,198.589,198.337,198.584,54371100
sh000012,4814,2022-11-01,198.6,198.601,198.56,198.562,17175800
sh000012,4815,2022-11-02,198.579,198.584,198.546,198.555,11730700
sh000012,4816,2022-11-03,198.568,198.601,198.523,198.596,26294000
sh000012,4817,2022-11-04,198.609,198.611,198.547,198.573,42341600
sh000012,4818,2022-11-07,198.623,198.624,198.595,198.624,13318700
sh000012,4819,2022-11-08,198.641,198.641,198.629,198.636,18835800
sh000012,4820,2022-11-09,198.653,198.653,198.626,198.652,12144800
sh000012,4821,2022-11-10,198.668,198.671,198.647,198.652,10666000
sh000012,4822,2022-11-11,198.661,198.666,198.506,198.516,23535500
sh000012,4823,2022-11-14,198.568,198.568,198.414,198.417,60835600
sh000012,4824,2022-11-15,198.434,198.434,198.343,198.343,31349700
sh000012,4825,2022-11-16,198.359,198.363,198.285,198.287,44246100
sh000012,4826,2022-11-17,198.303,198.307,198.23,198.248,32780900
sh000012,4827,2022-11-18,198.264,198.284,198.216,198.228,15633600
sh000012,4828,2022-11-21,198.277,198.293,198.244,198.274,15429600
sh000012,4829,2022-11-22,198.291,198.301,198.258,198.279,18915100
sh000012,4830,2022-11-23,198.296,198.311,198.275,198.298,20889800
sh000012,4831,2022-11-24,198.319,198.365,198.31,198.364,20879100
sh000012,4832,2022-11-25,198.381,198.381,198.282,198.306,13449900
sh000012,4833,2022-11-28,198.354,198.368,198.259,198.368,19231900
sh000012,4834,2022-11-29,198.385,198.385,198.233,198.259,27617200
sh000012,4835,2022-11-30,198.275,198.276,198.165,198.197,28148800
sh000012,4836,2022-12-01,198.214,198.217,198.155,198.157,28734500
sh000012,4837,2022-12-02,198.174,198.257,198.172,198.255,17190800
sh000012,4838,2022-12-05,198.305,198.306,198.275,198.275,16221200
sh000012,4839,2022-12-06,198.292,198.318,198.286,198.293,14049200
sh000012,4840,2022-12-07,198.309,198.309,198.239,198.242,20481600
sh000012,4841,2022-12-08,198.258,198.287,198.253,198.272,21453200
sh000012,4842,2022-12-09,198.288,198.288,198.252,198.266,8472700
sh000012,4843,2022-12-12,198.313,198.364,198.312,198.327,7780900
sh000012,4844,2022-12-13,198.342,198.343,198.27,198.281,16935700
sh000012,4845,2022-12-14,198.297,198.298,198.224,198.241,23889000
sh000012,4846,2022-12-15,198.257,198.302,198.145,198.238,10338700
sh000012,4847,2022-12-16,198.255,198.255,198.19,198.252,4629900
sh000012,4848,2022-12-19,198.302,198.312,198.302,198.306,16642100
sh000012,4849,2022-12-20,198.323,198.382,198.201,198.201,15387800
sh000012,4850,2022-12-21,198.217,198.254,198.099,198.099,7838200
sh000012,4851,2022-12-22,198.115,198.229,198.114,198.227,11860000
sh000012,4852,2022-12-23,198.244,198.267,198.213,198.219,10433900
sh000012,4853,2022-12-26,198.269,198.45,198.265,198.444,15230800
sh000012,4854,2022-12-27,198.461,198.482,198.456,198.479,27984200
sh000012,4855,2022-12-28,198.496,198.496,198.405,198.418,7139200
sh000012,4856,2022-12-29,198.434,198.484,198.412,198.481,4925600
sh000012,4857,2022-12-30,198.497,198.513,198.497,198.511,14236600
sh000012,4858,2023-01-03,198.577,198.645,198.544,198.599,11821300
sh000012,4859,2023-01-04,198.616,198.652,198.612,198.652,43023600
sh000012,4860,2023-01-05,198.668,198.735,198.665,198.701,24166300
sh000012,4861,2023-01-06,198.718,198.718,198.683,198.716,22871500
sh000012,4862,2023-01-09,198.766,198.781,198.692,198.724,9303700
sh000012,4863,2023-01-10,198.741,198.761,198.722,198.757,6519200
sh000012,4864,2023-01-11,198.774,198.784,198.478,198.478,8425700
sh000012,4865,2023-01-12,198.494,198.747,198.481,198.745,9281300
sh000012,4866,2023-01-13,198.762,198.764,198.742,198.763,9085000
sh000012,4867,2023-01-16,198.812,198.812,198.767,198.767,15128900
sh000012,4868,2023-01-17,198.784,198.785,198.738,198.738,18003400
sh000012,4869,2023-01-18,198.755,198.774,198.746,198.746,8978200
sh000012,4870,2023-01-19,198.762,198.819,198.762,198.803,6934600
sh000012,4871,2023-01-20,198.82,198.868,198.819,198.863,5652500
sh000012,4872,2023-01-30,199.027,199.027,198.981,198.986,10342500
sh000012,4873,2023-01-31,199.003,199.02,198.876,199.017,13182500
sh000012,4874,2023-02-01,199.034,199.046,199.026,199.03,8867700
sh000012,4875,2023-02-02,199.045,199.06,199.029,199.06,16154100
sh000012,4876,2023-02-03,199.076,199.096,199.067,199.087,8998100
sh000012,4877,2023-02-06,199.136,199.224,199.047,199.085,28950400
sh000012,4878,2023-02-07,199.102,199.136,199.101,199.13,60972000
sh000012,4879,2023-02-08,199.146,199.147,199.097,199.142,30221500
sh000012,4880,2023-02-09,199.159,199.159,199.113,199.122,49143100
sh000012,4881,2023-02-10,199.138,199.159,199.106,199.116,79571100
sh000012,4882,2023-02-13,199.165,199.181,199.165,199.174,68345800
sh000012,4883,2023-02-14,199.191,199.191,199.171,199.182,77705200
sh000012,4884,2023-02-15,199.199,199.199,199.143,199.154,88414200
sh000012,4885,2023-02-16,199.17,199.222,199.162,199.168,79413100
sh000012,4886,2023-02-17,199.185,199.213,199.183,199.205,63868400
sh000012,4887,2023-02-20,199.255,199.266,199.225,199.235,106589700
sh000012,4888,2023-02-21,199.251,199.253,199.181,199.181,151817700
sh000012,4889,2023-02-22,199.197,199.22,199.19,199.217,132227800
sh000012,4890,2023-02-23,199.234,199.234,199.218,199.22,111043600
sh000012,4891,2023-02-24,199.237,199.241,199.225,199.239,138434100
sh000012,4892,2023-02-27,199.289,199.29,199.26,199.266,135547800
sh000012,4893,2023-02-28,199.283,199.283,199.267,199.275,137258000
sh000012,4894,2023-03-01,199.291,199.319,199.282,199.318,214229100
sh000012,4895,2023-03-02,199.334,199.38,199.276,199.28,228592300
sh000012,4896,2023-03-03,199.296,199.308,199.11,199.241,292105300
sh000012,4897,2023-03-06,199.291,199.394,199.291,199.378,366395800
sh000012,4898,2023-03-07,199.394,199.402,199.214,199.233,223820800
sh000012,4899,2023-03-08,199.249,199.453,199.249,199.451,183477400
sh000012,4900,2023-03-09,199.468,199.485,199.364,199.482,188147900
sh000012,4901,2023-03-10,199.499,199.533,199.485,199.531,241898100
sh000012,4902,2023-03-13,199.58,199.586,199.505,199.508,325718600
sh000012,4903,2023-03-14,199.525,199.596,199.524,199.594,247618800
sh000012,4904,2023-03-15,199.61,199.611,199.596,199.605,226522000
sh000012,4905,2023-03-16,199.622,199.626,199.558,199.584,215203700
sh000012,4906,2023-03-17,199.6,199.655,199.597,199.648,193408800
sh000012,4907,2023-03-20,199.695,199.729,199.688,199.72,167018500
sh000012,4908,2023-03-21,199.739,199.756,199.733,199.739,218363500
sh000012,4909,2023-03-22,199.755,199.765,199.714,199.732,221347100
sh000012,4910,2023-03-23,199.748,199.897,199.738,199.892,267786000
sh000012,4911,2023-03-24,199.909,199.916,199.88,199.887,260380800
sh000012,4912,2023-03-27,199.936,199.945,199.793,199.819,349857900
sh000012,4913,2023-03-28,199.836,199.861,199.832,199.859,343682100
sh000012,4914,2023-03-29,199.875,199.875,199.86,199.865,398222000
sh000012,4915,2023-03-30,199.879,199.895,199.876,199.882,345000800
sh000012,4916,2023-03-31,199.899,199.969,199.894,199.947,313594000
sh000012,4917,2023-04-03,199.997,200.003,199.662,199.779,365612900
sh000012,4918,2023-04-04,199.796,200.004,199.792,200.001,430777300
sh000012,4919,2023-04-06,200.034,200.048,200.03,200.038,428966500
sh000012,4920,2023-04-07,200.054,200.077,200.037,200.071,574875600
sh000012,4921,2023-04-10,200.12,200.276,200.12,200.242,1078575600
sh000012,4922,2023-04-11,200.259,200.276,200.142,200.231,840667200
sh000012,4923,2023-04-12,200.248,200.298,200.248,200.269,1086256700
sh000012,4924,2023-04-13,200.285,200.329,200.276,200.327,1016104900
sh000012,4925,2023-04-14,200.344,200.353,200.326,200.338,707416000
sh000012,4926,2023-04-17,200.387,200.407,200.374,200.395,974777500
sh000012,4927,2023-04-18,200.411,200.447,200.403,200.447,1155156600
sh000012,4928,2023-04-19,200.462,200.489,200.443,200.487,1127930100
sh000012,4929,2023-04-20,200.503,200.505,200.485,200.492,1320118400
sh000012,4930,2023-04-21,200.508,200.548,200.504,200.514,1195798400
sh000012,4931,2023-04-24,200.564,200.586,200.564,200.584,1363644800
sh000012,4932,2023-04-25,200.6,200.646,200.598,200.645,943880600
sh000012,4933,2023-04-26,200.662,200.67,200.653,200.667,1409647600
sh000012,4934,2023-04-27,200.683,200.746,200.683,200.745,1327379700
sh000012,4935,2023-04-28,200.762,200.769,200.757,200.768,1708096400
sh000012,4936,2023-05-04,200.867,200.908,200.791,200.904,1620706400
sh000012,4937,2023-05-05,200.92,201.06,200.918,201.042,2198694300
sh000012,4938,2023-05-08,201.092,201.126,201.088,201.123,1047073500
sh000012,4939,2023-05-09,201.14,201.164,201.132,201.144,1427420900
sh000012,4940,2023-05-10,201.16,201.251,201.14,201.244,1663570200
sh000012,4941,2023-05-11,201.259,201.318,201.063,201.304,998350300
sh000012,4942,2023-05-12,201.321,201.324,201.099,201.324,1233738400
sh000012,4943,2023-05-15,201.374,201.404,201.367,201.39,1610642900
sh000012,4944,2023-05-16,201.407,201.408,201.351,201.366,1636406300
sh000012,4945,2023-05-17,201.388,201.402,201.371,201.379,1470203600
sh000012,4946,2023-05-18,201.395,201.396,201.364,201.368,1444170400
sh000012,4947,2023-05-19,201.385,201.435,201.384,201.432,1287660400
sh000012,4948,2023-05-22,201.481,201.506,201.481,201.499,2122052900
sh000012,4949,2023-05-23,201.516,201.803,201.516,201.796,1711374200
sh000012,4950,2023-05-24,201.81,201.818,201.803,201.817,1855509800
sh000012,4951,2023-05-25,201.834,201.834,201.784,201.784,1741227400
sh000012,4952,2023-05-26,201.8,201.847,201.695,201.706,1668800100
sh000012,4953,2023-05-29,201.756,201.89,201.745,201.875,1826374500
sh000012,4954,2023-05-30,201.891,201.9,201.653,201.88,1651358600
sh000012,4955,2023-05-31,201.895,201.916,201.89,201.899,1743803900
sh000012,4956,2023-06-01,201.916,201.994,201.916,201.991,1988118200
sh000012,4957,2023-06-02,202.007,202.007,201.972,201.978,2076625400
sh000012,4958,2023-06-05,202.026,202.05,202.008,202.045,1957035900
sh000012,4959,2023-06-06,202.062,202.071,202.055,202.067,1744213000
sh000012,4960,2023-06-07,202.083,202.099,202.078,202.091,2165562700
sh000012,4961,2023-06-08,202.108,202.108,201.98,202.01,2629482400
sh000012,4962,2023-06-09,202.026,202.086,202.02,202.077,3022947900
sh000012,4963,2023-06-12,202.127,202.187,202.127,202.17,2865124200
sh000012,4964,2023-06-13,202.187,202.297,202.18,202.297,2125632700
sh000012,4965,2023-06-14,202.314,202.417,202.314,202.415,2956044000
sh000012,4966,2023-06-15,202.431,202.431,202.362,202.366,2612782900
sh000012,4967,2023-06-16,202.382,202.382,202.266,202.309,3253739500
sh000012,4968,2023-06-19,202.359,202.369,202.325,202.342,1988343400
sh000012,4969,2023-06-20,202.358,202.37,202.331,202.331,2922559300
sh000012,4970,2023-06-21,202.348,202.414,202.348,202.41,2872730800
sh000012,4971,2023-06-26,202.493,202.502,202.487,202.496,3094087100
sh000012,4972,2023-06-27,202.513,202.513,202.333,202.485,3467744200
sh000012,4973,2023-06-28,202.501,202.565,202.492,202.553,4018343200
sh000012,4974,2023-06-29,202.57,202.585,202.561,202.578,3156826000
sh000012,4975,2023-06-30,202.593,202.785,202.593,202.777,3593707500
sh000012,4976,2023-07-03,202.826,202.826,202.801,202.807,4849056900
sh000012,4977,2023-07-04,202.823,202.89,202.816,202.884,3747291800
sh000012,4978,2023-07-05,202.901,202.903,202.89,202.896,3573240600
sh000012,4979,2023-07-06,202.913,202.925,202.9,202.915,4089595500
sh000012,4980,2023-07-07,202.931,202.97,202.931,202.962,4048649400
sh000012,4981,2023-07-10,203.012,203.026,202.992,203.023,3776883500
sh000012,4982,2023-07-11,203.04,203.088,203.039,203.066,4541674800
sh000012,4983,2023-07-12,203.083,203.084,203.059,203.072,5300363300
sh000012,4984,2023-07-13,203.088,203.088,203.063,203.075,5309767200
sh000012,4985,2023-07-14,203.092,203.092,203.056,203.074,4645011700
sh000012,4986,2023-07-17,203.123,203.156,203.122,203.156,4997411500
sh000012,4987,2023-07-18,203.173,203.206,203.172,203.206,5474046900
sh000012,4988,2023-07-19,203.223,203.229,203.212,203.219,3575910200
sh000012,4989,2023-07-20,203.235,203.247,203.228,203.239,4224699500
sh000012,4990,2023-07-21,203.255,203.324,203.255,203.322,3393499000
sh000012,4991,2023-07-24,203.371,203.426,203.371,203.412,2824136700
sh000012,4992,2023-07-25,203.422,203.422,203.268,203.281,3307003100
sh000012,4993,2023-07-26,203.297,203.316,203.289,203.306,4539921600
sh000012,4994,2023-07-27,203.323,203.393,203.323,203.393,4740820100
sh000012,4995,2023-07-28,203.41,203.428,203.359,203.38,3215714600
sh000012,4996,2023-07-31,203.429,203.443,203.374,203.383,5167247300
sh000012,4997,2023-08-01,203.399,203.476,203.396,203.465,6425360100
sh000012,4998,2023-08-02,203.481,203.524,203.481,203.521,6649857800
sh000012,4999,2023-08-03,203.535,203.64,203.535,203.595,5738860100
sh000012,5000,2023-08-04,203.611,203.667,203.597,203.599,5968382200
sh000012,5001,2023-08-07,203.649,203.676,203.641,203.667,6994997900
sh000012,5002,2023-08-08,203.683,203.696,203.668,203.676,6957450600
sh000012,5003,2023-08-09,203.693,203.708,203.691,203.705,7242584800
sh000012,5004,2023-08-10,203.722,203.722,203.712,203.719,7888502600
sh000012,5005,2023-08-11,203.735,203.768,203.714,203.764,7395814800
sh000012,5006,2023-08-14,203.814,203.937,203.814,203.887,9115845200
sh000012,5007,2023-08-15,203.905,204.034,203.905,204.012,4652581900
sh000012,5008,2023-08-16,204.028,204.246,204.004,204.056,9152675200
sh000012,5009,2023-08-17,204.073,204.085,204.056,204.07,4643002600
sh000012,5010,2023-08-18,204.087,204.171,204.074,204.163,7634389000
sh000012,5011,2023-08-21,204.212,204.334,204.212,204.317,5756785500
sh000012,5012,2023-08-22,204.333,204.425,204.303,204.345,8345731900
sh000012,5013,2023-08-23,204.361,204.369,204.348,204.352,9384933300
sh000012,5014,2023-08-24,204.368,204.383,204.345,204.372,11315063900
sh000012,5015,2023-08-25,204.389,204.411,204.381,204.389,10684477600
sh000012,5016,2023-08-28,204.421,204.421,204.292,204.353,9317947300
sh000012,5017,2023-08-29,204.37,204.375,204.309,204.36,8604815400
sh000012,5018,2023-08-30,204.376,204.405,204.349,204.383,9149913700
sh000012,5019,2023-08-31,204.4,204.427,204.4,204.411,9696866500
sh000012,5020,2023-09-01,204.428,204.429,204.382,204.391,8084193300
sh000012,5021,2023-09-04,204.437,204.437,204.297,204.313,8851021800
sh000012,5022,2023-09-05,204.33,204.354,204.31,204.316,8952035600
sh000012,5023,2023-09-06,204.332,204.334,204.276,204.28,6512949200
sh000012,5024,2023-09-07,204.297,204.297,204.046,204.194,6392839900
sh000012,5025,2023-09-08,204.21,204.239,204.206,204.224,6357729100
sh000012,5026,2023-09-11,204.274,204.277,204.225,204.249,7935093100
sh000012,5027,2023-09-12,204.265,204.301,204.265,204.276,7281095300
sh000012,5028,2023-09-13,204.293,204.311,204.288,204.303,8198383000
sh000012,5029,2023-09-14,204.32,204.386,204.313,204.38,6170030800
sh000012,5030,2023-09-15,204.396,204.419,204.373,204.38,5224177100
sh000012,5031,2023-09-18,204.429,204.43,204.33,204.331,6462703800
sh000012,5032,2023-09-19,204.347,204.365,204.345,204.349,6461728100
sh000012,5033,2023-09-20,204.365,204.365,204.337,204.343,6720044200
sh000012,5034,2023-09-21,204.359,204.385,204.356,204.373,6739031500
sh000012,5035,2023-09-22,204.389,204.393,204.327,204.327,7293953800
sh000012,5036,2023-09-25,204.376,204.382,204.297,204.303,6009513000
sh000012,5037,2023-09-26,204.319,204.414,204.309,204.358,6454757800
sh000012,5038,2023-09-27,204.374,204.386,204.28,204.373,3950985300
sh000012,5039,2023-09-28,204.39,204.48,204.39,204.443,978520400
sh000012,5040,2023-10-09,204.624,204.624,204.547,204.587,5884883800
sh000012,5041,2023-10-10,204.603,204.603,204.561,204.575,7798472900
sh000012,5042,2023-10-11,204.592,204.592,204.5,204.508,5371330700
sh000012,5043,2023-10-12,204.524,204.524,204.479,204.511,7757691000
sh000012,5044,2023-10-13,204.527,204.571,204.495,204.569,7805862300
sh000012,5045,2023-10-16,204.618,204.636,204.599,204.625,9566698500
sh000012,5046,2023-10-17,204.642,204.642,204.594,204.594,8733733000
sh000012,5047,2023-10-18,204.611,204.615,204.545,204.568,8156816500
sh000012,5048,2023-10-19,204.584,204.584,204.517,204.523,5737957500
sh000012,5049,2023-10-20,204.538,204.586,204.538,204.581,4499334300
sh000012,5050,2023-10-23,204.631,204.68,204.631,204.644,7304248700
sh000012,5051,2023-10-24,204.661,204.661,204.568,204.588,6590102700
sh000012,5052,2023-10-25,204.605,204.656,204.594,204.648,5735442900
sh000012,5053,2023-10-26,204.665,204.71,204.663,204.71,5890842700
sh000012,5054,2023-10-27,204.726,204.729,204.706,204.707,6169933000
sh000012,5055,2023-10-30,204.756,204.779,204.749,204.758,7688635900
sh000012,5056,2023-10-31,204.774,204.8,204.744,204.794,6767544300
sh000012,5057,2023-11-01,204.81,204.853,204.809,204.852,7414265900
sh000012,5058,2023-11-02,204.868,204.937,204.682,204.928,8203835000
sh000012,5059,2023-11-03,204.945,204.945,204.911,204.927,4839188900
sh000012,5060,2023-11-06,204.976,204.995,204.955,204.984,7989945800
sh000012,5061,2023-11-07,205.001,205.01,204.968,204.969,7373999100
sh000012,5062,2023-11-08,204.986,204.99,204.94,204.977,6142207800
sh000012,5063,2023-11-09,204.994,205.229,204.994,205.211,7416379800
sh000012,5064,2023-11-10,205.228,205.267,205.21,205.254,7454252300
sh000012,5065,2023-11-13,205.304,205.347,205.299,205.326,7033670100
sh000012,5066,2023-11-14,205.343,205.344,205.131,205.137,6118086100
sh000012,5067,2023-11-15,205.153,205.164,205.125,205.159,6510865200
sh000012,5068,2023-11-16,205.175,205.214,205.175,205.204,5991899300
sh000012,5069,2023-11-17,205.22,205.254,205.089,205.251,5348369100
sh000012,5070,2023-11-20,205.3,205.303,205.247,205.263,4927991500
sh000012,5071,2023-11-21,205.28,205.288,205.265,205.276,6269174700
sh000012,5072,2023-11-22,205.293,205.293,205.256,205.263,6102716500
sh000012,5073,2023-11-23,205.28,205.28,205.194,205.218,6946076800
sh000012,5074,2023-11-24,205.235,205.256,205.233,205.255,5927218200
sh000012,5075,2023-11-27,205.304,205.304,205.23,205.235,6204686000
sh000012,5076,2023-11-28,205.25,205.256,205.183,205.21,5373263900
sh000012,5077,2023-11-29,205.226,205.231,205.144,205.219,6160186300
sh000012,5078,2023-11-30,205.235,205.264,205.234,205.253,6168604500
sh000012,5079,2023-12-01,205.27,205.273,205.264,205.269,6926472300
sh000012,5080,2023-12-04,205.317,205.318,205.26,205.268,5187855500
sh000012,5081,2023-12-05,205.284,205.291,205.259,205.274,4988415500
sh000012,5082,2023-12-06,205.291,205.292,205.273,205.279,5608150100
sh000012,5083,2023-12-07,205.295,205.299,205.223,205.298,6118734600
sh000012,5084,2023-12-08,205.315,205.407,205.311,205.398,4955264800
sh000012,5085,2023-12-11,205.447,205.498,205.437,205.498,5681580700
sh000012,5086,2023-12-12,205.514,205.522,205.508,205.516,7356882700
sh000012,5087,2023-12-13,205.532,205.623,205.532,205.619,6754370500
sh000012,5088,2023-12-14,205.636,205.685,205.611,205.676,6787727900
sh000012,5089,2023-12-15,205.693,205.907,205.682,205.733,5260828000
sh000012,5090,2023-12-18,205.783,205.823,205.775,205.812,5872186400
sh000012,5091,2023-12-19,205.829,205.87,205.814,205.865,5467925100
sh000012,5092,2023-12-20,205.882,205.893,205.878,205.891,6667429500
sh000012,5093,2023-12-21,205.908,205.916,205.562,205.612,5389907400
sh000012,5094,2023-12-22,205.627,205.706,205.614,205.702,4110722300
sh000012,5095,2023-12-25,205.751,205.872,205.747,205.861,6030684300
sh000012,5096,2023-12-26,205.878,205.913,205.858,205.901,5514933900
sh000012,5097,2023-12-27,205.917,205.946,205.904,205.917,6002693800
sh000012,5098,2023-12-28,205.934,205.996,205.934,205.991,5276352200
sh000012,5099,2023-12-29,206.007,206.04,206.006,206.034,3881487800
sh000012,5100,2024-01-02,206.099,206.112,206.062,206.073,4425024500
sh000012,5101,2024-01-03,206.09,206.09,205.996,206.017,6134750700
sh000012,5102,2024-01-04,206.034,206.176,206.034,206.176,6429751100
sh000012,5103,2024-01-05,206.193,206.328,206.193,206.318,5422470400
sh000012,5104,2024-01-08,206.367,206.732,206.349,206.725,4618347900
sh000012,5105,2024-01-09,206.741,206.879,206.741,206.872,4366736200
sh000012,5106,2024-01-10,206.888,206.892,206.871,206.888,5697455300
sh000012,5107,2024-01-11,206.906,206.906,206.869,206.885,4317234700
sh000012,5108,2024-01-12,206.902,206.911,206.844,206.862,3301499300
sh000012,5109,2024-01-15,206.91,206.921,206.882,206.913,3618476900
sh000012,5110,2024-01-16,206.93,206.964,206.896,206.896,3969292500
sh000012,5111,2024-01-17,206.913,206.947,206.901,206.945,3938392500
sh000012,5112,2024-01-18,206.961,207.021,206.825,206.906,3980718400
sh000012,5113,2024-01-19,206.923,207.144,206.919,207.135,4113116100
sh000012,5114,2024-01-22,207.184,207.316,207.18,207.292,4377964800
sh000012,5115,2024-01-23,207.308,207.319,207.277,207.279,3273264300
sh000012,5116,2024-01-24,207.296,207.303,207.234,207.248,4036741400
sh000012,5117,2024-01-25,207.265,207.315,207.265,207.313,3533409200
sh000012,5118,2024-01-26,207.33,207.463,207.309,207.462,3610276600
sh000012,5119,2024-01-29,207.512,207.555,207.502,207.55,4757450200
sh000012,5120,2024-01-30,207.567,207.876,207.567,207.871,3574862500
sh000012,5121,2024-01-31,207.888,208.072,207.888,208.067,3205611600
sh000012,5122,2024-02-01,208.084,208.217,207.911,208.184,3588462000
sh000012,5123,2024-02-02,208.2,208.203,208.109,208.155,3725361700
sh000012,5124,2024-02-05,208.214,208.386,208.214,208.334,2602222400
sh000012,5125,2024-02-06,208.35,208.354,208.24,208.264,3145110200
sh000012,5126,2024-02-07,208.28,208.297,208.234,208.277,2412596200
sh000012,5127,2024-02-08,208.293,208.357,208.289,208.329,371794600
sh000012,5128,2024-02-19,208.507,208.507,208.284,208.482,2653851700
sh000012,5129,2024-02-20,208.5,208.531,208.486,208.52,3028975900
sh000012,5130,2024-02-21,208.537,208.635,208.535,208.604,2664641500
sh000012,5131,2024-02-22,208.62,208.759,208.535,208.716,2948376200
sh000012,5132,2024-02-23,208.732,208.841,208.732,208.807,2692718100
sh000012,5133,2024-02-26,208.856,208.934,208.836,208.92,3686714200
sh000012,5134,2024-02-27,208.937,209.198,208.932,209.126,3056704100
sh000012,5135,2024-02-28,209.143,209.145,209.084,209.125,3803946800
sh000012,5136,2024-02-29,209.125,209.329,209.125,209.298,4526581400
sh000012,5137,2024-03-01,209.315,209.323,209.146,209.266,2658200500
sh000012,5138,2024-03-04,209.313,209.44,209.291,209.434,3745060300
sh000012,5139,2024-03-05,209.45,209.472,209.397,209.472,3109374100
sh000012,5140,2024-03-06,209.489,209.62,209.485,209.604,3759737100
sh000012,5141,2024-03-07,209.621,209.837,209.621,209.771,3089681400
sh000012,5142,2024-03-08,209.787,209.814,209.735,209.787,4035062700
sh000012,5143,2024-03-11,209.836,209.906,209.77,209.77,2883734300
sh000012,5144,2024-03-12,209.785,209.785,209.528,209.531,3063097000
sh000012,5145,2024-03-13,209.545,209.545,209.367,209.432,2585091800
sh000012,5146,2024-03-14,209.448,209.483,209.398,209.467,2924479600
sh000012,5147,2024-03-15,209.484,209.601,209.465,209.525,4189611100
sh000012,5148,2024-03-18,209.574,209.686,209.572,209.677,3704297100
sh000012,5149,2024-03-19,209.694,209.866,209.694,209.852,3140835100
sh000012,5150,2024-03-20,209.868,209.923,209.857,209.923,2810785900
sh000012,5151,2024-03-21,209.94,209.943,209.751,209.857,3061687000
sh000012,5152,2024-03-22,209.873,210.08,209.873,210.026,2299948900
sh000012,5153,2024-03-25,210.075,210.075,209.986,209.991,2148082100
sh000012,5154,2024-03-26,210.007,210.024,209.866,209.868,2630828000
sh000012,5155,2024-03-27,209.884,209.905,209.874,209.888,2418584100
sh000012,5156,2024-03-28,209.904,210.004,209.904,210.002,2679291400
sh000012,5157,2024-03-29,210.019,210.109,210.002,210.089,1926186700
sh000012,5158,2024-04-01,210.138,210.138,210.006,210.053,1787745000
sh000012,5159,2024-04-02,210.069,210.111,210.06,210.103,2103050500
sh000012,5160,2024-04-03,210.12,210.288,210.12,210.24,1822280000
sh000012,5161,2024-04-08,210.317,210.318,210.155,210.179,2106879600
sh000012,5162,2024-04-09,210.195,210.532,210.195,210.523,2479690700
sh000012,5163,2024-04-10,210.536,210.788,210.492,210.736,2684949400
sh000012,5164,2024-04-11,210.752,211.253,210.747,211.15,2375827200
sh000012,5165,2024-04-12,211.166,211.643,211.166,211.624,2114787700
sh000012,5166,2024-04-15,211.673,211.721,211.573,211.59,1761788800
sh000012,5167,2024-04-16,211.606,211.615,211.475,211.583,1886784800
sh000012,5168,2024-04-17,211.603,211.66,211.6,211.657,2055357100
sh000012,5169,2024-04-18,211.674,211.839,211.673,211.826,1900534100
sh000012,5170,2024-04-19,211.842,211.913,211.842,211.902,1909429100
sh000012,5171,2024-04-22,211.951,212.059,211.951,212.056,2234378800
sh000012,5172,2024-04-23,212.073,212.154,212.056,212.123,2165605400
sh000012,5173,2024-04-24,212.141,212.141,212.035,212.045,1783833000
sh000012,5174,2024-04-25,212.061,212.064,212.026,212.04,2110432700
sh000012,5175,2024-04-26,212.057,212.364,211.945,211.965,1122896600
sh000012,5176,2024-04-29,212.01,212.01,211.64,211.76,748990800
sh000012,5177,2024-04-30,211.775,211.873,211.765,211.855,806514600
sh000012,5178,2024-05-06,211.952,212.01,211.944,211.993,1245307700
sh000012,5179,2024-05-07,212.01,212.118,212.01,212.11,1631630800
sh000012,5180,2024-05-08,212.125,212.137,212.095,212.1,1778567500
sh000012,5181,2024-05-09,212.115,212.115,212.028,212.04,1768431900
sh000012,5182,2024-05-10,212.056,212.077,211.952,211.962,1677789600
sh000012,5183,2024-05-13,212.01,212.203,211.991,212.185,2130092600
sh000012,5184,2024-05-14,212.202,212.329,212.202,212.312,1881005300
sh000012,5185,2024-05-15,212.328,212.378,212.311,212.364,2264160300
sh000012,5186,2024-05-16,212.381,212.381,212.338,212.345,1528690500
sh000012,5187,2024-05-17,212.36,212.36,212.308,212.312,1610129400
sh000012,5188,2024-05-20,212.361,212.468,212.34,212.458,2279023500
sh000012,5189,2024-05-21,212.474,212.474,212.315,212.367,1774427700
sh000012,5190,2024-05-22,212.383,212.627,212.367,212.528,1621276800
sh000012,5191,2024-05-23,212.541,212.619,212.541,212.607,1908419400
sh000012,5192,2024-05-24,212.623,212.634,212.394,212.455,2037780600
sh000012,5193,2024-05-27,212.503,212.527,212.478,212.503,2112269700
sh000012,5194,2024-05-28,212.519,212.686,212.472,212.662,2082427100
sh000012,5195,2024-05-29,212.683,212.763,212.675,212.752,2337118800
sh000012,5196,2024-05-30,212.769,212.832,212.753,212.819,2535622600
sh000012,5197,2024-05-31,212.831,212.831,212.665,212.693,1732317600
sh000012,5198,2024-06-03,212.742,212.766,212.697,212.697,2253490100
sh000012,5199,2024-06-04,212.713,212.796,212.707,212.788,1585703500
sh000012,5200,2024-06-05,212.804,212.891,212.804,212.885,1816620800
sh000012,5201,2024-06-06,212.902,212.937,212.902,212.927,1840199800
sh000012,5202,2024-06-07,212.943,212.96,212.892,212.94,1424949000
sh000012,5203,2024-06-11,213.005,213.206,212.976,213.126,2060976500
sh000012,5204,2024-06-12,213.143,213.144,213.122,213.133,1587322400
sh000012,5205,2024-06-13,213.149,213.181,213.126,213.164,1735534000
sh000012,5206,2024-06-14,213.182,213.27,213.174,213.26,1982546000
sh000012,5207,2024-06-17,213.309,213.329,213.009,213.302,2769368200
sh000012,5208,2024-06-18,213.318,213.472,213.318,213.462,2283398000
sh000012,5209,2024-06-19,213.478,213.522,213.475,213.518,2269772800
sh000012,5210,2024-06-20,213.537,213.64,213.537,213.627,3212660400
sh000012,5211,2024-06-21,213.644,213.68,213.604,213.633,1830542700
sh000012,5212,2024-06-24,213.681,213.736,213.662,213.724,3160205100
sh000012,5213,2024-06-25,213.742,213.854,213.734,213.851,2654110000
sh000012,5214,2024-06-26,213.868,213.906,213.865,213.891,2678581600
sh000012,5215,2024-06-27,213.907,214.035,213.907,213.947,1858405900
sh000012,5216,2024-06-28,213.965,214.148,213.965,214.139,1497449000
sh000012,5217,2024-07-01,214.188,214.318,214.047,214.058,1134149900
sh000012,5218,2024-07-02,214.073,214.113,214.043,214.081,2494113900
sh000012,5219,2024-07-03,214.097,214.162,214.066,214.127,2680012300
sh000012,5220,2024-07-04,214.144,214.144,214.1,214.117,2258453500
sh000012,5221,2024-07-05,214.132,214.142,214.072,214.076,1886035000
sh000012,5222,2024-07-08,214.12,214.12,213.836,214.029,3090548700
sh000012,5223,2024-07-09,214.046,214.115,214.046,214.072,3344032700
sh000012,5224,2024-07-10,214.088,214.135,214.078,214.125,3723274600
sh000012,5225,2024-07-11,214.142,214.191,214.093,214.093,2362549200
sh000012,5226,2024-07-12,214.109,214.254,214.109,214.254,2588164100
sh000012,5227,2024-07-15,214.303,214.362,214.301,214.344,3052594600
sh000012,5228,2024-07-16,214.361,214.379,214.306,214.322,2369221100
sh000012,5229,2024-07-17,214.339,214.397,214.302,214.38,2931328900
sh000012,5230,2024-07-18,214.395,214.395,214.263,214.322,2838480900
sh000012,5231,2024-07-19,214.338,214.421,214.335,214.418,1880874200
sh000012,5232,2024-07-22,214.47,214.737,214.47,214.651,2743311100
sh000012,5233,2024-07-23,214.668,214.744,214.668,214.735,2762198700
sh000012,5234,2024-07-24,214.752,214.844,214.741,214.794,2826033100
sh000012,5235,2024-07-25,214.81,214.893,214.81,214.87,2431707500
sh000012,5236,2024-07-26,214.893,215.032,214.893,215.017,2549810600
sh000012,5237,2024-07-29,215.069,215.204,215.05,215.18,3160997300
sh000012,5238,2024-07-30,215.197,215.409,215.197,215.407,2677018700
sh000012,5239,2024-07-31,215.431,215.504,215.423,215.459,2552107900
sh000012,5240,2024-08-01,215.475,215.587,215.466,215.575,3525464000
sh000012,5241,2024-08-02,215.6,215.748,215.6,215.681,2232813600
sh000012,5242,2024-08-05,215.739,216.002,215.739,215.968,2743302200
sh000012,5243,2024-08-06,215.95,215.95,215.746,215.823,1745195600
sh000012,5244,2024-08-07,215.839,216.037,215.839,216.03,2303822600
sh000012,5245,2024-08-08,216.045,216.045,215.918,215.932,1374540300
sh000012,5246,2024-08-09,215.939,215.939,215.824,215.867,1844374400
sh000012,5247,2024-08-12,215.891,215.891,215.524,215.546,1370851200
sh000012,5248,2024-08-13,215.561,215.678,215.561,215.659,1747063600
sh000012,5249,2024-08-14,215.694,215.9,215.694,215.861,1835055600
sh000012,5250,2024-08-15,215.878,215.908,215.729,215.742,1683516100
sh000012,5251,2024-08-16,215.758,215.897,215.758,215.864,1960514900
sh000012,5252,2024-08-19,215.912,215.991,215.909,215.983,2129078400
sh000012,5253,2024-08-20,215.999,216.106,215.986,216.1,1549115300
sh000012,5254,2024-08-21,216.116,216.128,216.058,216.059,1054659600
sh000012,5255,2024-08-22,216.081,216.195,216.081,216.188,2065539700
sh000012,5256,2024-08-23,216.207,216.24,216.185,216.234,1969462200
sh000012,5257,2024-08-26,216.282,216.33,216.274,216.305,1593803200
sh000012,5258,2024-08-27,216.318,216.318,216.217,216.217,1387305400
sh000012,5259,2024-08-28,216.234,216.316,216.233,216.294,2337382200
sh000012,5260,2024-08-29,216.31,216.337,216.28,216.284,1831589600
sh000012,5261,2024-08-30,216.301,216.309,216.266,216.285,1134732700
sh000012,5262,2024-09-02,216.335,216.477,216.335,216.474,2582579800
sh000012,5263,2024-09-03,216.49,216.56,216.424,216.46,2917303500
sh000012,5264,2024-09-04,216.477,216.603,216.43,216.542,1664540900
sh000012,5265,2024-09-05,216.568,216.69,216.568,216.671,2751056600
sh000012,5266,2024-09-06,216.687,216.76,216.58,216.699,2211685400
sh000012,5267,2024-09-09,216.747,216.825,216.602,216.819,2764365700
sh000012,5268,2024-09-10,216.835,217.051,216.809,217.037,3011055500
sh000012,5269,2024-09-11,217.055,217.248,217.055,217.238,3237095300
sh000012,5270,2024-09-12,217.254,217.321,217.226,217.302,2894103900
sh000012,5271,2024-09-13,217.327,217.472,217.327,217.44,1499412100
sh000012,5272,2024-09-18,217.547,217.845,217.5,217.832,2898084500
sh000012,5273,2024-09-19,217.859,218.096,217.858,218.048,2307802200
sh000012,5274,2024-09-20,218.063,218.198,218.063,218.19,2589937000
sh000012,5275,2024-09-23,218.239,218.326,218.239,218.281,1709098800
sh000012,5276,2024-09-24,218.311,218.347,218.102,218.126,1116072900
sh000012,5277,2024-09-25,218.132,218.229,217.935,218.136,1733486900
sh000012,5278,2024-09-26,218.16,218.286,218.076,218.137,1035844800
sh000012,5279,2024-09-27,218.074,218.074,217.508,217.583,596029600
sh000012,5280,2024-09-30,217.475,217.475,216.828,216.946,749595000
sh000012,5281,2024-10-08,216.97,217.091,216.625,216.954,1094723400
sh000012,5282,2024-10-09,216.97,217.062,216.91,216.999,772312200
sh000012,5283,2024-10-10,217.018,217.401,216.997,217.373,984016600
sh000012,5284,2024-10-11,217.389,217.637,217.389,217.593,1067048100
sh000012,5285,2024-10-14,217.642,217.675,217.536,217.568,1088899800
sh000012,5286,2024-10-15,217.583,217.767,217.514,217.617,1282477300
sh000012,5287,2024-10-16,217.634,217.789,217.584,217.601,761422300
sh000012,5288,2024-10-17,217.617,217.736,217.53,217.64,964809100
sh000012,5289,2024-10-18,217.667,217.813,217.667,217.692,1212872900
sh000012,5290,2024-10-21,217.74,217.77,217.654,217.681,1352279300
sh000012,5291,2024-10-22,217.688,217.754,217.667,217.683,1338789100
sh000012,5292,2024-10-23,217.695,217.695,217.44,217.468,1276236400
sh000012,5293,2024-10-24,217.486,217.546,217.454,217.484,1277499000
sh000012,5294,2024-10-25,217.5,217.502,217.363,217.394,1196608500
sh000012,5295,2024-10-28,217.441,217.441,217.36,217.379,1163962600
sh000012,5296,2024-10-29,217.391,217.476,217.351,217.434,1537940200
sh000012,5297,2024-10-30,217.452,217.509,217.445,217.482,1473657700
sh000012,5298,2024-10-31,217.498,217.512,217.445,217.472,1302309100
sh000012,5299,2024-11-01,217.49,217.661,217.444,217.64,1334006600
sh000012,5300,2024-11-04,217.687,217.75,217.662,217.704,1274984900
sh000012,5301,2024-11-05,217.721,217.884,217.712,217.873,1194962800
sh000012,5302,2024-11-06,217.888,218.08,217.888,218.08,1130283600
sh000012,5303,2024-11-07,218.096,218.162,218.091,218.151,1012313300
sh000012,5304,2024-11-08,218.164,218.292,218.147,218.285,867599800
sh000012,5305,2024-11-11,218.332,218.336,218.266,218.291,1077379200
sh000012,5306,2024-11-12,218.308,218.467,218.307,218.444,1245394400
sh000012,5307,2024-11-13,218.463,218.503,218.439,218.47,1152149600
sh000012,5308,2024-11-14,218.485,218.485,218.347,218.379,1335825200
sh000012,5309,2024-11-15,218.394,218.486,218.39,218.47,968107100
sh000012,5310,2024-11-18,218.514,218.514,218.406,218.433,968888500
sh000012,5311,2024-11-19,218.449,218.522,218.413,218.513,941074000
sh000012,5312,2024-11-20,218.529,218.714,218.523,218.713,1018395500
sh000012,5313,2024-11-21,218.729,218.906,218.713,218.847,963946700
sh000012,5314,2024-11-22,218.863,218.899,218.851,218.892,983314000
sh000012,5315,2024-11-25,218.939,219.004,218.923,219.002,915531700
sh000012,5316,2024-11-26,219.02,219.087,219.013,219.087,935212100
sh000012,5317,2024-11-27,219.103,219.165,219.087,219.152,534732100
sh000012,5318,2024-11-28,219.165,219.25,219.094,219.207,524666000
sh000012,5319,2024-11-29,219.234,219.515,219.234,219.351,917106200
sh000012,5320,2024-12-02,219.417,219.71,219.417,219.678,1115203200
sh000012,5321,2024-12-03,219.702,219.74,219.664,219.731,884897500
sh000012,5322,2024-12-04,219.747,219.955,219.747,219.939,1020473900
sh000012,5323,2024-12-05,219.952,220.196,219.913,220.045,877290400
sh000012,5324,2024-12-06,220.06,220.077,220.0,220.022,828793000
sh000012,5325,2024-12-09,220.07,220.139,220.065,220.102,984743700
sh000012,5326,2024-12-10,220.183,220.779,220.183,220.688,747668100
sh000012,5327,2024-12-11,220.702,220.894,220.63,220.894,1127758800
sh000012,5328,2024-12-12,220.919,221.103,220.919,221.073,759402400
sh000012,5329,2024-12-13,221.113,221.475,221.104,221.473,787222000
sh000012,5330,2024-12-16,221.536,221.899,221.522,221.899,704755400
sh000012,5331,2024-12-17,221.906,221.911,221.812,221.894,1049598700
sh000012,5332,2024-12-18,221.91,222.032,221.701,221.798,921357500
sh000012,5333,2024-12-19,221.806,221.835,221.67,221.744,796377200
sh000012,5334,2024-12-20,221.788,222.124,221.788,222.088,921545800
sh000012,5335,2024-12-23,222.168,222.416,222.168,222.253,651385400
sh000012,5336,2024-12-24,222.265,222.365,222.214,222.259,604901000
sh000012,5337,2024-12-25,222.275,222.283,222.193,222.201,567636300
sh000012,5338,2024-12-26,222.215,222.256,222.156,222.156,557333700
sh000012,5339,2024-12-27,222.219,222.501,222.219,222.469,532374700
sh000012,5340,2024-12-30,222.527,222.527,222.415,222.427,570836400
sh000012,5341,2024-12-31,222.475,222.661,222.471,222.605,496558200
sh000012,5342,2025-01-02,222.676,223.163,222.676,223.126,751103400
sh000012,5343,2025-01-03,223.188,223.464,223.188,223.39,902969500
sh000012,5344,2025-01-06,223.432,223.579,223.409,223.562,1212818700
sh000012,5345,2025-01-07,223.578,223.636,223.466,223.499,1443355500
sh000012,5346,2025-01-08,223.517,223.558,223.479,223.516,1512364400
sh000012,5347,2025-01-09,223.53,223.534,223.366,223.378,1102547500
sh000012,5348,2025-01-10,223.351,223.351,223.142,223.243,738221900
sh000012,5349,2025-01-13,223.294,223.322,223.23,223.275,950464000
sh000012,5350,2025-01-14,223.288,223.296,223.179,223.211,839338900
sh000012,5351,2025-01-15,223.237,223.436,223.237,223.429,1001285500
sh000012,5352,2025-01-16,223.445,223.445,223.346,223.399,600511300
sh000012,5353,2025-01-17,223.415,223.461,223.362,223.384,548378700
sh000012,5354,2025-01-20,223.431,223.431,223.337,223.362,1070584600
sh000012,5355,2025-01-21,223.364,223.432,223.286,223.386,972495000
sh000012,5356,2025-01-22,223.408,223.55,223.408,223.527,895601500
sh000012,5357,2025-01-23,223.532,223.541,223.462,223.475,634777500
sh000012,5358,2025-01-24,223.49,223.49,223.384,223.422,409018300
sh000012,5359,2025-01-27,223.469,223.981,223.469,223.718,234405100
sh000012,5360,2025-02-05,223.855,224.014,223.826,223.999,385270100
sh000012,5361,2025-02-06,224.024,224.228,224.021,224.222,403588800
sh000012,5362,2025-02-07,224.238,224.278,224.226,224.243,511087100
sh000012,5363,2025-02-10,224.281,224.466,224.185,224.214,485496500
sh000012,5364,2025-02-11,224.229,224.289,224.22,224.237,496619700
sh000012,5365,2025-02-12,224.253,224.348,224.249,224.311,422345200
sh000012,5366,2025-02-13,224.32,224.322,224.278,224.296,416657100
sh000012,5367,2025-02-14,224.313,224.338,224.164,224.189,446111000
sh000012,5368,2025-02-17,224.212,224.212,224.06,224.095,526790700
sh000012,5369,2025-02-18,224.1,224.101,223.856,223.875,495026800
sh000012,5370,2025-02-19,223.89,223.949,223.863,223.864,475041000
sh000012,5371,2025-02-20,223.88,223.884,223.727,223.733,660343000
sh000012,5372,2025-02-21,223.746,223.746,223.528,223.556,782660100
sh000012,5373,2025-02-24,223.603,223.603,223.18,223.181,571653100
sh000012,5374,2025-02-25,223.197,223.352,223.181,223.305,561219300
sh000012,5375,2025-02-26,223.329,223.426,223.303,223.329,806444700
sh000012,5376,2025-02-27,223.345,223.345,223.192,223.195,582873100
sh000012,5377,2025-02-28,223.204,223.239,223.025,223.222,634451800
sh000012,5378,2025-03-03,223.269,223.437,223.237,223.41,827896900
sh000012,5379,2025-03-04,223.421,223.491,223.392,223.399,781976300
sh000012,5380,2025-03-05,223.407,223.514,223.4,223.497,856002100
sh000012,5381,2025-03-06,223.51,223.51,223.385,223.385,633293500
sh000012,5382,2025-03-07,223.397,223.397,223.028,223.066,758341300
sh000012,5383,2025-03-10,223.101,223.106,222.949,222.959,827459600
sh000012,5384,2025-03-11,222.972,222.976,222.544,222.554,669777600
sh000012,5385,2025-03-12,222.568,222.593,222.368,222.522,635748700
sh000012,5386,2025-03-13,222.535,222.667,222.522,222.604,499532900
sh000012,5387,2025-03-14,222.601,222.601,222.421,222.526,559205800
sh000012,5388,2025-03-17,222.558,222.558,222.227,222.244,661142700
sh000012,5389,2025-03-18,222.26,222.273,222.151,222.18,503642700
sh000012,5390,2025-03-19,222.197,222.228,222.019,222.02,394469200
sh000012,5391,2025-03-20,222.038,222.368,222.038,222.344,550594200
sh000012,5392,2025-03-21,222.363,222.463,222.346,222.453,570412000
sh000012,5393,2025-03-24,222.498,222.598,222.382,222.401,576242200
sh000012,5394,2025-03-25,222.452,222.591,222.452,222.585,569098200
sh000012,5395,2025-03-26,222.601,222.79,222.547,222.764,523140400
sh000012,5396,2025-03-27,222.78,222.913,222.78,222.887,629579200
sh000012,5397,2025-03-28,222.903,222.992,222.847,222.898,553564200
sh000012,5398,2025-03-31,222.941,222.993,222.874,222.894,523771800
sh000012,5399,2025-04-01,222.914,222.948,222.851,222.856,563730100
sh000012,5400,2025-04-02,222.872,223.093,222.872,223.078,707961300
sh000012,5401,2025-04-03,223.183,223.684,223.183,223.653,855833200
sh000012,5402,2025-04-07,223.837,224.279,223.837,224.248,707943500
sh000012,5403,2025-04-08,224.264,224.264,224.113,224.195,775263300
sh000012,5404,2025-04-09,224.233,224.272,224.18,224.227,889627100
sh000012,5405,2025-04-10,224.237,224.348,224.177,224.333,825496300
sh000012,5406,2025-04-11,224.35,224.44,224.343,224.422,565348700
sh000012,5407,2025-04-14,224.468,224.468,224.366,224.427,854880200
sh000012,5408,2025-04-15,224.443,224.512,224.443,224.493,767761000
sh000012,5409,2025-04-16,224.509,224.56,224.502,224.544,721764000
sh000012,5410,2025-04-17,224.559,224.559,224.476,224.495,765070600
sh000012,5411,2025-04-18,224.511,224.514,224.453,224.468,1078174400
sh000012,5412,2025-04-21,224.514,224.541,224.415,224.477,821907900
sh000012,5413,2025-04-22,224.492,224.572,224.483,224.487,1154186500
sh000012,5414,2025-04-23,224.502,224.502,224.384,224.478,851934700
sh000012,5415,2025-04-24,224.493,224.537,224.468,224.478,849556600
sh000012,5416,2025-04-25,224.495,224.563,224.47,224.48,1050044200
sh000012,5417,2025-04-28,224.526,224.589,224.521,224.536,1009146400
sh000012,5418,2025-04-29,224.551,224.722,224.521,224.614,889824500
sh000012,5419,2025-04-30,224.63,224.752,224.615,224.731,528534500
sh000012,5420,2025-05-06,224.822,224.848,224.786,224.79,944104300
sh000012,5421,2025-05-07,224.804,224.804,224.655,224.655,911991700
sh000012,5422,2025-05-08,224.674,224.84,224.674,224.774,1035121900
sh000012,5423,2025-05-09,224.789,224.841,224.76,224.762,1068721400
sh000012,5424,2025-05-12,224.807,224.807,224.607,224.673,1423189300
sh000012,5425,2025-05-13,224.681,224.681,224.576,224.652,1185528300
sh000012,5426,2025-05-14,224.667,224.677,224.576,224.576,1294570000
sh000012,5427,2025-05-15,224.593,224.641,224.568,224.593,1369377400
sh000012,5428,2025-05-16,224.607,224.607,224.428,224.444,1167562600
sh000012,5429,2025-05-19,224.49,224.589,224.49,224.588,1158780900
sh000012,5430,2025-05-20,224.609,224.802,224.575,224.575,1564483000
sh000012,5431,2025-05-21,224.59,224.631,224.575,224.618,1576261500
sh000012,5432,2025-05-22,224.633,224.641,224.564,224.575,1278867400
sh000012,5433,2025-05-23,224.59,224.633,224.519,224.575,1344634700
sh000012,5434,2025-05-26,224.62,224.655,224.594,224.615,1036397800
sh000012,5435,2025-05-27,224.631,224.632,224.52,224.523,1278882300
sh000012,5436,2025-05-28,224.537,224.549,224.484,224.521,1008212100
sh000012,5437,2025-05-29,224.531,224.531,224.375,224.384,1044149100
sh000012,5438,2025-05-30,224.407,224.497,224.407,224.481,929825200
sh000012,5439,2025-06-03,224.542,224.577,224.514,224.575,773883800
sh000012,5440,2025-06-04,224.592,224.627,224.58,224.614,1002961800
sh000012,5441,2025-06-05,224.628,224.692,224.598,224.602,1102286500
sh000012,5442,2025-06-06,224.619,224.681,224.619,224.665,1147774700
sh000012,5443,2025-06-09,224.716,224.786,224.704,224.781,1597911300
sh000012,5444,2025-06-10,224.796,224.939,224.796,224.927,1949048300
sh000012,5445,2025-06-11,224.944,224.97,224.906,224.953,2131026900
sh000012,5446,2025-06-12,224.97,225.015,224.94,224.953,1753835200
sh000012,5447,2025-06-13,224.968,225.022,224.954,225.017,1366640900
sh000012,5448,2025-06-16,225.063,225.106,225.063,225.102,2101819400
sh000012,5449,2025-06-17,225.116,225.197,225.095,225.189,2015361900
sh000012,5450,2025-06-18,225.204,225.276,225.167,225.254,2289307800
sh000012,5451,2025-06-19,225.274,225.37,225.274,225.348,1681222800
sh000012,5452,2025-06-20,225.363,225.482,225.352,225.48,2109307800
sh000012,5453,2025-06-23,225.525,225.581,225.485,225.544,2050003700
sh000012,5454,2025-06-24,225.559,225.562,225.474,225.476,1670107600
sh000012,5455,2025-06-25,225.491,225.497,225.392,225.396,1840007800
sh000012,5456,2025-06-26,225.411,225.462,225.405,225.454,1638237000
sh000012,5457,2025-06-27,225.469,225.522,225.469,225.515,2295347500
sh000012,5458,2025-06-30,225.56,225.613,225.499,225.61,1505356000
sh000012,5459,2025-07-01,225.625,225.68,225.6,225.664,2683671700
sh000012,5460,2025-07-02,225.679,225.807,225.679,225.799,2776261400
sh000012,5461,2025-07-03,225.814,225.822,225.744,225.789,2534285100
sh000012,5462,2025-07-04,225.804,226.101,225.802,225.881,2704242000
sh000012,5463,2025-07-07,225.925,226.013,225.919,226.011,2350622500
sh000012,5464,2025-07-08,226.026,226.026,225.962,225.967,1342974000
sh000012,5465,2025-07-09,225.982,225.984,225.942,225.957,1439348300
sh000012,5466,2025-07-10,225.972,225.976,225.904,225.907,2209413300
sh000012,5467,2025-07-11,225.92,225.966,225.858,225.942,1804159900
sh000012,5468,2025-07-14,225.986,225.986,225.873,225.893,1590935400
sh000012,5469,2025-07-15,225.911,225.986,225.881,225.929,1397579800
sh000012,5470,2025-07-16,225.944,226.017,225.942,226.016,2036882500
sh000012,5471,2025-07-17,226.03,226.047,226.013,226.041,1541086400
sh000012,5472,2025-07-18,226.056,226.066,225.993,226.015,1673739900
sh000012,5473,2025-07-21,226.057,226.057,225.923,225.949,1427053200
sh000012,5474,2025-07-22,225.964,225.968,225.789,225.81,1315555100
sh000012,5475,2025-07-23,225.802,225.802,225.459,225.567,1493338900
sh000012,5476,2025-07-24,225.582,225.593,225.446,225.552,1169838800
sh000012,5477,2025-07-25,225.55,225.582,225.476,225.502,1166637600
sh000012,5478,2025-07-28,225.561,225.636,225.561,225.619,1112045400
sh000012,5479,2025-07-29,225.634,225.634,225.457,225.469,1186658500
sh000012,5480,2025-07-30,225.479,225.52,225.398,225.469,1069944300
sh000012,5481,2025-07-31,225.499,225.641,225.499,225.629,1235301600
sh000012,5482,2025-08-01,225.644,225.693,225.601,225.666,1610160400
sh000012,5483,2025-08-04,225.725,225.798,225.702,225.714,1947230400
sh000012,5484,2025-08-05,225.729,225.774,225.708,225.756,2639153400
sh000012,5485,2025-08-06,225.77,225.805,225.748,225.79,2694892500
sh000012,5486,2025-08-07,225.816,225.889,225.797,225.871,2670139400
sh000012,5487,2025-08-08,225.886,225.905,225.819,225.821,1421970000
sh000012,5488,2025-08-11,225.865,225.865,225.719,225.832,2109152900
sh000012,5489,2025-08-12,225.847,225.851,225.717,225.721,1414596100
sh000012,5490,2025-08-13,225.733,225.79,225.668,225.751,2187386700
sh000012,5491,2025-08-14,225.766,225.776,225.61,225.67,2217714500
sh000012,5492,2025-08-15,225.685,225.706,225.568,225.593,2468975500
sh000012,5493,2025-08-18,225.618,225.618,225.249,225.263,2165000600
sh000012,5494,2025-08-19,225.274,225.276,225.14,225.14,3109874200
sh000012,5495,2025-08-20,225.177,225.244,225.063,225.11,2912043300
sh000012,5496,2025-08-21,225.119,225.122,224.989,225.071,4982711500
sh000012,5497,2025-08-22,225.086,225.112,224.945,224.961,2937906100
sh000012,5498,2025-08-25,225.002,225.119,224.978,225.066,3743995100
sh000012,5499,2025-08-26,225.086,225.139,225.014,225.091,1919459300
sh000012,5500,2025-08-27,225.107,225.241,225.087,225.224,1624660200
sh000012,5501,2025-08-28,225.239,225.246,225.078,225.107,1188222100
sh000012,5502,2025-08-29,225.121,225.128,225.025,225.06,1861813500
sh000012,5503,2025-09-01,225.104,225.166,225.08,225.158,3438044900
sh000012,5504,2025-09-02,225.169,225.206,225.047,225.07,3015840000
sh000012,5505,2025-09-03,225.088,225.191,225.088,225.176,4032408200
sh000012,5506,2025-09-04,225.198,225.383,225.198,225.383,4063190000
sh000012,5507,2025-09-05,225.397,225.406,225.139,225.142,5021365800
sh000012,5508,2025-09-08,225.185,225.185,225.056,225.063,3707801000
sh000012,5509,2025-09-09,225.077,225.077,224.942,224.955,2757607000
sh000012,5510,2025-09-10,224.969,224.969,224.63,224.703,2155283600
sh000012,5511,2025-09-11,224.721,224.792,224.631,224.654,2025470900
sh000012,5512,2025-09-12,224.669,224.715,224.651,224.703,2344101300
sh000012,5513,2025-09-15,224.747,224.768,224.675,224.676,2078896100
sh000012,5514,2025-09-16,224.68,224.708,224.55,224.696,2095946000
sh000012,5515,2025-09-17,224.711,224.921,224.71,224.911,2037603200
sh000012,5516,2025-09-18,224.925,224.925,224.829,224.833,1633393200
sh000012,5517,2025-09-19,224.846,224.855,224.68,224.718,1870098000
sh000012,5518,2025-09-22,224.764,224.796,224.725,224.741,2549287200
sh000012,5519,2025-09-23,224.752,224.752,224.44,224.464,1767507700
sh000012,5520,2025-09-24,224.483,224.486,224.191,224.21,1285308600
sh000012,5521,2025-09-25,224.218,224.218,224.026,224.165,1273352600
sh000012,5522,2025-09-26,224.179,224.276,224.179,224.271,789354900
sh000012,5523,2025-09-29,224.315,224.329,224.178,224.203,761898400
sh000012,5524,2025-09-30,224.213,224.33,224.179,224.282,725914100
sh000012,5525,2025-10-09,224.419,224.501,224.249,224.476,1080767500
sh000012,5526,2025-10-10,224.491,224.537,224.345,224.354,1772222400
sh000012,5527,2025-10-13,224.426,224.554,224.426,224.507,2055016700
sh000012,5528,2025-10-14,224.516,224.945,224.396,224.554,2663733300
sh000012,5529,2025-10-15,224.548,224.571,224.497,224.505,2701907700
sh000012,5530,2025-10-16,224.52,224.66,224.516,224.652,2010596100
sh000012,5531,2025-10-17,224.671,224.878,224.671,224.855,1922824000
sh000012,5532,2025-10-20,224.892,224.892,224.769,224.775,1564980400
sh000012,5533,2025-10-21,224.789,224.879,224.736,224.853,1798227200
sh000012,5534,2025-10-22,224.868,224.929,224.859,224.907,1578722200
sh000012,5535,2025-10-23,224.922,224.946,224.854,224.867,1492529300
sh000012,5536,2025-10-24,224.873,224.873,224.812,224.83,1141589000
sh000012,5537,2025-10-27,224.864,224.864,224.784,224.795,1236125200
sh000012,5538,2025-10-28,224.843,225.148,224.843,225.148,1198399600
sh000012,5539,2025-10-29,225.163,225.219,225.119,225.181,1232049700
sh000012,5540,2025-10-30,225.195,225.261,225.143,225.237,1200642000
sh000012,5541,2025-10-31,225.258,225.395,225.258,225.365,1098318100
sh000012,5542,2025-11-03,225.41,225.465,225.356,225.436,1147132300
sh000012,5543,2025-11-04,225.45,225.458,225.419,225.441,1701469700
sh000012,5544,2025-11-05,225.464,225.514,225.464,225.494,1598109700
sh000012,5545,2025-11-06,225.509,225.524,225.381,225.386,983903800
sh000012,5546,2025-11-07,225.401,225.417,225.362,225.375,1322196800
sh000012,5547,2025-11-10,225.416,225.454,225.389,225.39,1277875100
sh000012,5548,2025-11-11,225.404,225.409,225.355,225.362,1467091900
sh000012,5549,2025-11-12,225.376,225.49,225.368,225.486,1374013800
sh000012,5550,2025-11-13,225.501,225.505,225.436,225.443,1685002400
sh000012,5551,2025-11-14,225.457,225.469,225.43,225.444,1308028100
sh000012,5552,2025-11-17,225.488,225.554,225.485,225.531,743337400
sh000012,5553,2025-11-18,225.546,225.609,225.544,225.601,961561800
sh000012,5554,2025-11-19,225.616,225.616,225.527,225.531,1060420500
sh000012,5555,2025-11-20,225.545,225.579,225.518,225.529,879848300
sh000012,5556,2025-11-21,225.543,225.567,225.475,225.49,1282251600
sh000012,5557,2025-11-24,225.534,225.551,225.512,225.512,1701737000
sh000012,5558,2025-11-25,225.526,225.526,225.424,225.431,2132153600
sh000012,5559,2025-11-26,225.445,225.445,225.215,225.236,1873596600
sh000012,5560,2025-11-27,225.251,225.276,225.203,225.213,2328531700
sh000012,5561,2025-11-28,225.227,225.265,225.183,225.209,1713722300
sh000012,5562,2025-12-01,225.253,225.302,225.234,225.282,1831370800
sh000012,5563,2025-12-02,225.297,225.297,225.2,225.211,1696926500
sh000012,5564,2025-12-03,225.225,225.235,225.056,225.063,2146954300
sh000012,5565,2025-12-04,225.056,225.056,224.615,224.637,3008955700
sh000012,5566,2025-12-05,224.654,224.681,224.556,224.643,3097340200
sh000012,5567,2025-12-08,224.686,224.686,224.42,224.42,3060638000
sh000012,5568,2025-12-09,224.452,224.568,224.452,224.508,3760353600
sh000012,5569,2025-12-10,224.522,224.576,224.445,224.451,3619229100
sh000012,5570,2025-12-11,224.471,224.698,224.468,224.672,3380327500
sh000012,5571,2025-12-12,224.693,224.769,224.614,224.632,2311264000
sh000012,5572,2025-12-15,224.671,224.671,224.485,224.5,3278672600
sh000012,5573,2025-12-16,224.51,224.556,224.427,224.446,3759224100
sh000012,5574,2025-12-17,224.461,224.562,224.454,224.538,2946621900
sh000012,5575,2025-12-18,224.553,224.684,224.548,224.666,3915991700
sh000012,5576,2025-12-19,224.681,224.698,224.613,224.648,3476536700
sh000012,5577,2025-12-22,224.692,224.717,224.588,224.588,4517260000
sh000012,5578,2025-12-23,224.602,224.8,224.595,224.782,3540399500
sh000012,5579,2025-12-24,224.797,224.827,224.728,224.794,2732755700
sh000012,5580,2025-12-25,224.808,224.851,224.761,224.771,2076452100
sh000012,5581,2025-12-26,224.785,224.959,224.784,224.936,2511293200
sh000012,5582,2025-12-29,224.98,224.98,224.718,224.718,2680770300
sh000012,5583,2025-12-30,224.732,224.772,224.725,224.73,2426209000
sh000012,5584,2025-12-31,224.744,224.748,224.582,224.652,1607963200
sh000012,5585,2026-01-05,224.726,224.751,224.67,224.698,1912751700
sh000012,5586,2026-01-06,224.713,224.713,224.574,224.638,3721476500
sh000012,5587,2026-01-07,224.642,224.643,224.468,224.493,3559585500
sh000012,5588,2026-01-08,224.522,224.555,224.468,224.53,2969465300
sh000012,5589,2026-01-09,224.545,224.575,224.493,224.546,2774283800
sh000012,5590,2026-01-12,224.589,224.646,224.563,224.615,3352099500
sh000012,5591,2026-01-13,224.629,224.724,224.615,224.709,2847019700
sh000012,5592,2026-01-14,224.723,224.753,224.652,224.699,2544635000
sh000012,5593,2026-01-15,224.714,224.86,224.714,224.823,2435272900
sh000012,5594,2026-01-16,224.837,224.861,224.79,224.861,2055620200
sh000012,5595,2026-01-19,224.905,224.941,224.832,224.87,1988077900
sh000012,5596,2026-01-20,224.885,225.002,224.885,224.974,2534674600
sh000012,5597,2026-01-21,225.009,225.165,225.009,225.161,3233023300
sh000012,5598,2026-01-22,225.176,225.217,225.139,225.205,3136391100
sh000012,5599,2026-01-23,225.219,225.293,225.185,225.246,3436379200
sh000012,5600,2026-01-26,225.29,225.367,225.282,225.355,4528168800
sh000012,5601,2026-01-27,225.37,225.58,225.268,225.279,2945543100
sh000012,5602,2026-01-28,225.293,225.293,225.169,225.235,3895817700
sh000012,5603,2026-01-29,225.253,225.342,225.253,225.312,3153138300
sh000012,5604,2026-01-30,225.327,225.374,225.296,225.305,3007241100
sh000012,5605,2026-02-02,225.355,225.418,225.355,225.385,3589676500
sh000012,5606,2026-02-03,225.4,225.401,225.306,225.316,4352093900
sh000012,5607,2026-02-04,225.33,225.358,225.279,225.355,4060898100
sh000012,5608,2026-02-05,225.369,225.474,225.355,225.46,4807225600
sh000012,5609,2026-02-06,225.479,225.642,225.479,225.629,3638933100
sh000012,5610,2026-02-09,225.673,225.724,225.654,225.712,3152955200
sh000012,5611,2026-02-10,225.727,225.746,225.718,225.741,4727797400
sh000012,5612,2026-02-11,225.756,225.819,225.749,225.788,4135925900
sh000012,5613,2026-02-12,225.802,225.827,225.764,225.818,3880873800
sh000012,5614,2026-02-13,225.834,225.875,225.796,225.834,1078471200
sh000012,5615,2026-02-24,225.992,226.027,225.942,225.943,1859791700
sh000012,5616,2026-02-25,225.957,225.984,225.915,225.92,2999329300
sh000012,5617,2026-02-26,225.935,225.935,225.806,225.819,2358183900
sh000012,5618,2026-02-27,225.833,225.865,225.807,225.855,2544017700
sh000012,5619,2026-03-02,225.902,226.038,225.902,226.021,3004854100
sh000012,5620,2026-03-03,226.036,226.058,225.942,226.046,5002843000
sh000012,5621,2026-03-04,226.06,226.067,226.007,226.041,6018881800
sh000012,5622,2026-03-05,226.056,226.121,225.986,226.076,6534485900
sh000012,5623,2026-03-06,226.09,226.104,226.016,226.052,5429566500
sh000012,5624,2026-03-09,226.098,226.098,225.85,225.867,4623679700
sh000012,5625,2026-03-10,225.884,225.913,225.768,225.833,5225634100
sh000012,5626,2026-03-11,225.847,225.848,225.737,225.754,5069704000
sh000012,5627,2026-03-12,225.768,225.777,225.738,225.755,4125317400
sh000012,5628,2026-03-13,225.769,225.806,225.719,225.764,4388318600
